"","mu_w1","mu_w2","mu_w3","mu_w4","mu_w5","mu_alpha","mu_beta","mu_a_infl","mu_b_infl","mu_sigma_infl"
"1",0.91850807,0.9405331,0.86678203,1.0059362,0.98445792,3.0350952,0.23746838,0.2550923,0.10741812,0.15192215
"2",0.89404081,0.93573684,0.84055046,1.0178708,1.0962691,2.9325114,0.17623551,0.27910075,0.11290004,0.14385532
"3",0.8822308,0.88135522,0.99024361,0.97140336,1.0101343,2.9166652,0.22748557,0.2972423,0.1101755,0.13704866
"4",0.91340602,0.87694706,0.91557151,0.92375073,0.97270863,2.9989686,0.23369977,0.34327214,0.11489783,0.14593601
"5",0.99228533,0.88098793,0.87581939,0.96001733,0.97728197,2.7653845,0.29188132,0.38295073,0.11476747,0.14933344
"6",0.94480631,0.96234504,0.90193875,0.94065528,1.005911,2.6378414,0.26725233,0.34770995,0.12280098,0.14127768
"7",0.88318185,0.90023286,0.91995465,0.92591461,0.96422538,2.4398959,0.27718766,0.30617301,0.13282835,0.13861445
"8",0.87508786,0.92250787,0.91806961,0.93010975,1.0160254,2.0196249,0.2903385,0.30966223,0.12825006,0.13531198
"9",0.89955223,0.93409038,0.93363993,0.95148701,1.0461741,1.985062,0.30107257,0.31205954,0.12638593,0.13540419
"10",0.91346547,0.87993892,0.90796759,0.93995682,0.97216189,2.2626068,0.30517782,0.37200563,0.12833974,0.13689179
"11",0.88302044,0.94968976,0.94095906,0.95795777,1.0063604,2.2552208,0.33478695,0.39117787,0.12689026,0.13962566
"12",0.85925747,0.90055338,0.92612958,0.84276311,0.95565987,2.409029,0.33787615,0.37062095,0.13197541,0.13958897
"13",0.87382746,0.87971891,0.89090028,0.91644971,0.98029267,2.3638106,0.35158104,0.37480383,0.13913045,0.13900484
"14",0.82029608,0.89991538,0.96975939,0.98928075,1.0385152,2.0555503,0.32625804,0.36703326,0.14413902,0.13876687
"15",0.87977296,0.88978547,0.90020985,0.92628638,1.0049071,2.6955416,0.32729683,0.3475496,0.14483866,0.14160927
"16",0.81583266,0.87923191,0.96460593,0.98294815,0.92956348,2.6792241,0.35336799,0.31838013,0.14716896,0.13973384
"17",0.82764509,0.94415562,0.9552629,0.95154602,0.99360302,2.6039617,0.32027744,0.3273339,0.14256124,0.14077023
"18",0.85888548,0.89457137,0.91240124,0.95252536,0.95437452,2.8543643,0.33622906,0.31956613,0.14017138,0.14066584
"19",0.95891529,0.905204,0.87083736,0.93623515,0.9923675,2.5898875,0.36611782,0.31867054,0.13993784,0.14146673
"20",0.94467102,0.90106422,0.86983125,0.92947172,0.99491236,2.7817739,0.36916813,0.30993188,0.14101729,0.1378956
"21",0.93836594,0.88630857,0.86726457,0.93920212,0.99985074,2.7500989,0.36296625,0.30924877,0.13987652,0.1383645
"22",0.92694207,0.8829746,0.93551395,0.974886,1.0202609,2.5961613,0.34717862,0.34293151,0.13785019,0.14117868
"23",0.93363467,0.8771579,0.92250385,0.95766081,1.0089647,2.4359038,0.36778646,0.33484415,0.13436662,0.14156773
"24",0.86511787,0.90404813,0.88895013,0.92005714,0.96769913,2.7773078,0.29464756,0.33106578,0.13453173,0.1416941
"25",0.89455387,0.87137224,0.91167415,0.94361598,0.9374864,2.6654153,0.30945849,0.38994211,0.13183039,0.13885357
"26",0.8410664,0.91059946,0.89241403,0.97681777,0.94288762,2.6610386,0.30488395,0.39937179,0.12886141,0.13948213
"27",0.89990587,0.86980639,0.9247495,0.92670816,1.0106804,2.7664729,0.39479128,0.39178739,0.13139024,0.14136724
"28",0.93215348,0.8443094,0.91722516,0.94790998,0.97594925,2.6745261,0.33360876,0.4356456,0.12800673,0.14490978
"29",0.94959629,0.91307029,0.95430671,0.97379454,1.0423794,2.8397781,0.27191246,0.42736483,0.12355112,0.14451928
"30",0.97802903,0.89586838,0.93109616,0.98586792,1.0037015,2.8649511,0.30287315,0.41388307,0.12339467,0.13931261
"31",0.88047353,0.90992738,0.92454516,0.97929773,1.0017657,3.0297648,0.31421286,0.37507569,0.12770936,0.14563388
"32",0.92675221,0.91573744,0.91663696,0.95859952,1.0164207,3.1569534,0.30466199,0.37781189,0.1313097,0.14668172
"33",0.91980403,0.9160116,0.91708875,0.95910242,1.0050306,3.2583228,0.30401413,0.37460322,0.12962942,0.14773905
"34",0.84376589,0.89912214,0.89966476,0.9429958,0.97934389,2.8602592,0.29389013,0.39281466,0.12674118,0.14943713
"35",0.86064927,0.9261976,0.9464888,0.92877022,1.043153,2.5006867,0.38586872,0.36005642,0.12374378,0.1579432
"36",0.90200949,0.91840533,0.9382858,0.94865551,0.99427661,2.5481114,0.38512593,0.35944906,0.13074909,0.15928383
"37",0.86529514,0.91858315,0.93394122,0.87958331,0.95763165,2.3331167,0.36792421,0.38393609,0.13113928,0.15240832
"38",0.91143575,0.91760808,0.9299967,0.87176859,0.95731028,2.3748522,0.34437186,0.37680647,0.13193274,0.15417446
"39",0.90150581,0.92029538,0.94905308,0.93244922,1.0011146,2.4826798,0.39786468,0.41541703,0.12890923,0.14990279
"40",0.89295412,0.84630916,0.83559824,0.93711276,0.99116626,2.5218756,0.3699344,0.38841555,0.1350019,0.14913922
"41",0.86783015,0.89792271,0.85413539,0.92509528,0.97016716,2.3471795,0.36463358,0.37969516,0.13385119,0.1445314
"42",0.87812028,0.89175784,0.8656628,0.87544355,0.96585453,2.3266041,0.3444821,0.37017491,0.12789981,0.14528386
"43",0.86250651,0.8880747,0.83777148,0.89367203,0.93889622,2.4593917,0.30932752,0.3565131,0.12770336,0.14468124
"44",0.8908127,0.91750545,0.92371194,0.96334955,1.047767,2.2169939,0.24646581,0.41379565,0.11847559,0.13859965
"45",0.93578625,0.87309291,0.8783078,0.94120262,0.98243705,2.1164417,0.22770206,0.45484275,0.1218411,0.14424259
"46",0.93078282,0.91461549,0.9269434,1.0003653,1.0127545,1.9552081,0.26482295,0.44755997,0.13779227,0.14488688
"47",0.87739525,0.96302978,0.94195949,0.98316277,1.0367914,2.0925703,0.34092799,0.41296829,0.13125096,0.1406835
"48",0.9009188,0.96357199,0.91742008,0.95984951,1.0256102,1.4903587,0.36349606,0.39828798,0.12029557,0.13776774
"49",0.89364172,0.96852856,0.92670229,0.95461441,1.0298136,1.5420575,0.34520674,0.39352824,0.12285788,0.13660734
"50",0.89180506,0.96993451,0.96985357,0.97212286,1.0530737,1.7910533,0.41187148,0.36087082,0.13064154,0.13597159
"51",0.89827228,0.88913475,0.96094203,0.93094843,1.0350858,1.9004564,0.37757609,0.37117807,0.12942572,0.13256767
"52",0.91224795,0.94612331,0.9825959,0.97546008,1.0522082,1.8251483,0.33311462,0.3428977,0.12463879,0.1347241
"53",0.87904822,0.9492365,0.92757547,0.93830147,0.99927785,1.9329508,0.28285559,0.38264385,0.12655545,0.13401279
"54",0.88147144,0.91567612,0.94886608,0.94287802,1.0124543,2.2017197,0.25994547,0.385333,0.12358189,0.13518235
"55",0.82157681,0.92111207,0.92484739,0.94423349,0.94356037,1.8490584,0.24979297,0.45759485,0.11915374,0.13362033
"56",0.82534665,0.92305065,0.92338644,0.94489049,0.94759688,1.8463551,0.25342199,0.45799473,0.11870818,0.1349157
"57",0.87012112,0.91591083,0.91524097,0.95074097,0.98100101,2.0132377,0.23366171,0.43713955,0.11788954,0.13987815
"58",0.88037293,0.92633939,0.91302207,1.0025031,1.0402299,1.9147138,0.19173718,0.46310667,0.11763748,0.13990789
"59",0.95476029,0.95093998,0.9687472,0.94125881,1.0704467,1.6856324,0.21584491,0.43639815,0.11331215,0.13487942
"60",0.91792153,0.90268985,0.95962716,0.99923078,1.0629108,1.7489409,0.26177336,0.41199663,0.11549181,0.13955313
"61",0.8832325,0.8919053,0.93466518,0.91655161,0.9811555,2.0401266,0.18177558,0.37469822,0.12900841,0.13203595
"62",0.89812112,0.83359308,0.96389698,0.96914428,0.99924489,1.9955645,0.14513278,0.36944699,0.12740658,0.12562649
"63",0.87840516,0.93092769,0.92450215,0.95424486,1.024945,1.7374017,0.18432388,0.36134244,0.12967227,0.12666573
"64",0.9334576,0.91588921,0.91064968,0.98636193,0.99318643,1.8119597,0.20239567,0.381876,0.12761027,0.12755846
"65",0.89803771,0.9157865,0.9753682,0.97133316,1.0110139,1.5607122,0.13623303,0.35693588,0.12938991,0.13048365
"66",0.94869803,0.91820348,0.98622051,0.96971422,1.0444671,1.6276537,0.13790031,0.36547342,0.13277139,0.13118786
"67",0.96238052,0.93491228,0.9902788,0.95934276,1.0683796,1.5512651,0.17649386,0.36916048,0.13359647,0.13190551
"68",0.95842435,0.92649515,0.9916885,0.94585717,1.0718905,1.7387346,0.14571162,0.37107454,0.1314718,0.13251111
"69",0.90025799,0.88640036,0.9577749,0.96787463,1.0236257,1.6613821,0.20729598,0.39979595,0.1307278,0.13415321
"70",0.86775691,0.84305552,0.84420555,0.9540569,0.99243235,1.9828084,0.1726213,0.41309916,0.12366304,0.12997132
"71",0.84835624,0.85634569,0.84218073,0.9668753,0.98899733,1.960686,0.1545189,0.4112902,0.12241437,0.1285158
"72",0.95010794,0.97321823,0.88032308,0.90327586,1.0729861,1.9498918,0.19174672,0.38838181,0.12770009,0.12963437
"73",0.92707246,0.89809731,0.96275026,0.89783624,1.0602121,2.0273022,0.23643709,0.36808145,0.13032992,0.12742688
"74",0.89968669,0.92566349,0.89194714,0.94490508,1.0438875,2.2508275,0.28543287,0.35227237,0.13184386,0.13347043
"75",0.87085531,0.89585437,0.95695195,0.94826292,1.0353336,2.2298316,0.2756104,0.39663847,0.13544788,0.13426398
"76",0.847929,0.9298792,0.91592732,1.0006892,1.0723651,2.2042319,0.31019181,0.3976401,0.13683999,0.13505013
"77",0.83165172,0.94282767,0.93477009,0.97482164,1.1020539,2.2065697,0.28706027,0.39421137,0.14506749,0.13583678
"78",0.86792975,0.94761284,0.92757,1.03391,1.0192288,2.1381976,0.27048178,0.39091087,0.14193832,0.13698214
"79",0.88523494,0.86129917,0.88808578,0.96641335,1.0028315,1.8859451,0.28157778,0.38835638,0.13563645,0.13772274
"80",0.90992587,0.92524483,0.90132155,0.94574271,0.96298927,1.7814392,0.23902126,0.34335577,0.12631242,0.13438139
"81",0.82260684,0.92095226,0.92504604,0.99044172,1.0203132,1.7873256,0.27874665,0.36383334,0.13006748,0.13967906
"82",0.82973185,0.92709211,0.86880906,0.87356442,0.99060596,1.9564964,0.21758039,0.37535862,0.12887664,0.13279673
"83",0.90723138,0.88613302,0.9177344,0.96315654,1.0033391,2.2238964,0.16907756,0.34666055,0.13595668,0.13087603
"84",0.91636506,0.89883402,0.90288848,0.96375926,0.98961866,2.1785557,0.15687237,0.34493305,0.13560427,0.12882984
"85",0.86734006,0.88332637,0.89851735,0.90968559,0.98472261,2.5476636,0.14964087,0.34129902,0.13458068,0.13224184
"86",0.91915748,0.92678538,0.92539767,0.99180397,1.0009466,2.3817566,0.15638164,0.40675563,0.14186044,0.13727093
"87",0.93655191,0.92806678,0.91597266,1.0050974,0.96900316,2.4498202,0.11742353,0.40368374,0.13541541,0.13438218
"88",0.95950903,0.89047092,0.92448983,0.93480188,1.0009578,2.3245411,0.18802019,0.43885932,0.13462944,0.13038276
"89",0.86227647,0.84634911,0.9089375,0.92138546,0.95117621,2.4388926,0.16717086,0.46120727,0.1370086,0.13465271
"90",0.93682425,0.92372251,0.94854633,0.94148049,1.0294625,2.3479584,0.19229993,0.45780832,0.14356169,0.13387886
"91",0.90469654,0.93283879,0.90664797,0.9381608,0.99446677,2.38708,0.17077567,0.45290108,0.14684348,0.13682819
"92",0.93393936,0.90796047,0.93229921,0.93359946,0.98419912,2.4297368,0.22392193,0.46363936,0.14019162,0.13196929
"93",0.92229007,0.93691696,0.93445932,0.94814861,1.0234126,2.4198415,0.21867353,0.43241879,0.13542488,0.13490732
"94",0.86673002,0.88318833,0.89731259,0.9495872,1.0149808,2.316133,0.24489832,0.41648794,0.13004375,0.1294548
"95",0.86898513,0.9098093,0.90097722,0.93801744,0.97403072,2.3191193,0.20666263,0.43784943,0.13946527,0.13093481
"96",0.92298948,0.92691446,0.9836019,1.0365061,1.0299063,2.2844224,0.17280937,0.39780164,0.1631452,0.12430696
"97",0.84636614,0.84265366,0.90251653,0.85873578,0.97688032,2.305727,0.26808269,0.39115505,0.16769147,0.12931442
"98",0.86431647,0.86587218,0.89386264,0.95442933,0.97477858,2.2809945,0.27756823,0.40606943,0.166287,0.13392409
"99",0.90571224,0.9268969,0.99454719,0.99275161,1.0262659,1.8657362,0.32197719,0.37156551,0.14165704,0.13276285
"100",0.87648434,0.92640691,0.92148976,0.93371328,1.0276332,2.2373255,0.32961676,0.34292534,0.12653831,0.13321981
"101",0.8772214,0.87722964,0.88128382,0.98758924,1.0314377,2.1749586,0.29035742,0.3576205,0.12986165,0.13361842
"102",0.8778997,0.95015032,0.92822205,0.97966827,0.99184039,2.259801,0.30746211,0.34567074,0.14002235,0.13710207
"103",0.90806093,0.89097197,0.91175753,1.0144029,1.0198255,2.2883892,0.22847882,0.34087276,0.1416305,0.14107985
"104",0.91242121,0.94063683,0.9389771,0.97734157,1.0136337,2.1421373,0.2626189,0.33259028,0.14434231,0.14146929
"105",0.88870091,0.90121361,0.8767527,0.9238463,1.0067876,2.5467557,0.2272503,0.34279215,0.1335416,0.1402505
"106",0.80241575,0.87408117,0.90109547,0.95813231,0.98186933,2.39257,0.23886947,0.34330299,0.12435969,0.13824539
"107",0.78834263,0.8708979,0.98049993,0.87526321,0.95617756,2.658051,0.17220811,0.33162339,0.11769666,0.13857527
"108",0.86083293,0.89849869,0.90151663,0.93774781,1.0014693,2.6070647,0.25802509,0.36173413,0.12578525,0.13962223
"109",0.95810688,0.96783374,0.9736609,0.89503395,1.053985,2.1178596,0.24512469,0.39386221,0.11142817,0.14823059
"110",0.96069303,0.92702349,1.039925,1.0484041,1.0652712,2.3728502,0.27003016,0.4206989,0.11675456,0.14396492
"111",0.95029066,0.93690531,1.0152097,1.0331259,1.0608281,2.4433714,0.25174972,0.45141378,0.11771734,0.14237533
"112",0.98136777,0.94592064,0.98360474,1.0764987,1.0281246,2.4212096,0.27062877,0.43119678,0.1176482,0.14127767
"113",0.87561783,0.90645436,0.93000953,0.9955176,1.0387074,2.0169738,0.24554625,0.40163615,0.10421125,0.14337559
"114",0.86887962,0.91562891,0.90910809,0.98582808,1.0375341,2.1766228,0.28935435,0.36853344,0.10271138,0.14501498
"115",0.87208366,0.8959578,0.90113461,0.9673647,1.0165056,1.9961262,0.21921531,0.35876218,0.10951558,0.14151423
"116",0.90653021,0.88769502,0.8249595,0.96060756,0.96804133,2.0342062,0.17268575,0.37658039,0.10493041,0.14473134
"117",0.96160712,0.93568408,0.88448196,0.93686656,1.0096981,1.7419293,0.17256858,0.36524377,0.10817344,0.14534877
"118",0.79569298,0.88654385,0.89404585,0.92281549,0.98218698,1.8330829,0.23787219,0.34972146,0.10896214,0.14116575
"119",0.88682066,0.9339651,0.9568093,0.9343483,1.0199071,2.054583,0.26257707,0.40864971,0.11160231,0.13159327
"120",0.8456397,0.87340153,0.93795519,1.0096725,0.97869478,1.9577093,0.27605728,0.43338144,0.12256226,0.13643448
"121",0.85494917,0.91570781,0.96316871,0.94055111,1.06145,1.9761208,0.2285951,0.4591533,0.11766432,0.13678963
"122",0.84673362,0.89374703,0.91562836,0.9665923,1.0082011,2.2496771,0.2827903,0.45206183,0.1186058,0.13244305
"123",0.85377392,0.86647814,0.88859593,0.95561653,1.0372203,2.1989439,0.24689474,0.46275931,0.12794394,0.1300305
"124",0.86221721,0.88908284,0.9099089,0.96988363,1.0438979,2.1173515,0.1920156,0.47479532,0.1275091,0.1303998
"125",0.84954371,0.92704586,0.89325375,0.93744385,1.0316251,2.1822528,0.24098877,0.45493164,0.12426705,0.13149748
"126",0.84141873,0.87294154,0.88872273,0.98327552,0.96209855,1.9964146,0.24018136,0.39156217,0.11664298,0.13514628
"127",0.8791978,0.8878198,0.82850637,0.97524661,0.98680166,2.0792138,0.25992018,0.38917215,0.10730782,0.13836129
"128",0.84498612,0.87673152,0.86460323,0.98492072,0.95039172,2.1480708,0.30139453,0.33554811,0.11080842,0.14088423
"129",0.87257837,0.89795916,0.8984354,0.9398703,0.98178267,2.1676953,0.32253312,0.36439102,0.11446461,0.1406532
"130",0.89045791,0.88257496,0.88110409,0.91461518,1.0081494,2.0446456,0.36349416,0.36674393,0.12101985,0.13446035
"131",0.89235874,0.89706968,0.87966933,0.93208877,0.99089209,1.980858,0.38729145,0.35944334,0.13121646,0.13160788
"132",0.86865874,0.8877185,0.89196728,0.9990456,0.953921,1.9974236,0.38606435,0.3644685,0.12907827,0.13174134
"133",0.9123289,0.88889149,0.92210536,0.94958268,1.004668,1.8712535,0.44744431,0.37679599,0.13698629,0.13034788
"134",0.88593704,0.89183651,0.95747193,0.88241485,0.97162296,1.8961756,0.34108055,0.35461777,0.11695238,0.12609056
"135",0.96972118,0.86914944,0.93861192,0.98579086,1.0812828,2.1564496,0.24791026,0.36032659,0.1269191,0.12868894
"136",0.89616066,0.85754228,0.96965724,0.89517131,0.9390987,2.0308752,0.2630812,0.37414373,0.12683217,0.12966338
"137",0.91068709,0.92475051,0.95176353,1.0115576,1.0142065,1.996866,0.2129733,0.38497104,0.12248033,0.1293089
"138",0.88545514,0.96213151,0.91511438,1.0057936,1.044843,2.3400737,0.11818733,0.37977584,0.12736336,0.12632247
"139",0.91305792,0.93425809,0.94434567,1.0330089,1.067292,2.3602023,0.083463517,0.36767015,0.12730818,0.12682869
"140",0.83443361,0.91715785,0.92122326,1.0027751,1.0167399,2.4722606,0.10982272,0.37259871,0.13506334,0.12687748
"141",0.86673371,0.89680364,0.88412589,0.94210634,0.98974881,2.4752109,0.21758595,0.33984123,0.12920083,0.12807531
"142",0.85627313,0.90771589,0.89595693,0.95729294,1.0084575,2.4716801,0.20231567,0.35022058,0.12872482,0.12717427
"143",0.85354847,0.93779391,0.89625843,0.98350186,0.97110066,2.4659826,0.2201049,0.37766763,0.13063036,0.1232938
"144",0.90235275,0.86734074,0.88652701,0.94047016,1.0425592,2.623443,0.14660215,0.38395743,0.12921756,0.12454676
"145",0.89307024,0.88921763,0.9102319,0.88790367,0.99023679,2.426749,0.14626046,0.4217388,0.1333008,0.12143862
"146",0.87530362,0.88189865,0.90367968,0.89357114,1.0302811,2.4426334,0.17030303,0.43912987,0.13625607,0.12373221
"147",0.90126478,0.87133195,0.93381515,0.99133891,1.0280064,2.3907053,0.23700928,0.4133596,0.14273323,0.12591972
"148",0.8631557,0.88272381,0.91401262,0.96855842,1.0053026,2.8260525,0.28931614,0.34205551,0.13939569,0.13676015
"149",0.86803217,0.90606908,0.87888129,0.96923175,1.0264409,2.6688693,0.27918489,0.35114219,0.13855327,0.13828195
"150",0.86843245,0.90928511,0.92755847,0.9652418,1.0040913,2.8152431,0.22293263,0.36600766,0.11486821,0.14691533
"151",0.86199044,0.97569843,0.92745473,0.96971738,1.0358974,2.6573492,0.22214689,0.35057878,0.12148955,0.14601228
"152",0.93761936,1.0012147,0.9464549,0.99994364,1.0446247,2.462559,0.19627688,0.37004745,0.12477573,0.14343223
"153",0.84807309,0.94220745,0.94724406,0.97869005,1.0206336,2.3426186,0.23385165,0.34882995,0.12329967,0.14388045
"154",0.87410756,0.94749096,0.9564033,0.96757079,1.0127213,2.4498484,0.24813513,0.36087648,0.12418817,0.14344944
"155",0.87336323,0.97841758,0.95388749,0.9914369,1.0323804,2.3683586,0.21590405,0.3500684,0.12033079,0.14451894
"156",0.91852464,0.92873359,0.92755409,1.0012276,1.0438289,2.4376314,0.31083343,0.33699433,0.1139116,0.14474572
"157",0.88532336,0.94551302,0.9242026,0.95289836,0.94753317,2.4610788,0.32694549,0.31235539,0.11799857,0.13538054
"158",0.86344876,0.86276725,0.91246424,0.97323732,1.0336516,2.5029979,0.18629419,0.31746683,0.10680563,0.12873862
"159",0.88688762,0.89931717,0.9156117,0.94528885,1.0140835,2.4628595,0.16766303,0.3169426,0.10515339,0.12908957
"160",0.87262891,0.89711065,0.92684681,0.93053693,1.0253836,2.5308768,0.16623805,0.33301181,0.10431499,0.13025714
"161",0.8851187,0.9184333,0.98070847,1.0578681,0.98948014,2.32538,0.20160049,0.37683809,0.098755427,0.13870178
"162",0.87840798,0.88759142,0.92456368,0.91840055,1.0160804,2.3425856,0.1959102,0.38947395,0.11229441,0.14486084
"163",0.88359883,0.91132755,0.89616786,0.89867156,1.0157622,2.2848615,0.16811306,0.40958849,0.11098582,0.14053525
"164",0.92054847,0.92201418,0.92481239,1.0194262,1.0021604,2.1637232,0.23465617,0.38717255,0.1069941,0.14533888
"165",0.83179889,0.89541919,0.89109412,0.88951526,1.002736,2.4353578,0.26018252,0.37155436,0.10509827,0.14709431
"166",0.87832794,0.89268182,0.89953655,0.92896621,0.9773231,2.3834401,0.27144571,0.40648806,0.1038373,0.14641477
"167",0.85744329,0.89460533,0.90503479,0.92111647,0.96795627,2.5451723,0.27726561,0.40582073,0.10762302,0.1431961
"168",0.88192074,0.8905321,0.89136441,0.87546672,1.0057744,2.4706588,0.22870611,0.40907923,0.10748816,0.1458149
"169",0.89540101,0.91795554,0.90100073,0.89687896,0.95986298,2.4286398,0.25258202,0.45075966,0.11130994,0.13879444
"170",0.89645275,0.91307765,0.89991811,0.89472308,0.95849519,2.4138156,0.25748585,0.44883925,0.11210755,0.13962274
"171",0.8839733,0.91632813,0.89052177,0.90805505,0.96251869,2.4362439,0.26576254,0.43584855,0.11361874,0.13992496
"172",0.88777168,0.92628931,0.96992685,0.96332842,1.0137904,2.0606442,0.27537935,0.44191085,0.10770676,0.1392259
"173",0.85161691,0.90645646,0.9573977,0.92089193,1.0005004,2.3283385,0.25841907,0.432912,0.10601519,0.14079356
"174",0.85180707,0.85135777,0.94560133,0.9159504,0.99989893,2.4032641,0.23229938,0.44711427,0.10830905,0.14135242
"175",0.86838715,0.8861354,0.92075096,0.87854184,0.98591423,2.4792322,0.20566875,0.47465213,0.11129454,0.13465654
"176",0.86427337,0.88706019,0.92161188,0.87958201,0.9870013,2.3838148,0.19794776,0.46944498,0.11112706,0.13595874
"177",0.86748778,0.88752278,0.92034373,0.8767503,0.98970992,2.4129074,0.22390848,0.47304338,0.11024308,0.13424318
"178",0.84147196,0.87264124,0.92727301,0.83177678,0.942275,2.5148958,0.2023108,0.41923758,0.11804452,0.13579841
"179",0.89334701,0.89926542,0.99118283,0.95691071,0.96898302,2.7918276,0.238335,0.41310156,0.11645882,0.13399708
"180",0.90298776,0.89945302,0.94760237,0.93563409,1.0210251,2.7245588,0.26120375,0.41021826,0.12073096,0.13788032
"181",0.88167216,0.94439428,0.9052415,0.90041798,1.0347888,2.3425311,0.27856057,0.44272969,0.12213666,0.14337507
"182",0.88722995,0.97460932,0.98072395,0.96939465,1.0004978,2.4020045,0.26010216,0.46756125,0.11034483,0.14499599
"183",0.87029404,0.89136079,0.90205765,0.96213739,1.0411176,2.4573046,0.26251263,0.42848366,0.11130881,0.14306211
"184",0.84070507,0.87365063,0.8342372,0.92361342,0.93491972,2.474488,0.35806027,0.354286,0.10795454,0.14304287
"185",0.8435664,0.93550208,0.9529234,0.94619327,1.0372685,2.3332905,0.36548036,0.35897445,0.11502068,0.14925019
"186",0.79758207,0.89897035,0.85553321,0.88027394,0.99667383,2.8782675,0.36875239,0.32446966,0.13014804,0.14831634
"187",0.79985084,0.89867276,0.85339573,0.88181986,0.99480006,2.8939769,0.37435413,0.31627946,0.13302989,0.14882739
"188",0.90880086,0.92049472,0.90834206,0.93345009,0.98150276,2.6778633,0.35262027,0.33539038,0.13414527,0.14959244
"189",0.96305185,0.92869007,0.94218741,0.94847946,1.0481555,2.6782517,0.39108074,0.31215758,0.12926982,0.14503499
"190",0.96528807,0.97004881,0.93823907,0.96205083,1.0376542,2.6773166,0.3967787,0.33054123,0.12061087,0.14363411
"191",0.88501759,0.91036937,0.90320893,0.96182388,1.0431928,2.9093835,0.40158063,0.32142857,0.12480957,0.14773996
"192",0.89719699,0.9126694,0.91561149,0.96664986,1.03684,2.8236852,0.40780542,0.33515985,0.12591812,0.14765935
"193",0.89388443,0.92744457,0.93102289,0.95163746,1.0279908,2.8355409,0.49379066,0.32801326,0.12702037,0.14916971
"194",0.90433385,0.92091227,0.97259344,1.0341816,1.0200483,2.5318332,0.42107657,0.35906247,0.11671442,0.14831955
"195",0.91724722,0.92024038,0.97979446,1.0199726,1.0391396,2.6227362,0.42039567,0.34643134,0.11865006,0.14635462
"196",0.93596685,0.86315465,0.97042782,0.953492,1.0585449,2.7297772,0.32159869,0.34712516,0.11715198,0.14711103
"197",0.93457824,0.91122644,0.99854233,0.9923633,1.0673326,2.6292979,0.32900265,0.36944701,0.12121907,0.15069958
"198",0.88098301,0.91100648,0.88551288,0.97947722,0.99048037,2.6091255,0.26726045,0.37316985,0.1139293,0.14327333
"199",0.89192014,0.90905455,0.9254664,0.93776964,1.0023685,2.5470169,0.2791046,0.36608713,0.11617205,0.14172883
"200",0.89972044,0.92039269,0.93516406,0.9615423,1.0829088,2.3921673,0.28589311,0.40048376,0.11565609,0.14404519
"201",0.86620765,0.95660231,0.92039727,0.92540566,1.0313597,2.1693144,0.29192187,0.39715741,0.1196216,0.14954416
"202",0.87383544,0.92379951,0.90741235,0.95661837,0.97484706,2.3759436,0.28458631,0.41226366,0.11523392,0.15032924
"203",0.84927083,0.9220574,0.88924912,0.96632807,0.97828716,2.2478103,0.30762323,0.41257924,0.11014058,0.1431517
"204",0.88485159,0.92170275,0.92199148,0.96210638,1.0213383,2.2107822,0.26701678,0.41639644,0.11156756,0.14710295
"205",0.91974958,0.90710522,0.95683956,1.0081788,1.0225153,2.3487282,0.28911781,0.42475327,0.10124586,0.14891668
"206",0.90943043,0.91492122,0.88166314,0.98917737,0.99616676,2.394095,0.30302077,0.4238726,0.10323544,0.15103313
"207",0.91289447,0.9076868,0.91348944,1.0137399,1.0070368,2.5521369,0.27173851,0.40999662,0.092071306,0.14939281
"208",0.87577127,0.89807342,0.903655,0.9562831,0.9700552,2.3366848,0.29460823,0.43784152,0.11194527,0.14663144
"209",0.86765249,0.84322496,0.89402847,0.86805271,0.95776794,2.946808,0.29103244,0.41623951,0.10998917,0.1411963
"210",0.84747318,0.92439407,0.97748575,0.97113456,1.0390314,2.7262319,0.17685627,0.3811893,0.1088307,0.1416039
"211",0.84438295,0.93655129,0.90346095,0.97786311,0.99038423,2.6367916,0.17260241,0.35737436,0.11009519,0.14189768
"212",0.8376599,0.90737005,0.92617122,0.92763674,0.98936839,2.5912911,0.19421476,0.35748891,0.10819711,0.14387592
"213",0.89304877,0.91513448,0.89208624,0.94756664,1.0232419,2.5298589,0.17302331,0.34554321,0.11155082,0.13729568
"214",0.90758559,0.89533397,0.92904414,0.92885958,0.98420659,2.6415333,0.18483975,0.34521272,0.10912553,0.13331943
"215",0.87540414,0.92766237,0.91004293,0.9394739,0.99615835,2.7616462,0.20311927,0.33479131,0.11676482,0.13306783
"216",0.91468279,0.89826591,0.91699164,0.95661108,0.98720453,2.431645,0.17205973,0.35354957,0.10491801,0.13200198
"217",0.84243503,0.88893804,0.96755386,0.9494619,0.99188014,2.3473555,0.19129284,0.36335178,0.1003966,0.12879598
"218",0.86266849,0.87038438,0.92001417,0.94359863,0.99290591,2.0050837,0.25963185,0.39068002,0.10559472,0.13104593
"219",0.8688912,0.88369815,0.88709538,1.0336555,1.022648,2.442811,0.23083078,0.37096152,0.11248472,0.12419223
"220",0.89719002,0.95145407,0.9261986,0.96619132,1.0098562,2.0563637,0.20655841,0.34321289,0.11830734,0.12471014
"221",0.87990659,0.88291156,0.91178957,0.99047329,1.0120289,2.1228788,0.21699655,0.36059106,0.11617325,0.12876992
"222",0.92959155,0.90281467,0.92460935,0.98180136,1.0302544,2.3808327,0.2083845,0.36469598,0.1201014,0.13035932
"223",0.86518953,0.90347728,0.87159284,0.92712012,1.03509,2.3542719,0.20149305,0.3845738,0.12377891,0.12367031
"224",0.86653704,0.86784002,0.9211335,0.93745303,0.96731936,2.3637623,0.15114449,0.40984679,0.11729835,0.12791594
"225",0.89275123,0.8519219,0.89841515,0.92597656,0.98861407,2.2770249,0.13450052,0.43579667,0.11488001,0.12463585
"226",0.87070325,0.83936015,0.94263973,0.98019507,1.0366637,2.2109125,0.1742589,0.42568226,0.10982741,0.12420138
"227",0.89847213,0.84611325,0.95481275,0.97136506,1.0204564,2.0983082,0.19097263,0.41069643,0.11738765,0.12228156
"228",0.91194101,0.92742315,0.89127217,0.98387325,0.97754549,2.2617964,0.19711765,0.38550736,0.10895174,0.12525289
"229",0.89598749,0.96780396,0.93706593,0.99549945,1.027358,1.9404364,0.2466576,0.36689715,0.10536576,0.13732073
"230",0.91006299,0.95777329,0.90963585,0.99657075,1.0522951,1.9854572,0.279395,0.37080698,0.10656623,0.13456815
"231",0.90848884,0.8707073,0.9285763,1.0201898,1.0035834,2.0033083,0.30819244,0.37534977,0.1068637,0.13515123
"232",0.89639789,0.90417165,0.9396451,0.93778506,0.99441818,1.8773316,0.31028728,0.39176401,0.10783602,0.14283118
"233",0.79669317,0.89578511,0.90720346,0.90591782,0.98273444,2.1516606,0.26199887,0.34049439,0.11311778,0.14251712
"234",0.91652534,0.85331109,0.84546763,0.97063031,1.0365164,2.0321729,0.22661948,0.41673782,0.11038916,0.13903321
"235",0.92344462,0.87034327,0.85422279,1.0077516,1.0431093,2.1678027,0.21393574,0.38368347,0.11277558,0.13851994
"236",0.89896217,0.9000423,0.90551797,1.0202659,1.0326568,2.0128078,0.21844883,0.38319604,0.11593609,0.13819587
"237",0.93039361,0.88739312,0.9404176,1.0304227,1.0332885,1.9724174,0.22925425,0.38799327,0.11519645,0.13700111
"238",0.91523744,0.93958214,0.89401244,1.0496748,0.99132158,2.1209748,0.16475257,0.38214437,0.11901868,0.14110336
"239",0.93716804,0.93873494,0.93647724,0.96439816,1.0653457,1.8285766,0.25737604,0.39422286,0.11803438,0.14475204
"240",0.93062258,0.95983679,0.94120904,0.95937969,0.95547915,1.9335755,0.33068795,0.34270155,0.12450156,0.14645595
"241",0.95055963,0.93099484,0.97726052,0.92380077,1.0331983,2.1732781,0.33813006,0.33821408,0.12856403,0.1491444
"242",0.87816538,0.85370214,0.92684688,0.90671977,1.0086613,2.3729663,0.30443397,0.37138366,0.13105451,0.14993158
"243",0.8942487,0.84850737,0.95105073,0.92088968,1.0512024,2.4012474,0.29283436,0.36291303,0.13931078,0.14703529
"244",0.88296442,0.87860868,0.91905294,0.95481921,1.0128479,2.1579999,0.31863124,0.36791365,0.13732435,0.14808218
"245",0.8309075,0.86650209,0.86599157,0.9008535,1.0115639,2.0935434,0.31620721,0.3651114,0.1362693,0.14824484
"246",0.8749366,0.9597261,0.95624308,1.0290365,1.0020659,2.2114087,0.31133212,0.32972291,0.13525827,0.14839629
"247",0.86204675,0.90954685,0.90366602,0.90494538,1.0007985,2.2212398,0.25713472,0.36178831,0.12644897,0.1447504
"248",0.88638416,0.86502465,0.91319882,0.89311063,0.98079157,2.2165184,0.21477126,0.37345674,0.12917061,0.14360333
"249",0.88257583,0.89207652,0.86254557,0.90933663,0.966954,2.3007076,0.29062998,0.37789279,0.13261877,0.14553022
"250",0.82187152,0.88669585,0.87879185,0.87616445,0.99059121,2.1288057,0.31117231,0.37958184,0.12131854,0.14065941
"251",0.82963335,0.88224004,0.88840897,0.88319571,0.99877012,2.2117528,0.33057863,0.35945408,0.12562969,0.14247415
"252",0.90747452,0.93973997,0.95463028,0.96512735,1.024432,2.2338453,0.35656471,0.38648048,0.11737158,0.14452043
"253",0.88486324,0.9261167,0.92885231,0.94913866,1.0585841,2.3994656,0.29795482,0.39079138,0.1277238,0.13945979
"254",0.90146542,0.91587686,0.90738158,0.94183063,1.0364633,2.3094541,0.29043174,0.39118108,0.12833983,0.14118258
"255",0.8528852,0.90820764,0.91241401,0.97605971,1.0476246,2.5132919,0.29333444,0.38227744,0.1326163,0.13986188
"256",0.88923953,0.92586101,0.88484829,0.91574286,1.0088615,2.3805436,0.3625426,0.37194376,0.13222313,0.13946824
"257",0.89932871,0.9151332,0.93462068,0.96936681,1.0146144,2.6113192,0.35642102,0.35803699,0.13230539,0.14051462
"258",0.76471798,0.88756333,0.83433968,0.918496,0.95842156,2.6259701,0.27251609,0.32044638,0.1271979,0.13445478
"259",0.86357659,0.92425412,0.92966679,1.0137282,1.0505544,2.504191,0.3397783,0.26066674,0.12402149,0.13397195
"260",0.8425686,0.86768837,0.90471312,0.95566178,0.97521745,2.6212117,0.23827373,0.31937005,0.11754155,0.13261172
"261",0.87494607,0.91722431,0.91964559,0.92496625,1.0317551,2.3342371,0.22011659,0.33564289,0.12324811,0.13277014
"262",0.91283177,0.87620064,0.91600297,0.96120551,0.97314015,2.2935851,0.22974169,0.3685891,0.13832268,0.13384182
"263",0.89987324,0.94225585,0.94980937,0.9842301,1.0505698,2.0557566,0.23347297,0.44841484,0.14617473,0.13147887
"264",0.89263484,0.89100369,0.8834066,0.95492345,1.0030618,2.0058275,0.27923709,0.47916905,0.13480064,0.13335748
"265",0.89119047,0.92671911,0.93524877,0.98708,1.0143748,1.9309589,0.25788568,0.45007093,0.12829713,0.13293967
"266",0.85470667,0.88535371,0.97271591,0.9390837,0.97918265,2.3982131,0.26170366,0.41875805,0.13562447,0.13480331
"267",0.88631896,0.97722357,0.93747414,0.99536744,0.99430646,2.3289252,0.16032517,0.43545906,0.13997725,0.13300175
"268",0.93284125,0.94105463,0.95982214,1.0439556,0.99000008,2.2954126,0.18679176,0.39962348,0.14865708,0.13277109
"269",0.86261086,0.87986341,0.91047706,0.93646815,0.97771087,2.4675346,0.14526689,0.38112439,0.14954333,0.13549724
"270",0.94864609,0.92297327,0.95868672,0.95960535,1.00106,1.7523064,0.32432524,0.3863975,0.13638893,0.14053702
"271",0.91433047,0.91562207,0.9365301,0.96345168,1.0298223,2.1561292,0.33095277,0.32407517,0.14764443,0.14168255
"272",0.92033195,0.90310603,0.95488123,0.96165469,1.0332867,2.162994,0.33395958,0.31618676,0.14206466,0.14017405
"273",0.91263504,0.90007378,0.92573755,0.9662844,1.0080853,1.9941236,0.33682419,0.28411961,0.14492373,0.14045512
"274",0.96750462,0.90253862,0.92365937,0.99017617,1.0161643,1.7639078,0.34102523,0.30833792,0.14343193,0.1370094
"275",0.92060957,0.9428503,0.95530441,0.97697954,1.0321452,2.0856535,0.32188001,0.31981836,0.13930232,0.13833912
"276",0.92297669,0.89527164,0.94791225,0.92222481,1.0365705,2.1672056,0.36161897,0.3370751,0.1460672,0.13606656
"277",0.92416968,0.92267167,0.94034783,0.91918813,0.98673632,2.0125355,0.28260673,0.3396574,0.14579105,0.141499
"278",0.90720906,0.88600309,0.9506944,0.98663042,0.99465159,1.9452056,0.15901326,0.3484914,0.14312384,0.13110363
"279",0.91989731,0.91979581,0.92088905,0.9431789,1.0219572,2.1036192,0.14650836,0.37106034,0.13799023,0.13111195
"280",0.92697662,0.92278966,0.95809403,0.98113618,1.0312393,2.2436521,0.17497892,0.34080186,0.138846,0.13093197
"281",0.91707228,0.86715093,0.87398164,0.9245406,0.97260515,2.5500566,0.20112327,0.3097129,0.14273896,0.127314
"282",0.80418969,0.90420501,0.89093635,0.97012119,0.99191405,2.7039305,0.17262241,0.31258876,0.13754003,0.1363152
"283",0.83059934,0.90139609,0.86727975,0.91016975,0.98077084,2.6691676,0.16134008,0.28524091,0.13290298,0.13457979
"284",0.83338061,0.89698368,0.89487035,1.0064792,1.022154,2.4644789,0.24616609,0.2708594,0.1325922,0.1319366
"285",0.82413309,0.92294327,0.94639409,0.95105143,1.0149562,2.5537776,0.19790031,0.3234209,0.13697035,0.12905528
"286",0.88423405,0.92472232,0.96009502,0.99228527,1.0286353,2.7625009,0.24187792,0.32465243,0.14179894,0.13191951
"287",0.87158899,0.93696266,0.98630999,0.96585854,1.008909,2.6566419,0.22620742,0.3037584,0.14125196,0.13049105
"288",0.85898855,0.89240952,0.90346601,0.95827745,1.0251725,2.6379513,0.24057582,0.34399155,0.13097707,0.13555772
"289",0.925539,0.88594327,0.92170975,0.95257393,1.0052432,2.5283851,0.30088092,0.36306894,0.12593212,0.13998022
"290",0.87256462,0.93845476,0.95484329,0.95279554,1.0133381,2.2577725,0.25353672,0.39004516,0.12930392,0.14409917
"291",0.94268313,0.90517562,0.92984315,0.96222541,1.0013926,2.3371612,0.25314262,0.37856277,0.13730633,0.14576235
"292",0.83421497,0.86468721,0.87593693,0.91216413,1.0099527,2.5521221,0.26070208,0.35284176,0.12578332,0.14683014
"293",0.83478057,0.8835206,0.88479312,0.92198071,1.0126306,2.7229225,0.2584642,0.35217294,0.12814927,0.14726923
"294",0.85998908,0.87457302,0.94918271,0.90293008,1.0054412,2.8306098,0.25491854,0.415176,0.11827108,0.1530913
"295",0.89390351,0.8586666,0.92601493,0.94721726,0.97903414,2.8810398,0.25487979,0.43204976,0.12141251,0.1543279
"296",0.9080782,0.9473593,0.95912238,0.93822877,1.0226953,2.4151387,0.27000922,0.42155312,0.12857072,0.15440027
"297",0.87829218,0.8558305,0.91716222,0.95089335,1.0131733,2.5097182,0.29309454,0.45633256,0.12216364,0.15206384
"298",0.92434144,0.9372676,0.97354746,0.99575223,1.0038276,2.3508443,0.25284673,0.37575452,0.13008747,0.15946844
"299",0.90768334,0.95368728,0.97460469,0.95682866,0.98568692,2.3893351,0.37017313,0.38837476,0.13958114,0.15699959
"300",0.95074087,0.90120951,0.97827687,0.97973516,0.98340406,2.4332887,0.34353825,0.38481665,0.13653594,0.16112333
"301",0.884657,0.87462974,0.90103563,0.94753373,0.98796068,2.6930787,0.35583299,0.44634404,0.13470373,0.16253995
"302",0.86429079,0.92476354,0.90026618,0.91298897,0.99139711,2.6136438,0.33801387,0.42715007,0.13758323,0.16074785
"303",0.88827739,0.86084852,0.90920355,0.97218518,0.95763912,2.6639695,0.30034225,0.4513369,0.12999015,0.15826277
"304",0.86934263,0.88210846,0.91862702,0.91032865,0.98422141,2.6766688,0.43074096,0.42747252,0.14091801,0.15975803
"305",0.88804934,0.91564138,0.91578743,0.96614923,0.95460111,2.5252814,0.27229575,0.43740856,0.14191761,0.15872539
"306",0.89271772,0.90759018,0.9090987,0.96148054,0.95703153,2.5666098,0.31397293,0.43153494,0.1419313,0.15898578
"307",0.90491613,0.85750762,0.90921768,0.9442526,0.97000049,2.6231528,0.25642354,0.43914318,0.1427765,0.15640346
"308",0.86781396,0.88459505,0.88130052,0.95979987,0.98240602,2.7194182,0.27802165,0.43786699,0.138801,0.15594628
"309",0.9277942,0.86511878,0.8413836,0.89045109,0.93317065,3.1375122,0.19135026,0.39902716,0.13510565,0.15447933
"310",0.87462353,0.88746834,0.92544348,0.96532025,1.0018061,2.6194725,0.20162254,0.38907314,0.13638323,0.15223559
"311",0.89341784,0.89693922,0.90464561,0.98953644,1.0240524,2.7713359,0.23888004,0.42399406,0.13279821,0.14449846
"312",0.92766503,0.89224279,0.94802591,0.91345985,0.94697309,3.0104084,0.28860926,0.40218732,0.13015875,0.14677919
"313",0.82365701,0.86471474,0.90389983,0.9381884,1.0002604,2.7855917,0.25407282,0.36727738,0.11510451,0.14391681
"314",0.91820692,0.90260643,0.86885206,0.93727807,1.036877,2.6950398,0.30687252,0.3643842,0.1280015,0.14699255
"315",0.88596073,0.91642025,0.89344844,0.92630772,0.98170217,2.4691584,0.312323,0.39536821,0.12642623,0.14140608
"316",0.9188596,0.88062571,0.91731318,0.91991056,0.99681534,2.4521269,0.27763762,0.35902322,0.11593948,0.14837252
"317",0.87216197,0.92444982,0.91812064,0.93308003,1.0134236,2.5036141,0.28092871,0.34277296,0.10860328,0.14739337
"318",0.88385248,0.89872573,0.89771131,0.97708023,0.99538454,2.3553584,0.31332045,0.30598187,0.11687374,0.1447838
"319",0.85693577,0.9061105,0.90487389,0.90742187,0.97463845,2.3964598,0.28241274,0.31057872,0.12412402,0.14484573
"320",0.87430053,0.88464135,0.87081434,0.92719483,1.0229816,2.6681073,0.36237019,0.33140942,0.12172331,0.14634442
"321",0.89292592,0.86791915,0.87146016,0.95293401,1.0361272,2.5661542,0.35178528,0.34231722,0.11941811,0.14176885
"322",0.90362567,0.84421817,0.86821795,0.90106654,0.94916694,2.5726922,0.38292434,0.3121844,0.11926285,0.14297985
"323",0.85417385,0.90313169,0.9172768,0.98517387,1.0101555,2.2098543,0.34952716,0.32134403,0.12203953,0.14040137
"324",0.9405785,0.93833121,0.95666264,0.92801248,0.98894282,1.9455369,0.33637276,0.34201048,0.11634219,0.14589085
"325",0.95652794,0.89088779,0.89644088,0.91780642,0.98487405,2.0340022,0.35496971,0.3980664,0.12213154,0.14543528
"326",0.91914115,0.89789182,0.88590854,0.94626647,1.0122461,2.1730517,0.31316379,0.36483225,0.1147385,0.15543392
"327",0.91897141,0.89544574,0.87560781,0.91757604,0.98738648,2.1789164,0.36922229,0.35199787,0.11565669,0.15681537
"328",0.92235481,0.92055733,0.90752096,0.92096086,0.96994748,1.9688652,0.31968765,0.32749653,0.10680899,0.15117279
"329",0.88647977,0.91919634,0.91600176,0.9265971,1.0312025,1.9157218,0.39126073,0.31465487,0.11212995,0.1513971
"330",0.90795101,0.90902741,0.86290104,0.9158717,1.0112995,2.127228,0.39227513,0.31490239,0.10922124,0.15144632
"331",0.84236274,0.9345028,0.9423789,0.93629097,0.95559959,2.1634245,0.38357661,0.30151915,0.11537252,0.14672159
"332",0.87334562,0.92983799,0.92831937,0.91554597,1.0120792,2.2319105,0.40874384,0.3112856,0.11542596,0.14416862
"333",0.86068431,0.94841606,0.95118828,0.89869819,0.98761283,2.2318085,0.39015199,0.2998214,0.11737157,0.14634071
"334",0.90663486,0.903967,0.99104499,0.93951581,0.99191036,2.4153161,0.29074804,0.35031901,0.11379287,0.14258933
"335",0.90494699,0.88746981,0.92020464,0.98421955,0.98618407,2.3215132,0.30588695,0.3955019,0.12011559,0.14837886
"336",0.9036066,0.9163731,0.92416612,0.9812317,0.99506038,2.1080709,0.2816569,0.39198535,0.11367895,0.14818084
"337",0.94804333,0.89313911,0.92472394,0.99125881,1.0009745,2.3353061,0.34940049,0.41207701,0.11966246,0.14712269
"338",0.94715968,0.88474583,0.90525235,0.97903987,0.97333439,2.7560033,0.3427868,0.41983584,0.11529784,0.15298939
"339",0.82860327,0.91599201,0.89225118,0.98403051,0.99799631,2.7550091,0.34302253,0.40847107,0.11806599,0.15307166
"340",0.92146069,0.87794109,0.91772685,0.97409757,0.99046788,2.8388758,0.35858915,0.41801359,0.11708194,0.15232604
"341",0.82139788,0.92477403,0.91871859,0.96114618,1.0296173,2.7026899,0.33436736,0.4212679,0.10976708,0.14987119
"342",0.84954285,0.92116394,0.86785903,0.97338031,0.98636866,2.596294,0.24712488,0.39678803,0.11981956,0.14075482
"343",0.86983316,0.9202612,0.84368335,0.96706469,0.98222441,2.4359402,0.25420842,0.39778309,0.12416994,0.13719211
"344",0.88847818,0.91783162,0.8473156,0.95995009,0.99455173,2.4468767,0.2412986,0.39562394,0.12163621,0.13958506
"345",0.84752041,0.88213795,0.91705795,0.97508486,0.98434847,2.5316954,0.23470941,0.38533459,0.12288189,0.14277076
"346",0.81418709,0.89256935,0.80489891,0.92598303,0.96681051,2.5764209,0.2183432,0.37998584,0.12278329,0.1474593
"347",0.84662608,0.85951191,0.88740601,0.98944608,1.0126077,2.3520265,0.38557555,0.36135219,0.12404329,0.14619896
"348",0.84254474,0.94321365,0.90339279,0.92349446,1.0009915,2.2437162,0.25297784,0.34524264,0.12780357,0.15149024
"349",0.88697208,0.97858313,0.95240064,1.0219261,1.03802,2.2463662,0.24130017,0.32602424,0.12221785,0.15124043
"350",0.84259352,0.90100187,0.97419952,0.98565689,0.97331363,2.3763207,0.341505,0.38523506,0.1177794,0.14575058
"351",0.85106784,0.88261176,0.90313434,0.96405772,1.0077404,2.5363948,0.28566784,0.38773477,0.12456847,0.14307645
"352",0.83171156,0.89069129,0.90510032,0.98942134,0.99142655,2.5253795,0.29095381,0.38676424,0.12205357,0.14405382
"353",0.84252574,0.88665498,0.90397427,0.92496655,0.99434266,2.6467129,0.26936794,0.3804525,0.11859618,0.14399409
"354",0.84856887,0.88601176,0.88918944,0.93829035,0.98699877,2.5845491,0.23223594,0.34211574,0.1198126,0.14456009
"355",0.90224101,0.8989805,0.92825742,0.97537129,1.033511,2.3779239,0.20215448,0.40009031,0.11357426,0.13891763
"356",0.96641887,0.89603333,0.89638176,0.93195473,0.98022921,2.3158303,0.31943831,0.36483226,0.10888514,0.13477317
"357",0.87343987,0.93201491,0.93753721,0.94052319,0.96475477,2.500533,0.21230622,0.37565977,0.11260274,0.13792834
"358",0.86040974,0.95869386,0.94454689,0.9571214,1.0434793,2.3889423,0.19575318,0.36519057,0.11479194,0.14063029
"359",0.93182863,0.98181322,0.934648,1.0230131,1.0424617,2.2429707,0.16993096,0.41177706,0.11314982,0.14102997
"360",0.86615969,0.9047275,0.95782918,0.93021116,1.0019994,2.3188494,0.18462732,0.39678566,0.11695763,0.1418522
"361",0.8916623,0.93317101,0.93595864,0.94758446,1.0038737,2.5118561,0.11725576,0.39023397,0.12070399,0.14862417
"362",0.87722536,0.86198033,0.90571857,0.90433948,1.0207903,2.7876951,0.10246298,0.38652696,0.11911949,0.15235259
"363",0.83778536,0.83607954,0.8955063,0.92277508,0.96485646,2.8273025,0.13011838,0.38306288,0.12168791,0.15197165
"364",0.86810845,0.9083431,0.87095708,0.89065054,0.9974188,2.8677809,0.1692749,0.38490424,0.12663666,0.15440439
"365",0.83468846,0.91807725,0.96017743,0.92857259,1.0181093,3.117049,0.13326344,0.36059149,0.13024,0.15549407
"366",0.85900671,0.90628478,0.93752098,1.0019578,1.0517324,2.7882249,0.14733465,0.35743825,0.13301748,0.1517479
"367",0.83463966,0.90134161,0.93306713,1.0061893,1.0078277,3.1524857,0.11493431,0.34113514,0.13476928,0.15047227
"368",0.82687183,0.9440416,0.91405047,0.95329396,1.0054916,2.7298578,0.22995704,0.37795842,0.12877853,0.151967
"369",0.84101334,0.88077254,0.97111547,0.97425271,1.0175676,2.6228853,0.22883397,0.38166997,0.12952351,0.16239482
"370",0.87107663,0.87055059,0.89441955,0.90426868,0.97925285,2.6842652,0.25080415,0.37161612,0.13608687,0.16061889
"371",0.83168474,0.83986633,0.9216145,0.9345703,0.9466951,2.6082271,0.2829967,0.36125998,0.13818801,0.16051786
"372",0.84857631,0.88420163,0.83924685,0.92264654,1.0112517,2.8403069,0.32348814,0.34516785,0.13530112,0.16034928
"373",0.83470322,0.86352763,0.88095757,0.93198487,0.9317531,2.305334,0.36836557,0.32533522,0.14560071,0.15642127
"374",0.84815596,0.80232519,0.89215406,0.89869194,0.99237853,2.5764761,0.39609887,0.2976209,0.13427698,0.14930001
"375",0.83267286,0.89021343,0.87436687,0.96103769,1.0199709,2.4441725,0.45198101,0.2453184,0.13899948,0.16016297
"376",0.90009219,0.89275376,0.88459019,0.92997415,0.97151374,2.4260288,0.34139414,0.24174119,0.12423539,0.15880461
"377",0.89216606,0.86497143,0.86097802,0.91674264,0.9942845,2.1224352,0.3051107,0.25643607,0.12116497,0.15748374
"378",0.8239897,0.85316891,0.82604552,0.94357363,0.98742268,2.1760118,0.36183195,0.24721074,0.12559693,0.15971829
"379",0.89300491,0.87281966,0.91343123,0.92074063,0.92905988,2.0388965,0.2647584,0.26794725,0.12369354,0.1468898
"380",0.8995272,0.91874851,0.9573276,0.95323922,1.0084095,2.3633042,0.21727457,0.28758453,0.11582273,0.15056258
"381",0.89433841,0.96125398,0.92820129,0.99939327,1.021149,2.365129,0.2144578,0.2826536,0.11325827,0.15042593
"382",0.93407345,0.92297328,0.9250614,0.97317819,0.99196859,2.4122911,0.22968352,0.28819778,0.1092271,0.14975519
"383",0.93758495,0.98161768,0.90862245,0.99902253,1.0074904,2.0509879,0.25381577,0.29407448,0.1070824,0.1483903
"384",0.86510458,0.84678662,0.90276113,0.97792919,1.0543465,2.0718724,0.29530927,0.25810088,0.12068516,0.15093503
"385",0.86019118,0.93475625,0.9071245,0.90730368,0.93762683,2.0338851,0.27669478,0.29333188,0.11807663,0.14916817
"386",0.88209056,0.8906519,0.88617192,0.8883024,0.98517723,2.0236801,0.30462973,0.28679183,0.12231528,0.14833289
"387",0.91083104,0.96514626,0.94122085,0.9355338,0.98890024,1.7852534,0.29230745,0.30394839,0.11836453,0.14822404
"388",0.91563483,0.93610859,0.94387688,0.94049086,1.0169283,1.8737851,0.2668554,0.31124822,0.11392361,0.14944885
"389",0.89493471,0.92611149,0.95274016,0.93773443,0.99982826,1.8561259,0.2343127,0.31204606,0.11161113,0.14594872
"390",0.85526921,0.91863695,0.90547865,1.0100595,1.0037483,2.2075113,0.25545994,0.32166627,0.1217215,0.14310013
"391",0.8518149,0.87940581,0.9569343,0.98807518,0.9685912,2.3815995,0.30226437,0.38769746,0.11452051,0.14448651
"392",0.74770179,0.89143599,0.91060083,0.87418875,0.97811877,2.4268092,0.32716176,0.4130801,0.11805239,0.14405644
"393",0.85400199,0.8983422,0.91356052,0.9358085,1.0572705,2.3977127,0.36561836,0.35999656,0.11076006,0.14734189
"394",0.83251197,0.90396887,0.92360491,0.94110539,0.96407169,2.395242,0.24577844,0.35686892,0.11097604,0.14706763
"395",0.9262086,0.90987913,0.92430976,0.97206729,1.0155755,2.1134323,0.25235061,0.31985008,0.11300569,0.15007016
"396",0.9212815,0.86306936,0.91074178,1.0140307,1.0357375,2.232269,0.27534635,0.30071438,0.11079886,0.1532554
"397",0.92799227,0.92296419,0.90090195,0.97327793,0.97761053,1.9209991,0.34164793,0.3244088,0.11340265,0.15550436
"398",0.91989287,0.95405356,0.90237638,0.95341805,1.0394219,2.3099755,0.22304309,0.23691911,0.11438597,0.15264912
"399",0.87374587,0.88198946,0.87314136,0.94951894,0.95766452,2.2144444,0.25209247,0.25588319,0.11542645,0.14917293
"400",0.87054797,0.88409087,0.87431718,0.94765977,0.95937061,2.2104204,0.25485053,0.2498605,0.1147489,0.14862281
"401",0.84649492,0.88384958,0.89210937,0.8819606,0.98005755,2.4975283,0.26456503,0.28327028,0.11586158,0.1497208
"402",0.86998051,0.88527922,0.87020103,0.93502845,0.96389326,2.4968791,0.24655359,0.29206053,0.10613637,0.14820205
"403",0.8421585,0.88587574,0.91779611,0.88333285,0.9711811,2.1863416,0.23520946,0.31442448,0.11063385,0.14397877
"404",0.82400689,0.86865014,0.91448842,0.93241212,0.94442628,2.1487263,0.2438009,0.34522084,0.1064326,0.14024808
"405",1.0001579,0.86889121,0.93732222,0.92406226,1.0311927,2.3900122,0.27847744,0.29373552,0.12263988,0.14372494
"406",1.0294219,0.90875268,0.88428291,0.9172738,1.0227253,2.2126714,0.23348496,0.27613549,0.12032064,0.14331517
"407",0.98264205,0.86597023,0.9411928,0.90832721,1.023755,2.2697231,0.22658948,0.28529721,0.12096998,0.1449509
"408",0.85604622,0.8879725,0.86784182,0.94465739,1.0134915,2.7656726,0.32522195,0.3045128,0.12538635,0.13898381
"409",0.86452114,0.92967381,0.9499345,0.97329072,0.98647494,2.605106,0.34337059,0.31337125,0.12341033,0.13918843
"410",0.86830556,0.90263051,0.91087122,0.93816997,1.0322808,2.6050214,0.30208102,0.31868735,0.12232071,0.13961732
"411",0.85788044,0.8795241,0.88923673,0.94938799,0.9577189,2.7735974,0.34999722,0.31917854,0.12022446,0.13784029
"412",0.88774797,0.89644963,0.95292186,0.95619825,1.036119,2.7042394,0.35295377,0.31960395,0.11179272,0.14156354
"413",0.90113959,0.88780767,0.94756967,0.96121675,1.0476911,2.7709119,0.35955773,0.28858085,0.11609066,0.13862357
"414",0.91967376,0.90741559,0.95657543,0.99097765,0.97795947,2.8376761,0.35080863,0.24949268,0.11936366,0.14710612
"415",0.88430305,0.91105224,0.92966312,1.0057778,1.0360515,2.5090644,0.31021636,0.25747037,0.11935307,0.14761466
"416",0.92264159,0.92900482,0.91645509,0.99228842,1.0047801,2.435209,0.30465014,0.28371609,0.1076148,0.14830471
"417",0.91537061,0.90576526,0.94806128,0.97127554,1.0500657,2.2366098,0.3211968,0.33271439,0.10642796,0.1475504
"418",0.88442393,0.9049311,0.92484105,0.88239801,1.0203,2.2037996,0.37427284,0.32713728,0.11818971,0.1547694
"419",0.88157565,0.91498036,0.88270995,0.88706361,0.96759116,2.5571346,0.47722162,0.31861968,0.12498922,0.16171242
"420",0.97113952,0.87199569,0.94887103,0.89619635,0.97049545,2.3895129,0.43793403,0.32890272,0.11676455,0.16604692
"421",0.94880587,0.89050669,0.92099408,0.97226132,1.0278829,2.1852523,0.33082353,0.2777039,0.12129312,0.16376145
"422",0.96559373,0.90055513,0.90669036,0.96883082,0.98222194,2.4753133,0.34070346,0.30707963,0.13637418,0.15848284
"423",0.86147581,0.89433782,0.87895146,0.93435878,0.96472342,2.957275,0.26317617,0.27438488,0.12411092,0.15339625
"424",0.89037918,0.8843098,0.88840361,0.92862865,1.0220852,2.8383116,0.23387781,0.30010324,0.12537409,0.15409
"425",0.88829387,0.91839858,0.90827869,0.98287243,0.98386354,2.3693228,0.21055489,0.29289479,0.12215698,0.14626091
"426",0.90505929,0.94675399,0.89686157,0.88591192,1.0809769,2.6590322,0.17027798,0.29997781,0.12436217,0.14212642
"427",0.90173922,0.96641695,0.96041074,0.85586904,1.0421159,2.4978835,0.17735657,0.32708411,0.12443503,0.13946893
"428",0.91605341,0.91125697,0.92569949,0.96085333,1.0138914,2.6677415,0.14010474,0.29396686,0.12901528,0.14310807
"429",0.89956326,0.93914867,0.96426687,0.92693199,1.0440393,2.5121914,0.13381671,0.30865898,0.13246022,0.13943344
"430",0.8347883,0.86391384,0.97220521,0.98041394,1.0080117,2.6730331,0.042468126,0.30719591,0.12868276,0.14127647
"431",0.81342092,0.95459915,0.90035955,0.91296475,0.99383914,2.5501403,0.14702362,0.2989281,0.12568096,0.14255991
"432",0.81496192,0.94201456,0.90907612,0.92295915,0.99234744,2.6597917,0.13693065,0.29090996,0.13095787,0.14178684
"433",0.84158337,0.92662149,0.94706629,0.93742869,0.98892177,2.5663813,0.17434116,0.30897468,0.13309631,0.13964465
"434",0.82059594,0.89565203,0.96225327,0.95807438,0.97333148,2.5942601,0.21932955,0.3766443,0.14268811,0.14704852
"435",0.78235635,0.88207627,0.8905993,0.95031795,0.97237688,2.7652327,0.30283867,0.40873718,0.13777738,0.14863281
"436",0.76755845,0.85354377,0.9079551,0.94368082,0.97395666,2.8539887,0.29914277,0.39618207,0.13691332,0.14790623
"437",0.89033321,0.89587697,0.86456298,0.98267489,0.97282584,2.9706853,0.32721864,0.41017264,0.12915129,0.14745396
"438",0.85884169,0.866319,0.9645935,0.95277497,1.0358823,2.9317241,0.29845268,0.41902764,0.12888681,0.1430236
"439",0.93719399,0.94427135,0.89278316,0.96604067,0.99848789,2.8984382,0.32370457,0.40373538,0.12845123,0.14203701
"440",0.86536848,0.86687566,0.95662705,0.9517478,0.98977103,2.8950293,0.28223554,0.45491747,0.12865094,0.14190463
"441",0.87311967,0.8689353,0.94773681,0.95163742,0.99004401,2.8508123,0.31642176,0.45000868,0.12684341,0.14106662
"442",0.93832304,0.86817945,0.93246927,0.96982984,0.9523521,2.9547596,0.27088553,0.42962657,0.12671804,0.14591325
"443",0.91659913,0.87913967,0.91977607,0.93027247,0.96590423,2.9027102,0.30550125,0.46129781,0.12936598,0.14687749
"444",0.88038699,0.92180897,0.92493291,0.95527342,1.023849,2.6961916,0.31343033,0.41519356,0.11841513,0.14398441
"445",0.89326391,0.90595258,0.86544942,0.91872417,1.0189312,2.8658925,0.28632482,0.41068929,0.12294672,0.14266384
"446",0.88012674,0.8543711,0.8966293,0.96208807,0.9869093,2.9705061,0.28644259,0.42243402,0.11862245,0.14445488
"447",0.88118455,0.87979222,0.93213403,1.0017731,0.99400997,3.0018727,0.308791,0.38090913,0.12128814,0.15021207
"448",0.8213253,0.87513238,0.90274397,0.94747846,0.95913795,2.9413309,0.27846123,0.34462973,0.12809628,0.14501683
"449",0.86292848,0.89089176,0.92962814,0.98524312,1.0267251,2.7329519,0.22529837,0.35803547,0.1243117,0.14058759
"450",0.8886517,0.88994172,0.92866868,0.89115173,0.98015,2.4542635,0.26916852,0.39072097,0.12635804,0.14013661
"451",0.9124275,0.88674693,0.89395343,0.95830685,0.98391059,2.4282502,0.21761523,0.36446134,0.11389708,0.14304426
"452",0.87969272,0.9279148,0.89922494,1.0428439,1.0182043,2.3240941,0.18837039,0.36029345,0.11404939,0.14379644
"453",0.85722179,0.92094769,0.96072655,0.91929862,1.0286874,2.2270767,0.17288842,0.33941943,0.11227052,0.14333215
"454",0.90775778,0.941582,0.905044,0.91295715,1.0487896,2.2388796,0.16328558,0.35032986,0.10978968,0.14047343
"455",0.83415611,0.90207661,0.92428814,0.9551129,1.0116248,2.2345231,0.2215478,0.32480182,0.11428784,0.14267908
"456",0.86966857,0.92003337,0.87983475,0.98538656,1.034246,2.3707181,0.20409841,0.34785109,0.11521033,0.14323142
"457",0.87482869,0.89613006,0.91286817,0.96287409,0.96771064,2.4952422,0.18530712,0.32530414,0.11374343,0.13731281
"458",0.89226714,0.87541992,0.92434685,0.97508273,0.96953164,2.4098852,0.2068312,0.33675221,0.11256874,0.13591424
"459",0.840164,0.90562003,0.88842767,0.9493798,1.0238394,2.3895001,0.25444528,0.29417426,0.1174982,0.1385394
"460",0.8820402,0.90004159,0.90727236,0.95150952,0.97169914,2.1922634,0.21216128,0.31172671,0.11966576,0.140235
"461",0.85912443,0.90845876,0.9424582,0.96776472,1.0266019,2.3051295,0.22857431,0.30862359,0.12093591,0.13667824
"462",0.84858524,0.84709661,0.95114106,1.0002105,1.0130418,2.2247027,0.2656732,0.3744394,0.12270548,0.14313582
"463",0.93311753,0.82487277,0.88636365,1.0181274,0.95159423,2.3179827,0.2789987,0.37661586,0.12355128,0.13872957
"464",0.88639288,0.83266488,0.89687379,1.0203641,0.94405215,2.3065223,0.28462501,0.37095786,0.12606178,0.14024733
"465",0.88154139,0.89070233,0.83136732,0.92012315,1.0271704,2.3963371,0.2390506,0.41852568,0.12766606,0.13705287
"466",0.88721148,0.87704425,0.82564357,0.89276544,0.97813747,2.3929313,0.24772825,0.43451192,0.12559131,0.13536239
"467",0.89686863,0.89956557,0.91860811,0.96955672,0.98872051,2.4453214,0.32218594,0.37839246,0.12708897,0.13246065
"468",0.88320855,0.88988156,0.95760994,0.9388731,1.0182348,2.1525692,0.35547727,0.39215886,0.13015419,0.13805919
"469",0.87181749,0.89481985,0.99581936,0.95484213,1.0382829,2.0619557,0.32931613,0.40304724,0.13189692,0.13673808
"470",0.87005402,0.89265002,0.99606622,0.95594179,1.0408692,2.0629824,0.32959025,0.39576717,0.13262541,0.13689721
"471",0.8609221,0.90925592,0.98180889,0.96430996,1.0100095,1.9279367,0.33796186,0.39754448,0.12863244,0.1366537
"472",0.84547369,0.86010414,0.93097236,0.96082684,1.0140213,2.593249,0.35906083,0.35525662,0.1221795,0.13371853
"473",0.87543666,0.92158965,0.97441949,0.95930733,0.94527057,2.8050046,0.3034407,0.37748277,0.10813043,0.13481112
"474",0.8627987,0.8912495,0.9020991,0.9491095,0.9798068,2.5413123,0.40367477,0.32484812,0.10557036,0.13285617
"475",0.88811109,0.93949675,0.92149691,0.93203383,0.95292409,2.4404128,0.40964282,0.32347508,0.10402437,0.132169
"476",0.8473077,0.87324969,0.9077254,0.90616599,1.0269821,1.9027602,0.38058423,0.38336847,0.10066032,0.12980234
"477",0.87548374,0.93087423,0.91190152,0.94371654,1.0367945,1.9092511,0.24339222,0.39052541,0.1090369,0.13047506
"478",0.87757796,0.92543207,0.92240337,0.9657632,1.0123861,1.5921006,0.24693819,0.39784613,0.10408005,0.1278909
"479",0.83727271,0.89516602,0.88764379,0.9165715,0.98750288,1.9933492,0.23857889,0.36451186,0.10788442,0.13178769
"480",0.88251314,0.93189256,0.93075688,0.95716092,1.0324452,1.9253649,0.22229093,0.36573855,0.11266933,0.13219863
"481",0.94406487,0.880029,0.86490662,0.99078815,0.9801317,2.0814186,0.2350443,0.36556704,0.10526004,0.13910376
"482",0.93747821,0.9266501,0.95757749,0.92725867,1.0343647,2.195176,0.13821071,0.35877502,0.1149008,0.14137278
"483",0.82864713,0.8748992,0.88504219,0.97410154,0.97953698,1.9071088,0.18142276,0.36621263,0.10808809,0.14052651
"484",0.83633081,0.84450158,0.8573344,0.93545868,0.96404409,2.2219503,0.23823904,0.35993778,0.10790538,0.13979933
"485",0.86028203,0.8749247,0.86128551,0.89756614,0.99374621,2.0252188,0.21969347,0.35418745,0.10674969,0.13788292
"486",0.83644658,0.9052576,0.90517135,0.9668433,0.95351496,2.0493669,0.23035434,0.39410596,0.1071705,0.13265935
"487",0.88369918,0.90402514,0.95212353,0.95138789,1.0717538,2.1616542,0.21846184,0.38201276,0.11773635,0.13082239
"488",0.8397997,0.91095231,0.9201233,0.94250773,1.0379247,2.3879964,0.29760293,0.38838382,0.10851051,0.13980228
"489",0.87481267,0.8737461,0.91702485,0.99646592,0.95679668,2.2671563,0.2285896,0.31572595,0.11055958,0.13605633
"490",0.88923021,0.90363096,0.86274064,0.91745789,1.002032,2.4915791,0.30013182,0.3577968,0.10198378,0.1364123
"491",0.8707159,0.90718364,0.91239264,0.96557934,1.0190624,2.3478872,0.25437298,0.35321229,0.10467527,0.13328574
"492",0.86774222,0.88331416,0.8679675,0.91739649,0.94872114,2.144835,0.23101254,0.40097656,0.090408326,0.13463786
"493",0.85799925,0.86417707,0.88255078,0.92133324,0.95138419,2.0986764,0.25336073,0.4057878,0.088140683,0.13137897
"494",0.91028911,0.90651776,0.90981472,0.94843526,0.98132911,2.0682826,0.25472142,0.4353993,0.097270823,0.13316366
"495",0.94994666,0.90725741,0.89824417,0.98383413,1.0439511,2.040142,0.26416971,0.46060225,0.092801605,0.13357164
"496",0.94150178,0.90463956,0.92907446,0.98697976,1.0297264,1.8041861,0.23804934,0.46352865,0.091053348,0.13032186
"497",0.8969832,0.94986203,0.98466843,0.96494896,1.0461607,1.8799492,0.25466497,0.44366342,0.10070709,0.13159225
"498",0.90099863,0.89827543,0.92176616,1.0004594,0.98336005,2.078398,0.18150704,0.37828141,0.092925002,0.13797603
"499",0.86404029,0.82912221,0.85230252,0.9141818,0.9529576,2.2393489,0.27656123,0.34923524,0.097326833,0.14462242
"500",0.87882878,0.87488232,0.79709161,0.92967212,0.97241489,2.2092136,0.23876096,0.33913673,0.097030631,0.14378554
"501",0.8820858,0.92311038,0.90375565,0.93950693,0.99382049,2.2489494,0.20179927,0.35387116,0.1026862,0.14509837
"502",0.86774954,0.9213765,0.88269298,0.9382996,0.97239554,2.3129381,0.2570372,0.36837701,0.111039,0.13874062
"503",0.84592365,0.90196304,0.89704591,0.93491092,0.98967642,2.3102359,0.27557823,0.3624128,0.10317162,0.14507514
"504",0.84630773,0.8765743,0.89442634,0.95704368,0.98930253,2.2823001,0.28201409,0.34750397,0.1045075,0.14362074
"505",0.85079701,0.92207684,0.92030722,0.94392903,1.0455217,2.2276425,0.28079137,0.36011602,0.10009363,0.14613472
"506",0.87179585,0.90361383,0.9407853,0.96885769,1.0107847,2.1914809,0.20383816,0.4050065,0.10383269,0.14755535
"507",0.86739873,0.92114033,0.90158394,0.96115216,0.99635413,2.3901515,0.22123423,0.39995975,0.11539777,0.1410292
"508",0.91254467,0.89967616,0.85784397,0.95212058,1.0326712,2.5966965,0.24681282,0.37566785,0.11235217,0.13897973
"509",0.81758447,0.84391341,0.87033571,0.88193524,0.90242195,2.6301958,0.23003835,0.44154195,0.1165698,0.14305956
"510",0.83758415,0.8487275,0.85607726,0.92076997,0.90706974,2.581238,0.2552526,0.44157626,0.11104537,0.13973299
"511",0.84017949,0.84839068,0.90313476,0.91066978,0.95473972,2.8176711,0.29649152,0.44198459,0.10936851,0.14619121
"512",0.83791347,0.81773484,0.88381431,0.92909806,0.93350672,2.7106027,0.25377771,0.41668947,0.11604056,0.14237694
"513",0.87929923,0.88721487,0.88524984,0.92263705,0.99541066,2.7056491,0.2352662,0.37779295,0.11732886,0.14561598
"514",0.86542206,0.90197942,0.88879868,0.91896681,0.98001341,2.6092479,0.20867252,0.38824391,0.1171693,0.1433338
"515",0.86638652,0.85604769,0.8446916,0.91375209,0.97538636,2.7138052,0.1927484,0.39640922,0.12112729,0.14142038
"516",0.78849242,0.87344313,0.83937216,0.88753876,0.96783325,2.6390684,0.21632838,0.38139051,0.12047754,0.13805969
"517",0.88693817,0.90814415,0.86374245,0.90538872,0.95982541,2.6020608,0.22984505,0.40020345,0.11882328,0.14095989
"518",0.83342952,0.90687355,0.8814881,0.95668465,1.0143959,2.5829973,0.19630227,0.42933551,0.11403121,0.1390048
"519",0.86099283,0.9011249,0.89353946,0.95510306,0.99454788,2.5763247,0.2350953,0.41525472,0.11713543,0.14105413
"520",0.86016031,0.90849497,0.9434048,1.0092895,1.0231331,2.5148848,0.20266975,0.39391971,0.11298149,0.13491023
"521",0.84105653,0.90227985,0.92599948,0.95522345,1.0188029,2.4821148,0.26031458,0.44878069,0.11456438,0.14108395
"522",0.88593644,0.88008877,0.9006581,0.90641428,0.96663572,2.4169961,0.25857074,0.43010063,0.11670375,0.13650616
"523",0.88267701,0.8788246,0.90256005,0.90369006,0.96896891,2.4464906,0.25402688,0.43042815,0.11644234,0.13609103
"524",0.84060466,0.91551138,0.88043465,0.89388053,1.006097,2.7250167,0.21257015,0.41049977,0.11538621,0.14078352
"525",0.83412416,0.93409094,0.87953424,0.9261975,1.0097288,2.589195,0.24635764,0.41033529,0.1150696,0.14203552
"526",0.9302643,0.92798494,0.98705409,1.0192616,1.0050901,2.5425043,0.32428077,0.39754132,0.10655489,0.14157887
"527",0.92594189,0.92109249,0.98914516,1.0179367,1.0034132,2.5886207,0.34413217,0.4001192,0.10523852,0.14249569
"528",0.90214207,0.899535,1.0129939,0.99092675,0.99583969,2.8504444,0.26605728,0.38810502,0.11444,0.14354498
"529",0.89428787,0.91254034,1.0090239,1.0027014,0.99564873,2.8912352,0.27558539,0.40388518,0.10839879,0.14445938
"530",0.95530936,0.86894545,0.99011235,0.98247947,1.0193946,2.6850666,0.24921792,0.3654247,0.11273247,0.14319505
"531",0.97814519,0.86344766,0.91802403,0.9679774,1.0270983,2.6537638,0.29356603,0.3695514,0.10934372,0.14103688
"532",0.93900116,0.86545897,0.89791832,0.97828615,1.0428138,2.6766804,0.28786284,0.37025669,0.11045906,0.14216042
"533",0.86057521,0.85588745,0.95673427,0.94670022,1.0196555,2.5041034,0.33372965,0.36684577,0.11224971,0.1495318
"534",0.87875584,0.93048477,0.86534276,0.99432028,0.96857423,2.4435349,0.27257149,0.38025486,0.11132243,0.14365252
"535",0.89750991,0.91071811,0.93115903,0.94912824,1.0297649,2.3873182,0.26385669,0.40165218,0.11404806,0.14514126
"536",0.94072316,0.86892236,1.0043144,0.92625976,1.0023321,2.3863206,0.27454962,0.37971671,0.11690773,0.14674543
"537",0.85675389,0.86980969,0.89812955,0.94024935,0.98268627,2.4632704,0.27081791,0.36774301,0.1176077,0.15232761
"538",0.95672042,0.94106782,0.91237471,0.96529377,1.0405905,2.4407683,0.25017281,0.44339717,0.11211651,0.1543603
"539",0.88707867,0.9223884,0.96469036,0.93132275,0.94395491,2.5212759,0.26293296,0.4297818,0.11594025,0.14389529
"540",0.92481795,0.91846583,0.9256483,0.95212172,0.98829776,2.6127953,0.25646635,0.43975153,0.11459326,0.14443175
"541",0.88438107,0.92271129,0.94603308,0.93344242,0.90249083,2.6570447,0.30264047,0.43934193,0.12210868,0.14947615
"542",0.82472223,0.8822221,0.85226767,0.9103057,0.95479638,2.6950166,0.35236438,0.45401337,0.12048974,0.14398251
"543",0.82521206,0.88013365,0.86129667,0.9273314,0.95442766,2.7739965,0.33444868,0.46055897,0.12267562,0.14287438
"544",0.80556092,0.88135286,0.9106845,0.90850494,0.93496726,2.7843312,0.3168398,0.44637847,0.11846911,0.14229579
"545",0.87655868,0.94147566,0.87998601,0.91012345,1.0036231,2.5145382,0.40207162,0.39129518,0.11820881,0.1408089
"546",0.86568176,0.92991569,0.9254094,0.92619187,0.98427073,2.5797428,0.37217863,0.43234447,0.11747539,0.14278027
"547",0.88081651,0.88317382,0.88951285,0.8917346,0.97719778,2.4947185,0.34070779,0.41322126,0.11723205,0.14074153
"548",0.8227483,0.88347433,0.89319328,0.86929058,1.0003978,2.4062041,0.3164713,0.42640117,0.11353154,0.14217202
"549",0.90710309,0.91544859,0.94283927,0.98378989,1.0047352,2.2870953,0.31566861,0.39338088,0.1050748,0.14236393
"550",0.87032502,0.93201141,0.91086135,0.98330123,0.9778128,2.4869037,0.33816199,0.37446704,0.10697807,0.14115348
"551",0.90365978,0.89432448,0.95302484,0.9675713,1.0298846,2.404726,0.23531698,0.41507864,0.10503704,0.13132086
"552",0.85297146,0.94104772,0.91650509,0.90387486,0.98027569,2.2574385,0.30242636,0.37263803,0.11080182,0.13582131
"553",0.90348054,0.89668317,0.93312446,1.0002381,0.98654583,2.0562188,0.29113826,0.39861979,0.11121719,0.13525581
"554",0.83807583,0.84147264,0.93493232,0.87235417,0.98668216,1.9525175,0.25876138,0.41333909,0.10635896,0.14480231
"555",0.86733563,0.83549591,0.92353976,0.92516029,0.98648174,2.0118577,0.23572596,0.38029973,0.11024957,0.14571871
"556",0.79815597,0.88178429,0.91896118,0.91431977,0.95401938,2.0700675,0.26689434,0.38638827,0.11141408,0.14318964
"557",0.89062253,0.8993184,0.88463965,0.93732383,1.002555,1.8667642,0.21481776,0.38551675,0.1075193,0.1462776
"558",0.90513726,0.93605319,0.91791348,0.94477816,1.001073,1.9401802,0.2263257,0.36945559,0.11082419,0.14666808
"559",0.88621786,0.92529412,0.93066897,0.93900677,0.9618952,1.9577745,0.21192909,0.39221328,0.1122909,0.14528006
"560",0.92783459,0.9002543,0.92071985,1.0560961,1.0202129,2.0371602,0.15953806,0.37951772,0.10141782,0.14344052
"561",0.88655469,0.94461206,0.91813453,0.98851352,1.0052657,1.781291,0.24865394,0.40049178,0.12472649,0.14334753
"562",0.88891561,0.94577474,0.9480357,0.96901965,0.99728119,1.8536807,0.21224791,0.38475233,0.12757529,0.14370405
"563",0.88691194,0.92584487,0.90856005,0.97010635,0.98231659,1.8300694,0.2411483,0.40015192,0.12495615,0.14274195
"564",0.8708988,0.91827567,0.91989839,0.96708601,0.98484832,1.9265508,0.23365852,0.37202391,0.12924208,0.14310709
"565",0.91260317,0.95687742,0.93782906,0.99632988,0.94468583,1.8982964,0.21157146,0.40250548,0.13187438,0.14148024
"566",0.89047212,0.88998994,0.93212386,0.90929152,0.97772048,1.961984,0.18969498,0.4255889,0.1236985,0.14122933
"567",0.87211631,0.8406372,0.89121809,0.91770108,0.93670204,1.7323426,0.19066236,0.40957676,0.1235198,0.14081806
"568",0.90718482,0.85372724,0.86393956,0.89238132,0.91894884,1.7078196,0.1631011,0.41189595,0.12477987,0.14071944
"569",0.85049264,0.90049775,0.9310933,0.91452971,1.0466956,1.9175245,0.19151224,0.40744611,0.12058936,0.14103325
"570",0.85137783,0.8987278,0.90121908,1.0152293,1.0318553,1.6745134,0.18558406,0.40010684,0.11852908,0.14645767
"571",0.80681158,0.88864882,0.92182734,0.94931362,1.0032667,1.995237,0.2203795,0.38290622,0.11575564,0.14410623
"572",0.84176818,0.90500025,0.90737175,0.99255708,1.0230668,1.9760053,0.25540127,0.39256067,0.12112796,0.14425451
"573",0.850534,0.90148082,0.91821993,1.0029763,0.99936416,2.0715291,0.21540144,0.38102113,0.12227749,0.14582909
"574",0.89010554,0.87663044,0.91514473,1.0037138,0.98033131,2.2268222,0.22922568,0.36590365,0.12843597,0.14619892
"575",0.80238229,0.92885082,0.91772465,0.94487755,1.0245869,2.2357317,0.2537467,0.32182305,0.12983715,0.14699953
"576",0.79162263,0.87526709,0.86275146,0.93421071,0.98175745,2.2535281,0.31188806,0.3592426,0.13431052,0.14916207
"577",0.83348188,0.87518538,0.91933974,0.92746746,0.95809085,2.3864664,0.33185314,0.3450915,0.13423458,0.14345167
"578",0.82902913,0.87822723,0.90482515,0.92125465,0.96204339,2.418145,0.31082327,0.32808968,0.13842593,0.14576517
"579",0.91424024,0.90785313,0.98511546,0.90173859,1.0144072,1.9905629,0.23854598,0.35261521,0.14280496,0.1553985
"580",0.85385049,0.95600342,0.98676367,0.93484299,1.0440142,2.0460771,0.24684065,0.36192734,0.1366042,0.15165631
"581",0.88435439,0.85965011,0.88944512,0.96936948,0.98017832,2.0992794,0.29080082,0.36356538,0.14949652,0.15325213
"582",0.91678908,0.9302553,0.9124096,0.96002284,1.0714124,2.0692056,0.32119508,0.38768129,0.1539636,0.14770651
"583",0.9264236,0.94162737,0.94810331,1.0502813,1.0809625,1.9962082,0.27495901,0.38647012,0.14886923,0.15134393
"584",0.8775513,0.85841394,0.94068736,0.96471164,0.98361845,2.586243,0.26793305,0.39569486,0.13895847,0.1512047
"585",0.93109681,0.91908685,0.92623099,0.94403852,0.98940387,2.5019982,0.24990241,0.39201288,0.14035747,0.1533054
"586",0.9133035,0.93351165,0.94809754,0.96946934,1.0288736,2.607134,0.2700611,0.38392166,0.1364081,0.15056863
"587",0.93278187,0.92923326,0.95568989,0.96604018,1.0413915,2.4961623,0.26041738,0.39792162,0.13629406,0.15066744
"588",0.95971958,0.93958876,0.99217768,1.0409987,0.98104097,2.5323717,0.24676321,0.40155119,0.15086292,0.14839715
"589",0.84927525,0.97743901,0.91677142,1.0054103,1.0038659,2.5484362,0.27696069,0.40969004,0.1555488,0.15176191
"590",0.92590532,0.92500634,0.93893559,1.0416587,1.0576122,2.7014455,0.23778841,0.37362853,0.15174914,0.15027977
"591",0.92837116,0.96705332,0.98709079,0.97246787,1.0171841,2.8884786,0.28597504,0.37566023,0.15396257,0.15149383
"592",0.86769625,0.88768863,0.95822686,0.95540894,0.97289642,2.8501276,0.23801142,0.33094759,0.15438591,0.14843851
"593",0.86612987,0.88395637,0.83542931,0.97526684,0.99839754,2.5737637,0.22847364,0.32427846,0.14197429,0.14029872
"594",0.82338268,0.84169838,0.81369134,0.9698558,0.96532466,2.6780243,0.2644025,0.31889432,0.13761819,0.14014571
"595",0.81981001,0.86720221,0.79016992,0.94735631,0.98183253,2.4885863,0.27161511,0.29297452,0.12987394,0.14130357
"596",0.83312875,0.90308223,0.80587098,0.98907962,0.95607084,2.6005017,0.28292315,0.33835185,0.13124718,0.13935846
"597",0.82333193,0.86253835,0.89232663,0.92759157,0.96634087,2.6034524,0.32161924,0.34764253,0.13569155,0.13984696
"598",0.92925019,0.9422264,1.018024,0.96140334,1.0186804,2.5872636,0.24257429,0.33851749,0.11832317,0.13537055
"599",0.92760755,0.93860678,1.0085815,0.94023215,1.0184193,2.6643953,0.2435401,0.33008161,0.11514128,0.1334239
"600",0.92765841,0.94165827,1.0157589,0.94490293,1.0135298,2.6975395,0.24189817,0.3202279,0.11614205,0.13594409
"601",0.88504179,0.91312546,0.91828289,0.94058393,0.95678011,2.9165475,0.24530919,0.30967047,0.11793033,0.13470913
"602",0.86775108,0.9007137,0.96909102,0.98238857,1.0314598,2.5937602,0.1914272,0.32253931,0.10719753,0.13483066
"603",0.87889098,0.89299533,0.93317598,0.97398513,0.97825399,2.6474598,0.19727731,0.28924588,0.10723044,0.13822769
"604",0.85650608,0.89473134,0.92989768,1.0017687,1.0525547,2.7607712,0.20679558,0.28580978,0.10432689,0.13780434
"605",0.93860579,0.89696786,0.91997168,0.89021041,1.009972,2.4399466,0.24527203,0.3189447,0.10868733,0.1426128
"606",0.87727998,0.91809685,0.91836581,0.9225764,1.0000872,2.2253093,0.35437485,0.32950466,0.10816372,0.13859068
"607",0.86538732,0.89767187,0.88263207,0.93307297,0.97591837,2.2451809,0.34239996,0.33684751,0.10573457,0.14064753
"608",0.92749417,0.86074734,0.92681393,0.97606776,1.0327326,2.2643053,0.29881688,0.35105889,0.11600554,0.14056212
"609",0.90570187,0.90745418,0.94027382,0.96236516,1.0363475,2.3420283,0.30741545,0.36782521,0.11461144,0.14257802
"610",0.87859902,0.95971875,0.95532406,0.96925567,0.99176852,2.403089,0.35523228,0.39384689,0.1131647,0.14829402
"611",0.85677842,0.9237197,0.90961192,0.92194452,0.98251164,2.6607435,0.37017932,0.32063339,0.12037832,0.15166158
"612",0.86352641,0.91218179,0.98867818,0.97009431,0.99679516,2.6094133,0.43689769,0.2925759,0.13480003,0.14861655
"613",0.81124913,0.87849917,0.97873399,0.99105017,1.0099901,2.4376592,0.38324022,0.32727009,0.14537972,0.14766326
"614",0.85809988,0.94842121,0.93493446,0.96529751,1.0059606,2.4324459,0.4576681,0.31782153,0.15245579,0.15115314
"615",0.88278637,0.92344815,0.9562916,0.99120664,1.0079801,2.4393998,0.43842866,0.34157352,0.1419362,0.1492135
"616",0.8782688,0.90872043,0.92069394,0.95337066,1.0443294,2.4967989,0.44144667,0.32570683,0.13973659,0.14978509
"617",0.88510379,0.90534953,0.85824237,1.0058738,1.0057689,1.7618538,0.44397918,0.36927264,0.12747422,0.14960913
"618",0.91354298,0.9062881,0.91027302,0.95886195,0.95680876,1.7234523,0.42964928,0.37358102,0.13254477,0.14846463
"619",0.90876578,0.89833152,0.92275051,1.0003028,0.97874801,1.672192,0.39663721,0.34139358,0.11219948,0.1450342
"620",0.89045893,0.86446073,0.87333871,0.90719694,0.94835692,2.2208432,0.32459027,0.30958631,0.11695457,0.14674768
"621",0.85453268,0.85907676,0.95382714,0.92722504,1.0239411,2.1826684,0.40788714,0.2629903,0.11690418,0.14790748
"622",0.91120354,1.0290016,0.98696512,1.0387245,0.98554908,2.1587391,0.32804498,0.21838682,0.10991014,0.14952425
"623",0.87062623,0.93196998,0.91763599,0.9943407,1.0642726,2.3045533,0.34251995,0.26586667,0.11658886,0.15020552
"624",0.87645971,0.88358339,0.92093512,0.94558324,0.99675725,2.240718,0.26621795,0.28830238,0.11612385,0.14773566
"625",0.91028971,0.90781214,0.91233242,1.010045,1.0222188,2.5433802,0.22773293,0.2478306,0.11749352,0.15172476
"626",0.9480834,0.9489008,0.88125543,1.0129106,1.0378237,2.5197315,0.21720595,0.24416474,0.12153102,0.14859127
"627",0.97542696,0.9127785,0.90788414,0.97645645,1.0420095,2.5574021,0.19932115,0.24499375,0.12203104,0.14504567
"628",0.88485277,0.94415157,0.9148886,1.0098183,1.0307631,2.5002066,0.20602553,0.29595727,0.12039299,0.14568857
"629",0.91526132,0.9111611,0.91200754,0.93687733,0.9716047,2.4166411,0.18560518,0.31807725,0.11684564,0.14235209
"630",0.94800934,0.89261058,0.89252049,0.92456285,0.97589946,2.2200263,0.17676263,0.3244542,0.12062603,0.141657
"631",0.94934609,0.89348708,0.9357988,0.92524191,0.97793564,2.2615658,0.17765181,0.34975267,0.12304485,0.14276214
"632",0.87965343,0.89857448,0.8569946,0.8966142,1.0282809,2.1228831,0.21513753,0.33244297,0.12758959,0.13839317
"633",0.90872679,0.92125735,0.96919512,0.99737058,1.0323858,2.2090726,0.24139542,0.3131037,0.12952406,0.14327818
"634",0.87275118,0.90074788,0.95736876,0.92556813,0.99238106,2.2865622,0.25902967,0.30174145,0.12138501,0.14217955
"635",0.88396524,0.88648026,0.87082486,0.94204177,0.9762877,2.0285732,0.2426368,0.2869215,0.11820037,0.13755283
"636",0.8498576,0.89819345,0.94440247,0.95748554,0.97440837,2.085879,0.22683215,0.27636908,0.11555486,0.13762277
"637",0.84745366,0.87333285,0.88411617,0.95239502,1.0156919,2.2788846,0.21135591,0.27624127,0.1199087,0.14034292
"638",0.79680843,0.88241268,0.92827704,0.85139128,0.94442623,2.2666804,0.22840011,0.33932975,0.1154818,0.14225196
"639",0.81286834,0.83003259,0.91364221,0.91189349,0.99254724,2.3416865,0.23192537,0.33111755,0.1170435,0.14462145
"640",0.8737934,0.91870302,0.9487786,0.93339634,0.96572375,2.3194261,0.24543784,0.33072183,0.11904743,0.13940474
"641",0.84470887,0.92748289,0.96982044,0.94531432,0.99406898,2.1254376,0.23759664,0.34844612,0.1179458,0.14023513
"642",0.8935833,0.89500617,0.87023747,0.97892534,1.0165494,2.0898629,0.26520585,0.34287666,0.12724875,0.13821958
"643",0.84836575,0.86680774,0.90588141,0.93687516,0.97900222,2.2830238,0.20626126,0.34174266,0.12728835,0.13232701
"644",0.88634591,0.90653829,0.8837262,0.95043844,1.0568166,2.1167198,0.21417108,0.34765843,0.13193411,0.13555999
"645",0.8978424,0.90664933,0.90652588,0.97497679,0.99174973,2.4729749,0.24371766,0.30888335,0.12107213,0.13614893
"646",0.87877096,0.91137944,0.89479693,0.93351704,0.98610798,2.3127623,0.28795759,0.31720931,0.11998509,0.13564492
"647",0.91108175,0.89410255,0.91981561,0.97150609,0.99368957,2.1942382,0.25510113,0.29414509,0.11889813,0.13702975
"648",0.85286523,0.87704252,0.91016276,0.93805407,0.97100499,2.1587118,0.34764045,0.29872801,0.12998855,0.13546244
"649",0.8683573,0.96443896,1.0186135,1.0063527,1.0608804,2.195999,0.2964353,0.35444184,0.11654044,0.13001094
"650",0.87218621,0.93785921,0.96056604,1.0060552,1.0273032,2.289071,0.37252717,0.34117655,0.12166161,0.1303152
"651",0.82756877,0.90804408,0.86381437,0.9149965,0.99442352,2.603802,0.32170562,0.35770938,0.11030054,0.13797179
"652",0.91359771,0.91404666,0.90215618,1.0068609,1.0448491,2.2827602,0.23346615,0.43268103,0.1189208,0.1365443
"653",0.91019063,0.90928281,0.93333468,0.95135268,0.98502924,2.3901126,0.22848115,0.38867007,0.11431522,0.13615152
"654",0.89349063,0.89060011,0.9385217,0.95449131,0.9387686,2.5051708,0.17242665,0.40439375,0.14492038,0.13365008
"655",0.91568105,0.88625359,0.86368972,0.91147163,1.0007383,2.541441,0.20230591,0.37241657,0.15034593,0.13979245
"656",0.92654356,0.86516464,0.84912703,0.88392517,0.99559981,2.5696516,0.21330455,0.37149898,0.15167729,0.14059815
"657",0.84951664,0.84266168,0.86099343,0.87650292,0.97902269,2.6899256,0.17776647,0.3602477,0.15188985,0.14052548
"658",0.91449275,0.87767234,0.88738173,0.95106898,0.98136994,2.579312,0.12169059,0.37959526,0.14607781,0.13655243
"659",0.89872897,0.93016578,0.91527125,0.96647073,1.0082221,2.678886,0.25820186,0.34535067,0.13315674,0.13132091
"660",0.88881327,0.93028318,0.91827227,0.96426401,0.99895508,2.8724955,0.22146305,0.3372038,0.13581325,0.13255881
"661",0.88851329,0.90012104,0.92781032,0.99265413,1.0510844,2.8139654,0.20496369,0.36415699,0.13334222,0.13063293
"662",0.8675156,0.91601066,0.9471227,0.97876365,0.94412785,2.7700151,0.14981145,0.34692597,0.13175591,0.13203047
"663",0.86213499,0.92105544,0.95306011,0.97466717,0.94304975,2.7778873,0.15921989,0.34849109,0.13736216,0.13036539
"664",0.89361517,0.86835754,0.86209681,0.95937636,1.0006138,2.5637874,0.14230164,0.35355914,0.1324516,0.13288829
"665",0.85332995,0.89988676,0.93161248,0.94574554,0.9762016,2.5653839,0.17382439,0.39339492,0.12872333,0.14229419
"666",0.83536515,0.86526999,0.93293658,0.91708288,1.005386,2.4512896,0.2398976,0.4503052,0.13340422,0.14017358
"667",0.81081191,0.895063,0.939609,0.91432604,0.94540875,2.5546009,0.2233028,0.45084853,0.13527575,0.13941513
"668",0.9028996,0.90555846,0.95693273,1.0229027,1.0079135,2.1814855,0.31995991,0.36705903,0.13439013,0.15656611
"669",0.87063552,0.90910399,0.93908688,0.89070868,0.97611649,2.2539297,0.42679964,0.34480939,0.13423817,0.15378756
"670",0.87193191,0.89225401,0.91748326,0.9494365,0.97302318,2.7190993,0.39197342,0.39336007,0.13848288,0.14662586
"671",0.85392081,0.84554528,0.89046261,0.9422413,0.97765363,2.7216087,0.37486531,0.36904066,0.13020925,0.14689502
"672",0.89064162,0.96031335,0.90170007,1.0089894,1.0161041,2.2992932,0.33493435,0.38905967,0.14048413,0.14967692
"673",0.91245136,0.88499892,0.97625634,0.93905825,1.0137022,2.2729992,0.36904627,0.39509314,0.13991797,0.14781561
"674",0.9000286,0.93113834,0.89259607,0.95932099,0.99712265,2.2764056,0.3330175,0.44474659,0.14711475,0.14595647
"675",0.89867726,0.86737045,0.91476245,0.90005549,0.96891881,2.461488,0.3274581,0.4788421,0.141247,0.14370663
"676",0.90457834,0.96792857,0.91148412,0.94937696,1.0058596,1.9109332,0.31307287,0.45417156,0.14358111,0.14663632
"677",0.89362765,0.96685848,0.94311842,0.92967453,1.023175,2.263494,0.19872381,0.42890839,0.14329555,0.14016832
"678",0.83808041,0.82904601,0.95685812,0.94175627,1.0064894,2.5881427,0.29645446,0.42688035,0.13682282,0.1345804
"679",0.88649882,0.9032484,0.9608122,0.95254678,1.0111984,2.5035958,0.29974303,0.45098472,0.13460245,0.14255358
"680",0.83495051,0.93393088,0.94606549,0.97569056,0.98262578,2.5301045,0.27561802,0.43170324,0.13540742,0.14364528
"681",0.95980961,0.88212438,0.90846209,0.95411104,0.9919965,2.4130648,0.18477703,0.42980751,0.13648414,0.14301064
"682",0.84471927,0.87759217,0.9021188,1.0188465,1.018655,2.3084029,0.19731734,0.43948325,0.14092326,0.14308641
"683",0.87739045,0.92491681,0.88515954,1.0159312,1.0457979,2.4457735,0.13545897,0.46156193,0.14244483,0.14032139
"684",0.86636451,0.90252953,0.93335669,0.97325924,0.98361824,2.0967842,0.17658459,0.41017491,0.13403871,0.14096551
"685",0.87610119,0.92051035,0.98345398,0.9992648,0.9303993,1.9530802,0.1726544,0.39419315,0.13521335,0.14198671
"686",0.96238426,0.901604,0.88039915,0.95180141,1.0411339,2.1132344,0.10886576,0.39126557,0.1264656,0.13867757
"687",0.89570364,0.90071298,0.93284791,0.99019255,0.92947163,2.1124731,0.17112904,0.35183934,0.12739199,0.1419768
"688",0.86023182,0.8963934,0.92608939,0.96798209,1.0139794,2.2330566,0.20025437,0.35023174,0.12442849,0.13854627
"689",0.85685696,0.89082148,0.92155522,1.0201069,0.97509611,2.2207393,0.15604189,0.35762223,0.12965953,0.14041128
"690",0.89087816,0.93334901,0.89999285,0.97819263,1.0538036,2.1516933,0.13136123,0.36879245,0.13173214,0.14142722
"691",0.81725198,0.95249667,0.86034152,1.0373097,0.99313256,2.2055724,0.14425279,0.34600256,0.126793,0.14590002
"692",0.83703292,0.87534861,0.86045761,0.96485983,1.0109195,2.2911992,0.15113328,0.31791765,0.13328809,0.14750988
"693",0.8377906,0.89960677,0.91183102,0.94904394,0.97459618,2.4045682,0.14511748,0.31562672,0.13140017,0.14465141
"694",0.87202683,0.85780563,0.89112981,0.8815222,0.97003122,2.4803129,0.11986217,0.31824251,0.1361026,0.14778083
"695",0.82351721,0.91970733,0.91179176,0.89166046,0.98480682,2.6874872,0.1178127,0.34636102,0.14040708,0.14997083
"696",0.90644272,0.87859037,0.89693218,0.93795815,0.9905811,2.8583755,0.09489438,0.34876032,0.13658371,0.14539001
"697",0.903894,0.88318609,0.90516014,0.94804545,0.97496581,2.8575109,0.091480572,0.336364,0.14009422,0.14661163
"698",0.89652743,0.90762576,0.9171876,0.92697141,0.94581637,2.8734857,0.11680747,0.36091674,0.13651288,0.14388896
"699",0.94748929,0.90801436,0.93892123,0.92908926,1.0203558,2.9023599,0.1161328,0.34947313,0.14263159,0.14519246
"700",0.92731325,0.89938219,0.92562794,0.9230256,0.99351108,2.7694077,0.051662001,0.32315391,0.1409072,0.14531767
"701",0.9751865,0.95139609,0.93043466,0.95493367,1.0206015,2.6361367,0.016715045,0.36714397,0.14101003,0.14619079
"702",0.9560266,0.97151195,0.90553817,0.94232871,1.0159703,2.5908386,-0.006994303,0.35372883,0.13674853,0.14289933
"703",0.91070901,0.96434508,0.92000809,0.98891469,1.0129687,2.390194,-0.02554426,0.36849734,0.13456177,0.14495764
"704",0.95476676,0.91950813,0.8860562,0.96058862,1.0432248,2.4187784,0.13856255,0.45127039,0.13654231,0.13685539
"705",0.90574849,0.90282032,0.90947944,0.95393871,0.96580241,1.879808,0.11274961,0.39419812,0.12984532,0.1414206
"706",0.91458006,0.91141118,0.96971903,0.98280216,0.99718859,2.267032,0.093773279,0.40868834,0.13110475,0.13949332
"707",0.84498302,0.88284821,0.97852256,1.0026409,1.0152291,2.1264292,0.1736614,0.41625355,0.12427406,0.13872847
"708",0.84315309,0.87674519,0.97407381,0.97378909,1.0314489,2.3085978,0.17900984,0.40597895,0.1289169,0.13972285
"709",0.86258538,0.89591934,0.956501,0.96665272,1.0151158,2.2802819,0.18957875,0.41705512,0.13253378,0.1414657
"710",0.90292118,0.95050062,1.0133862,1.0473929,1.0191183,2.2442893,0.22899726,0.38899407,0.1293152,0.14455596
"711",0.90656516,0.94552052,1.0108092,1.044917,1.0190925,2.2257794,0.25052066,0.39546333,0.13169508,0.14432109
"712",0.91515115,0.9370513,0.98679189,1.0303416,1.0306592,2.3102536,0.22472524,0.39663314,0.13163951,0.14430634
"713",0.88130943,0.91133527,0.95619219,0.96615377,1.0003339,2.3042613,0.19062638,0.42883934,0.12648924,0.13835215
"714",0.8987724,0.85733838,0.91283161,0.95855365,0.98557438,2.2826137,0.19587637,0.45796717,0.12880249,0.13811106
"715",0.77967586,0.88930159,0.89566154,0.95720772,0.96568009,2.3079911,0.1580351,0.4435912,0.12273346,0.13659252
"716",0.86225929,0.92044407,0.91408566,0.97891654,1.0303925,2.0683943,0.15838041,0.41836579,0.11609352,0.13546849
"717",0.92456879,0.88521034,0.90698809,0.97125485,0.97880746,2.6146354,0.26562227,0.42839246,0.11976212,0.1329092
"718",0.88198963,0.90327714,0.91037799,0.96464714,1.0116835,2.5329747,0.24997718,0.38416035,0.11423203,0.13285502
"719",0.9254594,0.89488574,0.91445445,0.89956544,1.0276952,3.0607241,0.23427064,0.40250498,0.11463648,0.13582028
"720",0.89792042,0.96052877,0.94526273,0.94376453,1.0378892,2.990608,0.2328366,0.39601832,0.11699268,0.13829629
"721",0.93856356,0.95175877,0.95618984,0.94539166,1.0502473,3.0285498,0.23706681,0.40962248,0.1159865,0.13625394
"722",0.96137335,0.92457025,0.8972842,0.97557723,0.99208911,3.0383466,0.32303629,0.35826212,0.11763455,0.14276213
"723",0.9285854,0.90011686,0.88388043,0.91337341,1.0103938,3.1553889,0.37505223,0.38331158,0.11976406,0.14592336
"724",0.89736042,0.92271325,0.89067014,0.94855203,1.0253488,2.8782283,0.37175177,0.39626541,0.11372858,0.14235502
"725",0.8283622,0.877133,0.94487701,0.94013965,1.0129534,2.9334907,0.32166835,0.39674595,0.11631602,0.14573856
"726",0.83170719,0.86478079,0.93648205,0.93688865,1.0181743,2.8800226,0.31878866,0.40983694,0.11836728,0.14543252
"727",0.86558597,0.88439274,0.92891072,0.95548379,0.97085366,2.8497604,0.33023101,0.42540292,0.11736832,0.14911276
"728",0.82590121,0.87561048,0.90909964,0.96647408,0.99724168,2.66373,0.42357415,0.39669952,0.12262142,0.15566996
"729",0.89958229,0.93655082,0.86487727,0.97273117,0.97843969,2.7549957,0.40115943,0.39016791,0.12959106,0.15631876
"730",0.91224927,0.90292158,0.90080038,0.97704426,1.0215241,2.5667284,0.38428587,0.43132819,0.13032969,0.15698344
"731",0.78601517,0.89182945,0.86981966,0.94905869,0.9771532,2.7179791,0.39203222,0.46180101,0.13657322,0.15878175
"732",0.82370007,0.9026511,0.87791241,0.9398854,0.98750848,2.6705348,0.35669393,0.45881285,0.13551928,0.1596967
"733",0.88480998,0.92178501,0.89712941,0.96583803,1.0435997,2.7908621,0.30656361,0.46204278,0.13217765,0.15938933
"734",0.93133489,0.94429312,0.93190205,0.97397865,1.023481,2.5007518,0.353397,0.45112319,0.13767868,0.15850509
"735",0.86795511,0.9046527,0.87692409,0.94115415,0.98895064,2.6204133,0.33474984,0.42302225,0.13961515,0.15417464
"736",0.90802187,0.8882826,0.95602777,0.97720305,1.0324572,2.190111,0.38668876,0.38190513,0.13435908,0.14779921
"737",0.8928343,0.85236939,0.98374346,0.95489305,0.99644766,2.2598629,0.35048972,0.37520566,0.13325725,0.14656547
"738",0.92513746,0.93207639,0.93824118,0.95989949,1.0259646,1.9600995,0.34192999,0.38966472,0.12759257,0.14681073
"739",0.92307151,0.87130162,0.99157828,0.99234299,0.95537233,1.9468328,0.28273551,0.37966067,0.12413065,0.15047219
"740",0.94146857,0.92886131,1.0253467,0.96640702,0.99433928,1.919337,0.27711544,0.39383024,0.12076206,0.15266489
"741",0.94250914,0.93261231,0.98884284,1.0442018,1.0017241,1.9691893,0.22596676,0.38599314,0.1255873,0.15458483
"742",0.87773563,0.88276509,0.89743866,0.95791228,1.0147007,2.4275743,0.32191855,0.35744093,0.12420126,0.15928023
"743",0.92558187,0.89859706,0.93642607,0.96121189,1.0079264,2.3706133,0.30142816,0.39197423,0.13197937,0.15462508
"744",0.88700432,0.89380633,0.91877969,0.93317678,0.99118839,2.5114027,0.26975058,0.40929832,0.12552675,0.15736094
"745",0.83474012,0.84627915,0.89303965,0.89931355,0.95565267,2.4895264,0.31928559,0.41594302,0.12903259,0.16271309
"746",0.88416357,0.90538921,0.99322997,0.93495479,0.96906579,2.5566019,0.27857392,0.43936014,0.1292427,0.1661865
"747",0.89143909,0.91594752,0.93224868,1.032828,1.050647,2.5860822,0.26494846,0.40029693,0.12741315,0.15928986
"748",0.859221,0.89467708,0.94135758,0.94670611,0.97663674,2.4784236,0.24732413,0.42407229,0.13056798,0.15780015
"749",0.87432093,0.91727376,0.9565919,0.94402859,1.0423578,2.2905844,0.26277997,0.38421421,0.12629985,0.16106205
"750",0.90679198,0.90084418,0.88048204,0.99590444,1.0251943,2.1685275,0.29940901,0.41839387,0.12009515,0.15578445
"751",0.8796691,0.92104266,0.94884507,0.98079871,0.97813144,2.3322296,0.24865591,0.43862318,0.12200771,0.14675666
"752",0.90601924,0.86086696,0.91182896,0.95308212,1.0136906,2.215253,0.28585739,0.43246426,0.11023897,0.14446784
"753",0.88276905,0.89128767,0.93126905,0.96941189,0.98180949,2.19887,0.1756203,0.42422534,0.10502031,0.1483233
"754",0.8968708,0.88645194,0.95697124,0.96870248,0.9824061,2.1983987,0.18638619,0.40674296,0.10343232,0.14982865
"755",0.85451829,0.90916202,0.93019442,0.94042376,0.99493909,2.1558492,0.21219179,0.37501002,0.11046767,0.15596747
"756",0.93124747,0.92263338,0.97448167,0.95124631,1.0036035,2.2375954,0.25451001,0.37791475,0.11553249,0.15702051
"757",0.90014321,0.92888529,0.89625316,0.89970058,1.0323125,2.3274365,0.1975626,0.35482631,0.12189391,0.15474082
"758",0.86019284,0.86908931,0.93215006,0.91791292,0.98928124,2.4058611,0.33361403,0.32087379,0.12892754,0.15673225
"759",0.9235588,0.88722683,0.92549002,0.9647217,0.9940779,2.6489528,0.38322577,0.34725759,0.12600299,0.15118487
"760",0.92463222,0.90305127,0.93431126,0.9548538,1.0076328,2.4468546,0.27700397,0.34605733,0.11500166,0.14516917
"761",0.86908702,0.88342408,0.90472726,0.95760745,0.95343553,2.5122238,0.28234305,0.3685348,0.10981159,0.15062588
"762",0.91313186,0.89140803,0.8909913,0.96273027,1.0288287,2.5951498,0.28431822,0.35625986,0.11391912,0.1471308
"763",0.86417619,0.88216623,0.85751903,0.88632606,0.94413486,2.6567458,0.32076111,0.35489082,0.11136707,0.14506401
"764",0.85936214,0.90876547,0.90439124,0.97505475,0.97386174,2.5895511,0.38588288,0.38236698,0.1174908,0.1352298
"765",0.89627294,0.88172302,0.89885306,0.92907747,0.97151363,2.5593644,0.37814981,0.39991473,0.11627772,0.13408232
"766",0.94573974,0.90683682,0.92187242,0.95711388,1.0162044,2.4713275,0.32497472,0.39262172,0.11069742,0.13717762
"767",0.93604732,0.94497847,0.90986334,0.92139527,1.0018113,2.5186382,0.31197779,0.34637176,0.11119164,0.13122697
"768",0.81888162,0.90848632,0.92394216,0.951503,0.97795781,2.5179513,0.3001869,0.34787355,0.11322245,0.13545598
"769",0.89626761,0.94170947,0.89675305,0.94769089,1.0151848,2.4714273,0.34858355,0.35321286,0.1110156,0.13387059
"770",0.81161036,0.94325794,0.94923993,0.98054162,1.0435655,2.3670796,0.3018969,0.40050438,0.11205999,0.13319248
"771",0.91181681,0.93859416,0.96932408,0.99293274,1.0181558,2.5355627,0.3175698,0.40002774,0.11710099,0.1393649
"772",0.82851581,0.91899724,0.9873792,1.0330838,1.0156047,2.3569359,0.29813048,0.43045043,0.11554143,0.13855106
"773",0.83328133,0.90728327,0.97062445,1.0359458,1.0211304,2.447636,0.29295436,0.42218846,0.11720258,0.13693169
"774",0.84799059,0.92968357,0.9245009,1.020257,1.0174854,2.4553331,0.30372744,0.4742836,0.12004914,0.1331143
"775",0.85024231,0.89922212,0.96162634,0.96899949,1.0492041,2.6460241,0.32394781,0.47475627,0.12128378,0.14022919
"776",0.84824624,0.92845466,0.89337649,0.97751335,1.0655713,2.5611447,0.29236945,0.5441789,0.11947258,0.1405099
"777",0.86510567,0.86816312,0.8412535,0.92310075,0.95071696,2.5511039,0.35459663,0.46438398,0.12969215,0.1478568
"778",0.86213373,0.91965482,0.91565311,0.9802532,0.94107303,2.4036021,0.34893597,0.43732099,0.1373814,0.14454862
"779",0.8823434,0.8559829,0.91896662,0.91836341,0.98149316,2.9659235,0.14580487,0.44016955,0.1262639,0.15470578
"780",0.85954003,0.83434288,0.86465391,0.93833345,0.97731154,2.8754133,0.20311567,0.45005798,0.11900204,0.15730057
"781",0.84600089,0.89868515,0.89668021,0.94882048,0.99454947,2.894784,0.25963695,0.44914944,0.12437828,0.16084589
"782",0.83936739,0.89756324,0.91210408,0.85964291,0.98903932,2.9371416,0.26060462,0.42692626,0.12257715,0.15023511
"783",0.86854779,0.86946529,0.9184374,0.94851745,0.98047856,2.4274656,0.20460267,0.42975499,0.13459001,0.15200398
"784",0.84802709,0.87771824,0.93475475,0.92934414,0.95550403,2.2350086,0.17505295,0.42058478,0.13059214,0.15013064
"785",0.91145734,0.86385259,0.92424555,0.92717784,0.98554692,2.2105634,0.17925414,0.39311593,0.12600469,0.14202975
"786",0.92409428,0.87352248,0.91569493,0.9152944,0.96912472,2.1769456,0.17539486,0.37785706,0.12756546,0.14376464
"787",0.88863947,0.88605021,0.8773586,0.89429032,0.97668244,2.2435345,0.19912864,0.36500557,0.11971423,0.14010883
"788",0.91393848,0.85582802,0.83501432,0.89206297,0.98889979,2.3381754,0.19863655,0.36738748,0.12242866,0.13649763
"789",0.90730641,0.82940769,0.85197471,0.90179292,1.0043603,2.2876873,0.22095748,0.36697919,0.12486997,0.13624346
"790",0.83861955,0.88627091,0.87603971,0.96201895,0.95692638,2.255125,0.27171415,0.39495443,0.12488409,0.13368005
"791",0.85213206,0.87770638,0.91334206,0.96185107,0.96258648,2.3424286,0.28922196,0.36872689,0.1237788,0.13654736
"792",0.86043549,0.89747107,0.85344051,0.86906802,1.0384335,2.1220085,0.34886418,0.39520535,0.13760705,0.14314974
"793",0.95960917,0.87242599,0.85628091,0.94858915,0.91640921,2.1398055,0.30777765,0.38332908,0.1390773,0.13693616
"794",0.88146017,0.91515987,0.94249537,0.9583474,1.063332,2.3244654,0.24274903,0.38323592,0.12825203,0.13871119
"795",0.93346613,0.85402779,0.92954179,0.97183665,0.99836506,2.0708172,0.31077784,0.36974477,0.11988034,0.1389324
"796",0.86168065,0.93067789,0.91507634,0.89923071,0.98195083,2.2643731,0.35767734,0.37131096,0.12292219,0.140029
"797",0.89756019,0.86098635,0.92735467,0.96184183,0.99094636,2.4361834,0.3612443,0.389644,0.12862407,0.13928623
"798",0.81835608,0.92746104,0.91784161,0.93651035,0.98982338,2.3877976,0.38466262,0.36076422,0.13307649,0.13768618
"799",0.88655967,0.90685777,0.96759099,0.99141328,0.97767393,2.2721635,0.45971131,0.35380517,0.13328896,0.14293938
"800",0.86468579,0.93446929,0.91917446,0.93021621,1.0331846,2.5526795,0.34456729,0.3456142,0.12983938,0.13962755
"801",0.94187685,0.90924653,0.94500773,0.98462327,1.0448568,2.2647822,0.38221699,0.38858023,0.13435008,0.14085496
"802",0.86980943,0.96569677,0.9672038,0.99789657,1.0566533,2.2545558,0.25836367,0.44593688,0.12057471,0.1409956
"803",0.93420873,0.91945518,0.94251237,1.0270603,1.0529786,2.2968317,0.29038144,0.43257237,0.10615642,0.14234082
"804",0.86930508,0.93546923,0.933927,0.88164954,1.0234163,2.4438769,0.21626113,0.45141827,0.1063608,0.14502222
"805",0.91488969,0.9087001,0.94616695,1.029173,1.0152073,2.3286997,0.26093359,0.43362523,0.099530063,0.14740087
"806",0.91006761,0.9029824,0.95633025,0.94977328,1.0243413,2.3776436,0.29022676,0.44117503,0.099629813,0.1484331
"807",0.8588849,0.89158205,0.9462152,0.92677004,0.99159097,2.401061,0.28684032,0.44855402,0.096941739,0.14674856
"808",0.84946071,0.89068325,0.89201287,0.91104376,0.96772368,2.4927108,0.37634958,0.40819515,0.10464644,0.14894454
"809",0.86375708,0.93511496,0.93860072,0.93088364,1.0019145,2.5706267,0.33118353,0.4070666,0.10896985,0.14593915
"810",0.89087818,0.9414434,0.93731733,0.93875293,0.99465697,2.5077653,0.32146001,0.40840871,0.10900074,0.14595438
"811",0.85282552,0.894814,0.90129795,0.97864991,1.0188329,2.5573926,0.36598133,0.40811143,0.10475913,0.14444021
"812",0.88682674,0.87159173,0.95120477,0.94493597,0.99864588,2.3935435,0.34318827,0.35148304,0.10984427,0.14627545
"813",0.87240434,0.85467052,0.95476644,0.93260378,1.0098515,2.3951597,0.278274,0.36496541,0.10558991,0.14275937
"814",0.94522204,0.94955325,0.94239148,0.87879964,0.96652715,2.2591848,0.30655572,0.35962831,0.094954864,0.14569989
"815",0.92771432,0.92949065,0.87358424,0.96118366,1.0502979,2.2398687,0.23500906,0.32044716,0.097524935,0.15116687
"816",0.90284035,0.94430619,0.93192591,0.91876312,0.99463028,2.2083939,0.28518704,0.36236023,0.090318734,0.15314518
"817",0.89656553,0.91376672,0.92405861,0.98174439,1.0387096,1.9111424,0.32075825,0.33688623,0.10260968,0.15727185
"818",0.90129185,0.92048377,1.0078762,0.97486148,1.0293162,2.0022392,0.30724952,0.32474871,0.10637842,0.157621
"819",0.90023263,0.88247116,0.86764539,0.97169125,1.0198198,1.9893195,0.28555457,0.33651296,0.1017071,0.15613194
"820",0.91853374,0.89351824,0.94757213,0.96446316,0.99312766,2.018125,0.29113489,0.33307724,0.10640642,0.15806137
"821",0.87477059,0.89663059,0.97141326,0.98518568,0.97591921,1.9078931,0.28478278,0.36282791,0.10181726,0.15957709
"822",0.86700361,0.92071994,0.94163121,0.94313923,1.0380566,2.2997724,0.21853038,0.37543927,0.098470077,0.14872465
"823",0.89295359,0.92496574,0.9228568,0.95994041,1.0111967,2.2284785,0.26023065,0.37472824,0.096760089,0.15376682
"824",0.9014077,0.94371109,0.92098374,0.96664395,0.99605933,2.1299751,0.28324013,0.37189238,0.10121322,0.15172503
"825",0.87798868,0.86420424,0.95889151,0.90611429,1.0252174,2.3520536,0.3458839,0.38753504,0.098308039,0.15127521
"826",0.94973575,0.93801069,0.90255335,0.94138618,0.96731731,2.4656273,0.25682865,0.42372436,0.095226965,0.14649109
"827",0.97652513,0.90396311,0.93882129,0.98629935,1.0377161,2.4350006,0.29322135,0.40427955,0.098957538,0.14189215
"828",0.93215393,0.96604554,0.91338679,0.94441405,0.99553859,2.3571471,0.2900215,0.3933788,0.09884147,0.1426116
"829",0.93241261,0.88829799,0.96625095,0.94427195,1.0343261,2.2494772,0.38856511,0.40012779,0.10459728,0.14334946
"830",0.87720597,0.93111356,0.91762074,0.98574643,1.0449373,2.3192796,0.42787427,0.33904765,0.10710821,0.14372248
"831",0.76145896,0.88388569,0.89287043,0.90997487,0.98420203,2.2937899,0.40388747,0.34064385,0.11137615,0.14019964
"832",0.79344676,0.8720249,0.90295688,0.90686034,0.95354616,2.2740949,0.41543394,0.34998812,0.11290623,0.14292371
"833",0.77922963,0.84202908,0.88084183,0.91884115,0.96548679,2.3310885,0.41778723,0.32410796,0.11321758,0.14313608
"834",0.79973534,0.88238328,0.86803134,0.92707557,0.96793889,2.2984164,0.42093346,0.33518594,0.11696957,0.14453456
"835",0.8089188,0.88370057,0.88271529,0.93302109,1.0088459,2.2969546,0.47993185,0.34738994,0.12280326,0.14163571
"836",0.85163816,0.852272,0.92562984,0.8962817,0.99778248,2.7023512,0.42711336,0.40195451,0.12161643,0.13320705
"837",0.83351231,0.89287894,0.91543773,0.89308105,0.97311919,3.4661109,0.29960122,0.32411842,0.11671475,0.1398594
"838",0.83590283,0.88393561,0.88117345,0.9131437,0.99102638,3.4730149,0.28325474,0.33049625,0.11738995,0.13875069
"839",0.84318643,0.85005681,0.91022247,0.90326498,1.0085496,3.5269213,0.33047284,0.34172005,0.12212883,0.14171522
"840",0.92196274,0.90851058,0.93431122,0.92886073,1.0040907,3.5263472,0.30578788,0.33031504,0.12013891,0.14323166
"841",0.88486647,0.90439331,0.95334608,0.95044779,1.0042337,3.787506,0.28536412,0.31509294,0.12126395,0.14338573
"842",0.90795583,0.89014364,0.94584854,0.94915276,1.031731,3.4647092,0.28843123,0.34054835,0.12275062,0.14522413
"843",0.89812313,0.91465453,0.95728373,0.96876796,1.0237137,3.336582,0.28323541,0.44698553,0.11954007,0.14508009
"844",0.92751227,0.8384826,0.99320875,0.94304878,0.99858868,3.3995199,0.28638845,0.47058176,0.12029644,0.14231522
"845",0.86305394,0.93699972,0.91766484,0.98042636,0.98990716,2.8848496,0.32830269,0.46248526,0.12704697,0.14198364
"846",0.88862588,0.87377922,0.8902099,0.9668628,1.0540358,2.9231797,0.3156991,0.47150231,0.12634052,0.13729084
"847",0.89182437,0.90020298,0.9171273,0.94752574,0.95689227,2.9910322,0.31696699,0.43817654,0.12934417,0.13912785
"848",0.891137,0.88552532,0.90994386,0.99226041,1.0119278,2.9115,0.28909109,0.42974152,0.13981454,0.14011604
"849",0.88068581,0.92017663,0.87755305,0.9559695,1.0155438,2.4869972,0.30982749,0.45699179,0.15128248,0.1430316
"850",0.87342921,0.91402341,0.88598021,0.94922249,1.0069496,2.5605042,0.27410363,0.45399271,0.15084903,0.14205756
"851",0.86297707,0.92770765,0.90135773,0.94098847,1.0045574,2.6349506,0.28625827,0.45357401,0.15138567,0.14434992
"852",0.92326534,0.93416674,0.89882374,0.96958323,0.97006952,2.5238827,0.2668562,0.45770128,0.14331222,0.14532755
"853",0.8558907,0.91819869,0.95849163,0.94034816,1.0412836,2.8009961,0.32876116,0.42033569,0.13864168,0.14143819
"854",0.88123687,0.94612606,0.94595037,0.95335899,1.04001,2.6536822,0.32796425,0.42052914,0.1408979,0.14327399
"855",0.84669854,0.94068416,0.93496809,0.92764882,0.99696,2.5443911,0.30746832,0.42031268,0.13205574,0.13719746
"856",0.93550245,0.95079433,0.96140809,0.97026214,1.0317482,2.5344714,0.32201254,0.37252017,0.12840752,0.14038691
"857",0.89996477,0.93917384,0.95059885,0.96944064,1.0097887,2.536419,0.35517883,0.39237558,0.12192636,0.13585397
"858",0.90291839,0.92269489,0.96236246,0.94636547,1.0079327,2.564517,0.34865359,0.36337606,0.1270711,0.13830846
"859",0.90126451,0.92220942,0.97057977,0.9489667,1.0034812,2.6160654,0.36083225,0.36831805,0.12597942,0.13640866
"860",0.87653895,0.94440003,0.95150814,0.97923008,1.0135508,2.5372196,0.33707154,0.41487398,0.12422909,0.13506625
"861",0.85792002,0.94030935,0.94949815,0.96547282,1.0084264,2.6892223,0.35786424,0.37945941,0.12799516,0.13554941
"862",0.88571699,0.94003458,0.94693759,0.963089,1.0229185,2.6257038,0.29758303,0.38232527,0.12328595,0.13706721
"863",0.91297136,0.92088234,0.94772721,0.97137429,1.0183288,2.7446211,0.25270707,0.39643173,0.11969014,0.13967462
"864",0.91241595,0.93323572,0.98090693,1.0447407,1.0748193,2.2156527,0.28803635,0.38831777,0.13130632,0.13853004
"865",0.8829981,0.90519392,0.89558762,0.92375938,0.95921311,2.1723453,0.26311311,0.39801472,0.12598481,0.14323348
"866",0.89854329,0.90792294,0.9121527,0.99678617,1.0129989,2.1142672,0.31550495,0.39306843,0.12635953,0.14042988
"867",0.86831272,0.9141153,0.92348867,0.95250163,0.97158259,1.8680475,0.26376159,0.43679779,0.12508967,0.13771281
"868",0.90690442,0.86081339,0.89234767,0.99504277,0.99341796,1.9817245,0.24083311,0.43043143,0.12081808,0.13683407
"869",0.88164587,0.87542475,0.92340085,0.96404167,0.97287836,2.1526899,0.25496264,0.39387541,0.1204847,0.13480067
"870",0.87935291,0.86725936,0.9460407,0.97314463,1.0055331,2.1104884,0.23664677,0.42842072,0.11013713,0.1319728
"871",0.87461636,0.90532346,0.93483685,0.98484603,0.97868258,2.1106932,0.29717266,0.42566935,0.10918599,0.13232512
"872",0.83893557,0.89823165,0.9131442,0.9411404,0.99744525,2.4038456,0.24368138,0.40970128,0.12865239,0.13146678
"873",0.80389352,0.9191778,0.95341106,0.96421978,0.97990084,2.3426615,0.26091619,0.38603341,0.13255267,0.12698707
"874",0.90339948,0.9010166,0.947171,1.0307105,1.0405918,2.1427885,0.2613496,0.37221176,0.13331631,0.13072371
"875",0.88419525,0.90340614,0.9018646,0.99826941,0.98963502,2.1267606,0.30277018,0.39307088,0.12716052,0.13099282
"876",0.88111791,0.96068916,0.93758931,0.96118957,1.0414419,2.3716342,0.20903116,0.42342639,0.11388938,0.1334752
"877",0.88828875,0.93352226,0.91595756,0.98844111,1.0260109,2.3091802,0.23785799,0.4191136,0.11449017,0.13319388
"878",0.90100735,0.93275198,0.90034799,0.96629478,0.95742053,2.2631146,0.26875525,0.4313634,0.11230642,0.13648212
"879",0.90649222,0.89139677,0.89883199,0.95278758,1.0029265,2.1688641,0.23976341,0.40917711,0.10782102,0.14141752
"880",0.88702775,0.91480272,0.96977149,0.93162873,1.0052025,2.2649574,0.22462193,0.39298809,0.11572547,0.14788722
"881",0.89479218,0.93364246,0.96287273,1.0260619,1.0293383,1.9989037,0.28411957,0.39980323,0.11237199,0.14829211
"882",0.84652274,0.89011221,0.99385376,0.91100437,0.98698163,2.1020341,0.30212359,0.41178069,0.1107725,0.14560403
"883",0.89013575,0.89575599,0.93066404,0.98022971,0.99105711,2.2824085,0.3462715,0.43123229,0.10506155,0.14479254
"884",0.92314242,0.86308349,0.91294925,0.91596917,0.96713763,2.4678171,0.34893464,0.52091052,0.10540885,0.1567406
"885",0.86882392,0.90745589,0.88279199,0.92212347,1.0002197,2.300598,0.30484619,0.50782572,0.11127179,0.15798255
"886",0.96706208,0.91124114,0.95877434,0.98381872,1.0048336,2.4877569,0.23329545,0.46134449,0.11660027,0.15280131
"887",0.99321173,0.88355388,0.95033923,0.98382854,1.0245658,2.3969008,0.24748172,0.4508605,0.121725,0.15380815
"888",0.98037659,0.95870118,0.9140506,0.97581704,1.0002701,2.3183851,0.23445354,0.41820728,0.10848323,0.1448706
"889",0.89672554,0.90815751,0.94974084,0.94498871,1.0225486,2.2958579,0.18291227,0.45168017,0.10549816,0.14449677
"890",0.90027765,0.90218499,0.89795351,0.90973036,1.0072011,2.4411635,0.2043838,0.45482485,0.099682578,0.14312154
"891",0.86151277,0.94656761,0.90398131,0.96711142,0.99924239,2.9134875,0.20611744,0.45782689,0.1256297,0.14982497
"892",0.90411017,0.90497222,0.94459071,1.0445928,1.0388996,2.592397,0.25577102,0.46352615,0.11717726,0.14779688
"893",0.91462692,0.94407072,0.95448291,1.0107471,1.0237832,2.6943964,0.26860706,0.41801417,0.12255654,0.14510408
"894",0.88797402,0.87049392,0.91572353,0.98179443,0.99955281,2.4248826,0.27599788,0.4365096,0.12670946,0.14421636
"895",0.89040832,0.91386498,0.97343115,0.989318,1.0340145,2.299813,0.30064628,0.43667004,0.12944671,0.14928011
"896",0.87870995,0.87064908,0.95449078,0.98965213,1.0295906,2.2603623,0.26528962,0.43506239,0.13144043,0.14869114
"897",0.87201771,0.89107005,0.94894465,0.96972649,0.99370469,2.1504713,0.28963312,0.40407477,0.13154336,0.14510315
"898",0.87708058,0.87892142,0.91326163,0.95075325,1.0105473,2.4243995,0.27286058,0.42475213,0.13083497,0.14287435
"899",0.79873017,0.85999849,0.85189824,0.93680826,1.004758,2.4958524,0.25741452,0.42522868,0.12887172,0.14615125
"900",0.91572441,0.9178886,0.90739732,0.96537107,1.08357,2.3188051,0.2504049,0.37958709,0.12145199,0.15017484
"901",0.92930691,0.97957909,0.94270661,0.99251504,1.0648629,2.1790541,0.29688629,0.40302622,0.12894505,0.1494409
"902",0.86501218,0.88204482,0.92542854,0.93761573,1.0111576,2.2833352,0.35569474,0.38001957,0.12442628,0.15179851
"903",0.877602,0.891129,0.9350073,0.94005411,1.0136289,2.3201436,0.37017909,0.38169112,0.12471808,0.14965733
"904",0.88140938,0.94305536,0.95111996,0.92392536,0.9785358,2.3300949,0.26593819,0.37579108,0.11795129,0.15158853
"905",0.92355607,0.94805302,0.92283164,1.0154122,1.0131045,2.3545838,0.25745199,0.3778954,0.10996126,0.14975789
"906",0.88510178,0.88847636,0.9378652,0.98497397,0.99783494,2.3716526,0.35128866,0.39138545,0.11951395,0.14480519
"907",0.92488346,0.94129555,0.90072436,0.89868442,0.982982,2.3477366,0.28882926,0.45399143,0.11471327,0.14187741
"908",0.8494975,0.96181829,0.92999002,0.93486525,0.98164286,2.1438935,0.33556606,0.46266024,0.11597091,0.13915668
"909",0.87065129,0.903109,0.93823965,0.97196142,0.98658563,2.3955517,0.30868716,0.47226009,0.11831872,0.13872721
"910",0.88007793,0.93899111,0.94757086,0.9721012,1.024656,2.2319097,0.33055117,0.46633224,0.11291473,0.14104094
"911",0.86963505,0.92475567,0.95230679,0.9987945,1.0594827,2.2385386,0.27304277,0.47594347,0.1085236,0.14047473
"912",0.92880325,0.96187998,0.8813583,0.99086411,1.0528428,2.2831792,0.22059808,0.39006102,0.11696024,0.14149591
"913",0.89364483,0.96626718,0.95507848,0.96928174,1.0717686,2.2526844,0.24725227,0.40805457,0.11213123,0.14080996
"914",0.9175585,0.93751337,0.93898676,0.97067374,1.0551518,2.1934862,0.24360985,0.42030813,0.11632857,0.13874378
"915",0.887345,0.90227508,0.941416,0.92291366,1.0076617,1.9654944,0.31877536,0.45254794,0.11951309,0.14083309
"916",0.90126187,0.91993007,0.87140287,0.92453513,0.97002408,2.0054063,0.33336088,0.44682881,0.12214856,0.14050274
"917",0.9259207,0.92256292,0.93112436,0.9580047,0.97597461,1.9119318,0.29475316,0.42894291,0.12448329,0.14035426
"918",0.91227728,0.87945523,0.93853435,0.91595352,1.0122769,2.0794759,0.20495382,0.33677292,0.11968056,0.13685005
"919",0.8362422,0.95251442,0.93217811,0.97856491,1.0313995,1.9222768,0.18008506,0.31779624,0.12414221,0.13512132
"920",0.88901684,0.89353037,0.93375799,0.96669657,0.99207519,2.0993487,0.2354585,0.28520034,0.1176213,0.13544136
"921",0.89200586,0.90091148,0.92426249,0.97250546,1.0051345,2.1597585,0.25537047,0.27347971,0.11453386,0.13464469
"922",0.88289014,0.89748671,0.92651468,0.98112932,1.0064418,2.1504412,0.26269218,0.26159451,0.11541632,0.13526968
"923",0.89159368,0.87004905,0.89781424,0.88848178,0.97365056,2.5775214,0.26652848,0.26767602,0.1183829,0.13431239
"924",0.91480898,0.90933643,0.91242455,0.94809369,1.0450683,2.2613486,0.25514273,0.27995236,0.11397546,0.13680874
"925",0.85634757,0.90233934,0.92732891,0.9560739,1.008899,2.3506252,0.36285032,0.36007407,0.10599638,0.14411841
"926",0.85783165,0.89030398,0.93329148,0.952619,1.0131951,2.5271037,0.25855691,0.28005949,0.10292474,0.14073101
"927",0.85990189,0.94451624,0.93813222,1.0455605,0.99978668,2.3251719,0.26295911,0.30189098,0.10519886,0.14046561
"928",0.84870105,0.86271081,0.94908089,0.9576175,1.0001964,2.7381721,0.25111298,0.32187506,0.10268741,0.13711962
"929",0.89438113,0.87721241,0.95650774,0.97699791,0.98495561,2.5284091,0.24216773,0.35626557,0.10309025,0.13590669
"930",0.8156592,0.92009595,0.93726783,0.94517454,0.99368549,2.4818597,0.18310596,0.36009312,0.094704574,0.13478831
"931",0.82509747,0.88932112,0.94546368,0.98456939,1.0166758,2.8463015,0.23857281,0.41256001,0.093271318,0.13423047
"932",0.88029529,0.87219829,0.91794157,0.99318076,1.0131124,2.6840307,0.2766303,0.40520791,0.098701997,0.13495386
"933",0.86186867,0.93218245,0.97666976,0.94060163,1.0142659,2.9847072,0.20008991,0.44201972,0.10973948,0.14382913
"934",0.86014275,0.90453202,0.94840935,0.96920382,0.98738387,2.8963234,0.21136957,0.42231438,0.11990935,0.14589655
"935",0.9118695,0.91351443,0.94109998,0.96080042,0.98266947,2.6304971,0.22285235,0.45061441,0.12007348,0.14615498
"936",0.95847801,0.9350832,0.94962698,1.0155538,1.0094866,2.528054,0.13883711,0.443166,0.11865705,0.14645662
"937",0.93661515,0.96310696,0.96677326,0.98916699,1.0638032,2.6496545,0.17176058,0.4396354,0.11630651,0.15050015
"938",0.8993781,0.87553335,0.86675293,0.94406763,0.95524629,2.1362927,0.21748759,0.38652054,0.10789374,0.14343156
"939",0.82955918,0.87827177,0.95039309,0.9384561,0.96302786,2.3935348,0.20107597,0.38175076,0.10802253,0.14677304
"940",0.85264625,0.8764416,0.88154203,0.95552787,0.98797055,2.3061022,0.16880585,0.41162671,0.10413368,0.14878849
"941",0.8342541,0.88986543,0.89126902,0.89150666,0.9385603,2.5299411,0.17705057,0.35250077,0.10798955,0.15122546
"942",0.8959953,0.88438816,0.89710881,0.94809453,0.96327254,2.4503584,0.26135957,0.35088665,0.1180303,0.14748071
"943",0.83467613,0.89840788,0.92072725,0.93117458,0.98469821,2.4556772,0.32378088,0.3459846,0.11831046,0.14358055
"944",0.89879387,0.92157189,0.907261,0.94177759,0.99208687,2.3931066,0.34701815,0.40248585,0.10540375,0.14506691
"945",0.91840024,0.92809627,0.95672178,0.96350926,1.0108197,2.3225909,0.31367419,0.41035165,0.10983067,0.14648425
"946",0.89726533,0.91332029,0.88131428,0.96392076,0.97507519,2.2633053,0.33059731,0.39873192,0.099636648,0.14654369
"947",0.82587988,0.92374673,0.98080908,0.99551493,1.0092744,2.5087308,0.34840928,0.42961704,0.1117934,0.1472174
"948",0.85134414,0.91674453,0.8929353,0.96540003,1.0069883,2.5689911,0.36992495,0.43799599,0.10089536,0.14336172
"949",0.81946768,0.89294518,0.8927946,0.89654522,1.0034299,2.866426,0.37751552,0.49011968,0.094905485,0.1510143
"950",0.99086165,0.8961407,0.9431766,1.0179505,1.0232284,2.0605575,0.22460661,0.50679868,0.11376497,0.14197594
"951",0.92023215,0.96460027,0.95126971,1.0069247,1.0432216,2.0143431,0.12154233,0.54299086,0.10458382,0.1459733
"952",0.97090664,0.90372631,1.0192684,1.0179431,1.0409063,1.9659584,0.13664853,0.46361537,0.099068517,0.15244147
"953",0.92650927,0.93805286,0.91406172,0.95666035,0.95011921,2.0655078,0.14163394,0.47590034,0.10849056,0.14895457
"954",0.94044655,0.88224151,0.9513651,0.9394544,0.97997473,2.1124443,0.15001168,0.49855142,0.10613719,0.15623631
"955",0.93064407,0.96122912,0.92478404,0.99176755,1.0111706,2.1872917,0.2095987,0.4329343,0.10531809,0.15248453
"956",0.95406138,0.90947862,0.91550596,1.0012052,1.0310902,2.1635439,0.2524595,0.42020449,0.11483142,0.14953283
"957",0.89217895,0.95421759,0.89045012,0.988758,1.0350414,2.6970889,0.22413681,0.42654487,0.11676898,0.14695267
"958",0.88515028,0.90018796,0.85983812,0.99455836,1.0293427,2.2555194,0.26201413,0.44084987,0.11493418,0.1428636
"959",0.83180965,0.90712992,0.86315306,0.9053231,0.99933172,2.8335814,0.32021766,0.41107879,0.10562357,0.14186702
"960",0.85539789,0.87179176,0.8941436,0.92631352,1.0150621,2.9474454,0.29465396,0.43264568,0.10565044,0.143161
"961",0.86609637,0.91621844,0.85182304,0.89822246,0.98623287,2.5014956,0.30813183,0.38701901,0.11993232,0.13832471
"962",0.85970508,0.86974646,0.84917623,0.90619754,0.98756589,2.6140492,0.30632477,0.36464633,0.11168184,0.13846788
"963",0.8465268,0.89016334,0.88514298,0.97064274,0.96226362,2.5173664,0.28703687,0.32777974,0.1136907,0.13875271
"964",0.85680372,0.88589887,0.84027236,0.96231728,0.9902415,2.5732392,0.23846022,0.35547742,0.11603299,0.13781712
"965",0.83243736,0.90133244,0.93847102,0.97310755,1.0156602,2.549891,0.2438059,0.35519262,0.11015403,0.13585338
"966",0.83412626,0.93428806,0.9014945,0.97942138,1.0159957,2.8570519,0.25858192,0.37753763,0.10589859,0.13977576
"967",0.87850688,0.90683379,0.94814677,0.9490636,1.0103684,2.6052211,0.26076474,0.38753615,0.11125932,0.13489346
"968",0.88376997,0.93134827,0.93241987,0.93445419,1.0211048,2.7139798,0.2246663,0.39441167,0.10978517,0.13704157
"969",0.81987123,0.89944001,0.86728508,0.98618121,0.93154109,2.5675564,0.24498189,0.38592457,0.12050855,0.13735975
"970",0.85437961,0.92559111,0.92324525,0.99838735,0.97488998,2.6283628,0.24949623,0.38785672,0.11902265,0.13400902
"971",0.88938726,0.92550643,0.90847738,1.0411907,0.9628073,2.7863351,0.26937332,0.34928432,0.1200475,0.13644395
"972",0.85574519,0.8654074,0.87661412,0.94310742,1.0076485,2.8449548,0.24431703,0.34139823,0.12365894,0.13177065
"973",0.88657827,0.929504,0.93070987,0.94237177,0.97086355,2.4929756,0.21730042,0.34680883,0.12140205,0.13565991
"974",0.90023981,0.92408504,0.95730399,0.94537741,0.94604898,2.1066388,0.25157064,0.3466861,0.13323291,0.14025423
"975",0.86762527,0.89142297,0.90557394,0.93317315,1.0211056,2.0119608,0.2472202,0.36840904,0.1276246,0.13907458
"976",0.86369796,0.93545614,0.97591475,0.96762645,0.96489917,2.2197096,0.30503261,0.33915803,0.12156499,0.14185042
"977",0.83643728,0.79717981,0.96591082,0.95173198,0.96512397,2.1504878,0.26619797,0.35035013,0.11511009,0.14600268
"978",0.84461053,0.90486331,0.96017769,0.92397154,0.9751991,2.378565,0.19527651,0.35846957,0.10837244,0.14547929
"979",0.89824057,0.95953439,0.9085165,0.97960134,1.0278078,2.3357406,0.17536548,0.37049226,0.11734371,0.1456859
"980",0.86842856,0.97140318,0.99499593,0.99710502,1.0247205,2.4592482,0.13466142,0.32865239,0.10954625,0.14784787
"981",0.88998313,0.90677294,0.87641435,0.97808407,1.033163,2.4105122,0.15007687,0.32683272,0.11638791,0.15168929
"982",0.86535825,0.91068167,0.97041828,0.9754483,0.97289212,2.4361676,0.15281856,0.32851598,0.12338971,0.15191794
"983",0.89619836,0.87854019,0.94702089,0.96043678,0.98676722,2.6380856,0.13718722,0.34357125,0.12333562,0.15089623
"984",0.87132331,0.88518582,0.94412592,0.97995798,0.9836334,2.4305252,0.16049341,0.35962064,0.12838878,0.1484087
"985",0.8539258,0.90512621,0.93046961,0.95794271,0.99317535,2.6851289,0.21156903,0.31056845,0.12616381,0.15154362
"986",0.91223439,0.89908125,0.89783395,0.96756986,1.0308113,2.8412948,0.30593947,0.30732745,0.11762667,0.14896626
"987",0.88599365,0.88938504,0.91415855,0.94761141,1.0141182,2.6399848,0.3256307,0.32380579,0.12311042,0.14811624
"988",0.87233665,0.87113425,0.88019577,0.92678777,0.97009882,2.7840821,0.3250859,0.3073007,0.12295437,0.14804844
"989",0.89694628,0.93942576,0.95574023,0.97067466,1.0172003,3.0197927,0.32880862,0.27976559,0.11487278,0.14188697
"990",0.85398762,0.87162647,0.90884641,0.92841893,0.99472527,3.2565185,0.32961451,0.3571986,0.11744095,0.14493074
"991",0.84200286,0.88659136,0.92466771,0.94228248,0.97958651,3.1454105,0.29785057,0.35732282,0.11565993,0.1445575
"992",0.87190735,0.92222447,0.89216222,0.97320172,1.0410606,2.7865982,0.40703422,0.34115227,0.12177469,0.14014398
"993",0.84499109,0.86760857,0.91775758,0.90867115,0.97397857,2.7948099,0.42314153,0.34464022,0.11938587,0.13471123
"994",0.87047743,0.9417277,0.90809435,0.99113237,1.0664358,2.934325,0.37543125,0.38422494,0.12360874,0.13245097
"995",0.88687805,0.93891364,0.89402163,0.9901888,1.0423399,2.8941129,0.3726878,0.3974021,0.12304812,0.13098721
"996",0.86291684,0.83769501,0.88350498,0.91687698,0.98176411,2.9619739,0.42175386,0.39534689,0.12518874,0.13297335
"997",0.86001673,0.82323501,0.88793579,0.91242086,0.98002109,2.8731138,0.41412829,0.41344133,0.12245873,0.13321934
"998",0.82422824,0.8293827,0.8784513,0.86000659,0.97547879,2.6120049,0.44816259,0.36713958,0.11972243,0.13180385
"999",0.80808885,0.87655444,0.93625917,0.95625416,1.057721,2.6403835,0.43708547,0.37969293,0.12671371,0.13746295
"1000",0.88058771,0.89301072,0.9484157,0.92558133,1.0006673,2.5239072,0.39820067,0.38149966,0.12876803,0.13875211
"1001",0.92642553,0.88869126,0.89943263,0.93673517,1.0609823,2.614036,0.20413038,0.36466915,0.1230339,0.1520384
"1002",0.89738525,0.87619678,0.87180991,0.95951931,1.0460601,2.4927199,0.189822,0.3898942,0.12065335,0.15359473
"1003",0.89570579,0.87756806,0.96098272,0.98740691,0.97295684,2.121612,0.26977577,0.41767233,0.13383731,0.14361896
"1004",0.91057804,0.86882172,0.95531435,1.0094869,0.97390318,2.0957131,0.26621719,0.41123829,0.13341383,0.14366382
"1005",0.95950013,0.91904117,0.93059483,1.0020281,1.0045897,2.1221743,0.23959569,0.35324887,0.13056747,0.13620938
"1006",0.95765705,0.93506844,0.8968286,0.93027713,1.0145736,2.0658683,0.24983176,0.34566442,0.12905985,0.14093004
"1007",0.95694444,0.93783784,0.90103747,0.92904085,1.0126908,2.111058,0.23383073,0.34545474,0.13311008,0.14075613
"1008",0.8004202,0.91973562,0.90871679,0.97207434,0.96500687,2.6114735,0.22292683,0.33541667,0.15748083,0.15806611
"1009",0.88469396,0.88302437,0.93363984,0.89924293,0.99970189,2.4673963,0.27178312,0.3716911,0.14520556,0.14772963
"1010",0.90965205,0.94368724,0.87726197,0.94028033,0.99577292,2.1241389,0.2907348,0.35893087,0.14632531,0.14694398
"1011",0.90479129,0.92500824,0.88719269,0.94237349,0.9934033,2.2652149,0.2711384,0.35307988,0.14387595,0.14736818
"1012",0.85594601,0.90439248,0.93875032,0.9492935,0.96658928,2.1925441,0.32168048,0.36798081,0.14758545,0.14464573
"1013",0.83342809,0.89422156,0.95091925,0.9869833,1.0239598,2.3737783,0.34871652,0.41124613,0.1409043,0.14339482
"1014",0.86794967,0.89440874,0.89464785,0.95791914,0.9842943,2.4508643,0.27950205,0.43243522,0.1373848,0.14194954
"1015",0.85147271,0.8989204,0.91826927,0.9743663,1.0100524,2.3793065,0.25854205,0.43751809,0.1365274,0.14087371
"1016",0.87404893,0.90498771,0.90176495,0.9449034,1.0444371,2.1322951,0.29020344,0.41096824,0.14101362,0.14511811
"1017",0.87284851,0.90263199,0.90253691,0.94796165,1.0414625,2.1063491,0.30075474,0.41016264,0.14173937,0.14468484
"1018",0.89851515,0.90968804,0.89767898,0.94955508,0.9941908,2.1251355,0.32875855,0.41150554,0.14535349,0.14483854
"1019",0.91467319,0.91232974,0.89712459,0.96184791,0.99047864,2.1850781,0.31579482,0.42724478,0.14773721,0.14448698
"1020",0.93149534,0.88276087,0.91121771,0.97760704,1.0295095,2.285276,0.27330432,0.39853576,0.1404341,0.14691574
"1021",0.93492486,0.89498144,0.92648681,0.94285176,1.0231943,2.2787949,0.30228945,0.36119886,0.14293922,0.15406595
"1022",0.91411689,0.87876145,0.91807776,0.97782627,0.97295159,2.2934947,0.30939519,0.37781912,0.14321244,0.15044989
"1023",0.84220016,0.89445849,0.95119359,0.92942268,0.99861902,2.0958976,0.31288169,0.36123318,0.1393507,0.15226495
"1024",0.86370616,0.89167703,0.9577777,0.94787641,0.94180017,2.1895304,0.27593553,0.37193409,0.12907416,0.14971539
"1025",0.90448418,0.91948571,0.91710545,0.93471784,0.98502646,2.1150138,0.2805939,0.35088492,0.13921031,0.14503956
"1026",0.87425913,0.88239495,0.93392936,0.9708509,0.97373871,2.0414258,0.30373397,0.34084806,0.13061515,0.14503338
"1027",0.84349379,0.87838892,0.95226642,0.97100145,1.0014913,2.1661954,0.30646884,0.33243133,0.1310841,0.14478159
"1028",0.92624644,0.94758867,0.92026358,0.93812248,1.0337773,2.3364888,0.3268742,0.32520115,0.12779516,0.14925833
"1029",0.85500696,0.88453404,0.89550266,0.88547142,0.99201555,2.6060596,0.3698074,0.32910383,0.12716575,0.14832732
"1030",0.89685968,0.87647516,0.8884009,0.92666388,0.9735167,2.4960883,0.28343822,0.35432933,0.12536951,0.14540132
"1031",0.91825782,0.93501886,0.90095867,0.95333161,1.0517696,2.5131873,0.20876573,0.31620199,0.1289184,0.1519628
"1032",0.89198601,0.85885293,0.91804992,0.94066467,0.98591066,2.7606815,0.26913561,0.33039903,0.11197314,0.15063986
"1033",0.88270168,0.85830778,0.91543704,0.93666066,0.97738706,2.7493958,0.27011953,0.34502757,0.10994016,0.1507651
"1034",0.86581105,0.92070378,0.86375319,0.9052652,1.0848237,2.4713492,0.30497482,0.35212055,0.12000588,0.14904505
"1035",0.88264332,0.89986099,0.92208241,0.97458239,0.99853693,2.61764,0.24371204,0.37677666,0.11258632,0.14748333
"1036",0.95521325,0.94222806,0.93812802,0.96787369,1.0841161,2.3698907,0.28886521,0.39539053,0.12590228,0.14726865
"1037",0.97502925,0.9218436,0.95742382,0.96795531,1.0951633,2.2301289,0.29857618,0.38065676,0.12373829,0.14757187
"1038",0.88621619,0.86397897,0.92347589,0.93011014,0.96524249,2.4235737,0.20486159,0.34979532,0.13148093,0.14382407
"1039",0.88547006,0.92043665,0.91037817,0.97431522,1.0241933,2.5451418,0.33223238,0.43065399,0.13232732,0.12761878
"1040",0.89182857,0.92894843,0.93160778,0.95206953,0.99890279,2.4877139,0.30318393,0.42994508,0.12377296,0.12939818
"1041",0.89218546,0.9336109,0.90896009,0.9478674,0.99503953,2.4823758,0.32682938,0.41726228,0.12280203,0.12786669
"1042",0.90454861,0.92847822,0.88919711,0.91932231,1.0015184,2.4720665,0.31092478,0.42574876,0.12632858,0.12797076
"1043",0.88415144,0.90813636,0.94097782,0.94285077,1.0103044,2.5153249,0.27417014,0.41964926,0.12505234,0.12800262
"1044",0.85012481,0.90516555,0.89784511,0.91782984,0.99652946,2.5534059,0.30897183,0.40396193,0.1175986,0.12915968
"1045",0.88304575,0.91902031,0.94447947,0.88340584,0.98115467,2.4184581,0.29772232,0.38825661,0.12037617,0.13414062
"1046",0.8816461,0.91314412,0.95755748,0.88005162,0.99173625,2.4556818,0.28298715,0.37893223,0.12131233,0.13469496
"1047",0.88084487,0.88690269,0.93270092,0.91075054,1.0133198,2.312088,0.30128781,0.41534,0.1165932,0.13482342
"1048",0.84757341,0.93195037,0.96948645,0.99092396,1.02048,2.1123754,0.30063288,0.29192011,0.11358655,0.13053976
"1049",0.81672144,0.92309015,0.9252743,0.96368523,1.0193293,2.1973096,0.24798163,0.2743711,0.1184943,0.1336305
"1050",0.8210995,0.92173812,0.92000081,0.96052435,1.0054483,2.4010536,0.32407548,0.27538615,0.11246041,0.13221162
"1051",0.87477887,0.86058384,0.9733096,0.94383176,0.98944659,2.1841903,0.34706995,0.29950977,0.12337109,0.13948375
"1052",0.93715126,0.86669779,0.92545104,0.98094161,0.9338502,2.0880916,0.32994007,0.29332082,0.12210706,0.13992501
"1053",0.91557228,0.86249696,0.96288439,0.95709215,1.0241778,2.1481334,0.32391813,0.30130534,0.12663771,0.13814774
"1054",0.82651698,0.90622773,0.89504391,1.0051229,0.96811296,2.2235171,0.29985962,0.33179715,0.13437889,0.13655136
"1055",0.83391101,0.87528036,0.882903,0.96913459,0.97443614,2.2527049,0.32775849,0.33601142,0.13219508,0.1371341
"1056",0.81365443,0.89661899,0.92715351,0.99716355,1.0182298,2.3384976,0.30246918,0.34127496,0.13381314,0.1416723
"1057",0.92713466,0.91789717,0.92705827,0.95702426,1.0167545,2.7193513,0.23191348,0.44834573,0.13538118,0.14906842
"1058",0.89731541,0.90324362,0.90667171,0.96497449,0.98083208,2.9254028,0.24776808,0.4096656,0.12281302,0.13504428
"1059",0.92798317,0.88018191,0.91016345,0.95037951,1.020656,3.0951332,0.2484233,0.41771656,0.12188611,0.14015689
"1060",0.88037745,0.89886866,0.92454348,0.96038732,1.0378446,2.7770125,0.28126884,0.421384,0.12031216,0.14058697
"1061",0.877784,0.84962437,0.87859468,0.95388458,0.91708533,2.9110445,0.24150925,0.44695007,0.1201097,0.14054244
"1062",0.83508304,0.87908052,0.9039195,0.89698076,0.99696494,2.5924326,0.30299036,0.44631564,0.11637635,0.13964953
"1063",0.88512525,0.87696892,0.97519787,0.93748673,0.95525902,2.7512376,0.23822267,0.43766082,0.1220257,0.14067351
"1064",0.87608936,0.85902301,0.95102522,0.908318,0.96735089,2.7356277,0.23951275,0.45855975,0.11825293,0.14242732
"1065",0.86670064,0.90188917,0.97055776,0.95949187,1.0498499,2.4146252,0.20049352,0.45874163,0.12237804,0.14305703
"1066",0.87251259,0.86118917,0.90477172,0.94985576,0.9815956,2.6380256,0.20764345,0.44443846,0.12064435,0.13870947
"1067",0.86884047,0.91325845,0.94697207,0.94529573,1.0307778,2.4939554,0.20955607,0.42916063,0.11685301,0.1376728
"1068",0.90842433,0.87119794,0.93286135,0.9053808,1.0115705,2.6060642,0.22078055,0.43436035,0.10482689,0.13733627
"1069",0.87083393,0.82760553,0.89595835,0.99801107,0.9714673,2.6175497,0.19446233,0.46647839,0.10563724,0.13392101
"1070",0.87565615,0.94309618,0.89847274,0.99436453,0.97080406,2.1771141,0.34528663,0.44636626,0.10859833,0.12405835
"1071",0.89405699,0.92696215,0.90762257,0.96679882,1.0152526,2.3362417,0.23363339,0.43177199,0.10907519,0.12374374
"1072",0.86258613,0.87315669,0.92870353,0.936255,1.0100505,2.5576569,0.32775412,0.33152567,0.13363406,0.12338287
"1073",0.87766881,0.95367028,0.92448539,0.97877313,0.98847914,2.3270228,0.28167255,0.34569894,0.13350672,0.12601264
"1074",0.86934151,0.87594094,0.97134583,0.97794358,1.0540766,2.3791833,0.26147132,0.36278306,0.12281107,0.13262244
"1075",0.86852918,0.90748387,0.96248467,0.98170712,1.0138345,2.3639684,0.31346437,0.35745009,0.12093017,0.12912301
"1076",0.90182623,0.85366483,0.88910914,0.9298617,0.98682122,2.6316546,0.33319972,0.39384238,0.11024398,0.13412775
"1077",0.87363235,0.90274392,0.88952219,0.95576019,0.9574756,2.6046635,0.43096122,0.39520796,0.11620728,0.13877256
"1078",0.93785694,0.94508972,0.92638453,0.93180196,1.0351412,2.2044257,0.29242212,0.37363713,0.10964933,0.13296304
"1079",0.92860534,0.92454182,0.92169597,0.96113103,1.0428224,2.3788867,0.31236391,0.35574899,0.10486542,0.13402018
"1080",0.85779887,0.92835694,0.94053215,0.96962802,0.93636103,2.4056837,0.21164129,0.35963737,0.1155823,0.13653945
"1081",0.86954754,0.93937267,0.94147221,0.96993055,0.93500719,2.3981615,0.19639001,0.33983811,0.11912181,0.1354314
"1082",0.91173365,0.84952947,0.91926826,0.9261261,1.0111312,2.7674053,0.17431582,0.31784385,0.11389443,0.1387466
"1083",0.8629035,0.91328361,0.88610798,0.84056563,0.95694944,2.5008799,0.11905479,0.32077577,0.120362,0.13594604
"1084",0.85088908,0.83610464,0.93403287,0.8890629,0.98807811,2.4970238,0.16823422,0.33358396,0.11668048,0.13472857
"1085",0.87142166,0.85851568,0.92404897,0.90765337,0.97204054,2.5997452,0.15998171,0.30471172,0.12019918,0.13546495
"1086",0.85125811,0.86922504,0.93102413,0.91279682,0.95946123,2.5474542,0.23289305,0.27722787,0.11916208,0.13213416
"1087",0.82265558,0.8636138,0.86734315,0.90599322,0.96899917,2.5147435,0.21261305,0.30489091,0.12895518,0.13435089
"1088",0.92180341,0.95287469,0.95137058,1.045817,1.0306288,2.2407445,0.24771866,0.29642138,0.096839553,0.1304469
"1089",0.86100544,0.87334404,0.90559053,0.91494948,1.0259911,2.5786721,0.20246679,0.4324259,0.11880763,0.11845153
"1090",0.90711236,0.91006196,0.95323312,0.93321719,1.012343,2.1184121,0.28758772,0.45027875,0.11634569,0.12811098
"1091",0.97058103,0.94439274,0.98776935,0.97718259,1.0071019,1.8844734,0.34981854,0.39998057,0.11722191,0.13083684
"1092",0.96394526,0.92848443,1.0120718,0.95394147,1.0587193,1.9928724,0.32273312,0.43335402,0.12465738,0.13204894
"1093",0.87703843,0.87003804,0.89359207,0.95719466,0.96967687,2.2278382,0.14329602,0.35636546,0.11863567,0.12840801
"1094",0.93298048,0.91682609,0.8917644,0.95457947,1.0722399,2.0281625,0.091540313,0.34997376,0.11901825,0.13047402
"1095",0.86616892,0.88864762,0.9611319,0.94733878,1.0225752,2.2106372,0.054396052,0.37615331,0.11801788,0.13488133
"1096",0.92469108,0.94926063,0.87757966,0.89620104,1.0222744,2.2416029,0.063293755,0.35868012,0.11955511,0.13720741
"1097",0.89291853,0.94879842,0.92909025,0.94667053,1.0730569,2.0790849,0.072534177,0.35348145,0.1186382,0.13414631
"1098",0.93971106,0.95525113,0.8830607,0.98439107,1.0550762,2.1624283,0.064558924,0.37705777,0.11705238,0.13685148
"1099",0.89610917,0.9015414,0.92105976,0.96554728,1.0012265,2.0857147,0.18167924,0.33925775,0.11027065,0.13754042
"1100",0.88963253,0.87562931,0.92570199,0.95688661,1.0166051,2.3783323,0.17577051,0.33832718,0.12687131,0.13553536
"1101",0.91499844,0.9088501,0.93384968,0.97497386,0.98038977,2.4346363,0.18601284,0.35218452,0.11889356,0.13591174
"1102",0.86911211,0.93179523,0.94433843,1.0444711,0.96848179,2.166255,0.21601558,0.38577284,0.11882991,0.12833491
"1103",0.86495511,0.90312483,0.9023073,0.96753326,1.083016,2.2547297,0.2004575,0.351175,0.12155215,0.13241763
"1104",0.9076215,0.88580542,0.94567448,0.99331981,0.96314249,2.2086719,0.23137421,0.37061825,0.12396257,0.13219379
"1105",0.85953706,0.89454771,0.88600335,0.91867413,0.9806009,2.5162423,0.25603587,0.35934956,0.13551425,0.14249033
"1106",0.88624941,0.87722551,0.92432231,1.0049095,1.0654298,2.2445587,0.35264218,0.39916735,0.14018856,0.14338329
"1107",0.91345808,0.91637978,0.980015,0.89997722,1.0139917,2.2752881,0.29328354,0.47212673,0.14134222,0.14075542
"1108",0.87812089,0.9175191,0.8843559,0.98067632,0.98825383,2.8163841,0.3758789,0.39818588,0.13791749,0.14856121
"1109",0.84342525,0.91014878,0.86115133,0.94920115,0.99220092,2.5538454,0.37906043,0.43980858,0.12627119,0.14044279
"1110",0.93526362,0.90703937,0.99459668,0.98252711,1.0128281,2.3255832,0.14331564,0.39676768,0.11486928,0.13266011
"1111",0.85743188,0.89464777,0.88593157,0.96336208,0.99880777,2.8520839,0.34181896,0.40001345,0.12040436,0.14512625
"1112",0.87973324,0.90454586,0.94535196,0.95275071,0.9995621,2.4541545,0.35291676,0.38728464,0.12198165,0.14231219
"1113",0.90670397,0.89417202,0.93996461,0.91397085,0.97894938,2.5171326,0.29281425,0.37686434,0.12063218,0.14300282
"1114",0.95567963,0.91402539,0.98050165,1.0329391,1.0800291,2.5040932,0.26132719,0.39888908,0.12471876,0.1425518
"1115",0.87484348,0.91699389,0.98396953,1.0355187,0.98723871,2.5446016,0.30244038,0.40880143,0.13175836,0.14331717
"1116",0.90567091,0.9569109,1.0080055,1.0248926,1.0451663,2.3354777,0.27215629,0.41871613,0.12572371,0.13936638
"1117",0.87462164,0.82464946,0.84886652,0.91543673,1.0194629,2.4497628,0.27956468,0.33715565,0.096140644,0.12933691
"1118",0.83520464,0.93128573,0.98473837,0.99020284,0.98928792,3.0120268,0.26032132,0.38112373,0.10474723,0.13018334
"1119",0.9111669,0.91511389,0.96423046,0.99354202,1.028793,1.9286237,0.26022943,0.34799154,0.14468483,0.15645525
"1120",0.8780386,0.89829076,0.87707869,0.88304619,0.93843642,2.1033157,0.32357367,0.3902243,0.12343874,0.15709175
"1121",0.92677416,0.88761955,0.91109026,0.95300628,0.97088188,1.8400894,0.29998894,0.35683158,0.11533473,0.15786712
"1122",0.87866049,0.87433603,0.94002161,0.91100761,0.92863045,1.9026518,0.32631615,0.34623722,0.11975769,0.15545752
"1123",0.88836577,0.90451107,0.88341142,0.93211555,0.96338069,2.2875991,0.29771531,0.35492709,0.1126125,0.15505329
"1124",0.93185021,0.93377664,0.87251019,0.96292406,1.0292295,2.3605014,0.25867848,0.36533058,0.11321173,0.15645027
"1125",0.81191095,0.885039,0.885277,0.94787508,0.98170061,1.9285425,0.29311107,0.37477671,0.12320776,0.15482883
"1126",0.83199697,0.87118651,0.92928067,0.96811161,0.97366177,1.8680393,0.31184903,0.34694964,0.13018289,0.15266591
"1127",0.82994349,0.91068397,0.94513564,0.92414961,0.95615578,2.0758728,0.2910814,0.33394193,0.12861835,0.15258426
"1128",0.86738452,0.84517174,0.91403318,0.99264753,1.0448281,1.8611036,0.26713909,0.32308226,0.12915195,0.14870718
"1129",0.88302713,0.87310381,0.90627087,0.98940899,1.0409129,1.8608836,0.30189947,0.31868769,0.13309843,0.14897246
"1130",0.87822274,0.91250215,0.91462515,0.95230855,1.0165478,2.0471068,0.29087387,0.27902559,0.13050251,0.15663456
"1131",0.90948769,0.91292593,0.88751296,0.93138991,0.9983839,2.0125665,0.30175319,0.30508976,0.12782583,0.15405206
"1132",0.89132805,0.87730618,0.87196973,0.94468574,0.97018375,2.1370377,0.29957819,0.28361678,0.1158465,0.15041073
"1133",0.88864125,0.9054654,0.89598071,0.93155713,1.0002556,2.1188119,0.30813791,0.30124168,0.11432947,0.14715922
"1134",0.86595274,0.88540606,0.97511451,0.94438016,0.99613681,2.1333669,0.26132768,0.30970484,0.12939976,0.15049244
"1135",0.91473157,0.92094603,0.90622924,0.94938077,0.98879697,2.0086254,0.29654717,0.29132781,0.1334813,0.1511718
"1136",0.89623647,0.86472027,0.84667934,0.971151,0.97430271,2.106416,0.27443403,0.31346461,0.12615283,0.14825963
"1137",0.85863938,0.91798921,0.92500779,0.96681481,1.0073786,2.2718892,0.28305593,0.28780041,0.11179917,0.15162759
"1138",0.93669774,0.96395055,0.95687792,1.0243962,1.0494422,2.2896445,0.26961531,0.29374319,0.11304882,0.15638691
"1139",0.93856185,0.97425642,0.98162327,1.0249338,1.004892,2.3004303,0.24056047,0.31136106,0.11141596,0.15137393
"1140",0.80897494,0.85829515,0.85366798,0.90702403,0.97391964,2.2896546,0.28517506,0.35807136,0.09889255,0.14916492
"1141",0.8730298,0.87266571,0.91093961,0.93012922,1.0103539,2.0711949,0.2494187,0.3721505,0.10745645,0.14848774
"1142",0.88070851,0.8654294,0.91612816,0.93956097,1.0052575,2.2877447,0.2623335,0.36899584,0.10609574,0.14948717
"1143",0.81940479,0.93731629,0.92073797,0.97132199,0.95522452,2.3132448,0.22561006,0.42837179,0.099265166,0.14454283
"1144",0.85340998,0.99985679,0.96942298,0.97256097,1.0853825,2.4028726,0.14867564,0.38592366,0.10377664,0.14625419
"1145",0.89885059,0.97590688,0.94161114,0.98271683,1.0323722,2.3258256,0.17024961,0.36508968,0.087690421,0.14674245
"1146",0.87051472,0.98263621,0.91488434,0.97597798,1.0452975,2.3893128,0.18837138,0.36221849,0.099065928,0.14662665
"1147",0.90600566,0.83377763,0.8955834,0.94785594,0.99606581,2.5744972,0.18781656,0.37141419,0.10302534,0.15018991
"1148",0.90349803,0.85764067,0.94467055,0.99149604,0.95268315,2.7162093,0.17870943,0.35777747,0.1064268,0.14905382
"1149",0.88685668,0.9276177,0.97046361,0.961168,0.97723834,2.5698543,0.2145439,0.38063944,0.13108962,0.14596506
"1150",0.8427487,0.91754307,0.92772879,0.96815,1.009797,2.3249212,0.28110583,0.38016952,0.12873021,0.14143003
"1151",0.80643256,0.94456985,0.94095751,0.95768963,0.98544082,2.4485078,0.22487059,0.34695373,0.13790232,0.14143498
"1152",0.90965073,0.85855964,0.89017395,0.92857224,0.96104591,2.52612,0.33547996,0.37198479,0.14991115,0.1404695
"1153",0.84159622,0.86775229,0.94700707,0.87225791,0.9872009,2.3014406,0.29641895,0.34645065,0.15038235,0.13679485
"1154",0.84788035,0.93799086,0.95272094,0.96094191,1.0227252,2.1887148,0.38549464,0.33195025,0.15293768,0.13644439
"1155",0.92800897,0.87075922,0.92041697,0.91115245,0.96754751,2.6191051,0.36352193,0.34542806,0.13673946,0.13693602
"1156",0.90462334,0.83852522,0.89297773,0.91937944,1.0332386,2.2760671,0.41638394,0.38133445,0.14625701,0.13379283
"1157",0.9094061,0.88302902,0.94180756,0.91346483,1.020225,2.3277755,0.40393318,0.35684616,0.14132344,0.13389425
"1158",0.85942744,0.90331806,0.91303169,0.92507077,1.0037534,2.1379803,0.38518201,0.34318184,0.14876787,0.14278262
"1159",0.83948468,0.93691613,0.89867105,0.966154,0.9912914,2.0506144,0.38579608,0.32441612,0.14188668,0.13904252
"1160",0.85214864,0.90140992,0.93651975,0.91404063,0.93571682,2.0614331,0.35139348,0.36702681,0.12840315,0.13099673
"1161",0.94254322,0.92415529,0.91590021,0.99702147,1.0330678,2.2204949,0.40493964,0.25911202,0.096378652,0.12513248
"1162",0.83775583,0.91671094,0.95108216,0.96072934,1.0486262,2.3363979,0.3721842,0.23575199,0.097384741,0.1272973
"1163",0.82630727,0.872381,0.8980937,0.95749308,1.0085687,2.4399099,0.31108636,0.23602286,0.10136881,0.1285472
"1164",0.82979836,0.89481914,0.95312559,0.96200958,0.99789078,2.1275918,0.38994645,0.26636567,0.10164958,0.12758002
"1165",0.93840923,0.91486129,0.85826832,0.92324061,0.97147833,2.2870409,0.30054388,0.33259136,0.10450627,0.138529
"1166",0.92295976,0.86424312,0.93274862,0.93093259,1.0199905,2.2482376,0.34773364,0.31435671,0.11449906,0.13689182
"1167",0.85208432,0.90599836,0.93128128,1.002206,0.99838787,2.5250989,0.31589541,0.30955557,0.12022685,0.13779895
"1168",0.85374995,0.89737794,0.89770038,0.99368473,1.0200519,2.8525372,0.31697773,0.3080141,0.12040416,0.13893634
"1169",0.85083147,0.8533722,0.89497152,0.93021913,0.99229506,2.6811994,0.31332468,0.34080446,0.12191195,0.1363107
"1170",0.83814245,0.94488319,0.95286293,0.96847222,1.0087582,3.3440859,0.33232195,0.3508782,0.11774635,0.14382398
"1171",0.96524416,0.85091676,0.90400145,0.93612782,0.96183262,2.5708053,0.40000562,0.31565263,0.12985202,0.14079327
"1172",0.86936551,0.88944014,0.89600126,0.90304171,1.0170663,2.5791713,0.3478836,0.24310246,0.13530667,0.14213337
"1173",0.85463389,0.89741011,0.92209611,0.99663724,0.9750665,2.3674404,0.3200568,0.37271396,0.13432654,0.14983718
"1174",0.96895428,0.95055783,0.99461524,1.025778,1.0508466,2.6803545,0.27676606,0.41859334,0.1332638,0.14786104
"1175",0.85306865,0.89314933,0.89870436,0.94231384,0.99904889,2.2012762,0.28244836,0.45270836,0.12027617,0.14732743
"1176",0.82151865,0.90083882,0.94665914,0.9592658,1.062198,2.4008605,0.30484788,0.44095584,0.1227084,0.14770775
"1177",0.82867932,0.92489523,0.96017649,0.99147033,1.0428502,2.3759857,0.31105546,0.46294656,0.11898064,0.14831593
"1178",0.85946914,0.96313833,0.9707743,1.0050593,1.0381693,2.1087424,0.29963792,0.45798994,0.1030077,0.15150746
"1179",0.93852949,0.880453,0.93148061,0.96335629,0.96368147,2.3713788,0.31415667,0.46407516,0.11418954,0.14969713
"1180",0.97907069,0.89777247,0.91663264,0.97565153,0.97871082,2.1975816,0.31635068,0.47327342,0.11371376,0.15122028
"1181",0.86028996,0.94504674,0.89179775,0.98205201,1.0145244,2.2868989,0.26267913,0.46338801,0.1223885,0.14991888
"1182",0.86431321,0.84759792,0.92981819,0.95080387,1.0289047,2.7355507,0.34630379,0.36684279,0.10986257,0.14226853
"1183",0.85864607,0.88538417,0.95174562,0.98443105,0.96289501,2.5984064,0.38302967,0.39452449,0.11224842,0.1465042
"1184",0.90253215,0.8654743,0.87842226,0.93645899,1.0093802,2.6985091,0.361575,0.35153347,0.10527335,0.14214098
"1185",0.91616283,0.93310207,0.9678718,0.96869542,1.0380827,2.5040904,0.20346688,0.43952775,0.10903657,0.14267224
"1186",0.83191423,0.8603795,0.91223963,0.92842221,0.93564011,2.2984017,0.21539652,0.39831409,0.10588907,0.1452876
"1187",0.92666531,0.91443909,0.96532573,0.97077134,0.93993637,1.9483255,0.28198204,0.39021083,0.10905657,0.14708735
"1188",0.91558778,0.91190074,0.94042937,1.0117766,0.99841797,2.2379624,0.31356813,0.36088769,0.11395465,0.15311136
"1189",0.81552637,0.89649232,0.89975061,0.86752128,0.9130654,1.9708096,0.29804911,0.36991934,0.11603105,0.15396887
"1190",0.83303591,0.84646101,0.87126073,0.89067866,0.99740283,2.2737216,0.34478594,0.34036181,0.11654654,0.15192605
"1191",0.8587072,0.88168847,0.84061827,0.90775755,0.97120615,2.497553,0.38850041,0.39048324,0.11895609,0.1519052
"1192",0.85776706,0.95424792,0.94227191,0.98369882,1.0113486,2.1768934,0.27237495,0.36024659,0.107853,0.1569264
"1193",0.87351675,0.89217415,0.88884686,0.90541629,1.0015472,2.0085192,0.26151296,0.36741159,0.11277633,0.15192527
"1194",0.86480247,0.92772758,0.90782601,1.007399,1.0063039,2.1772736,0.2802302,0.3236538,0.096739737,0.14116692
"1195",0.92288286,0.95389341,1.0162413,1.0122739,0.99967518,2.0953541,0.21268068,0.32543658,0.087205805,0.14139099
"1196",0.90816832,0.93438367,0.94231533,1.0014407,1.0310529,2.4105068,0.23894063,0.3584562,0.093318693,0.14322833
"1197",0.96709362,0.96614988,0.99358617,1.0040759,1.0418794,2.1006946,0.23290336,0.35729091,0.099371808,0.14049174
"1198",0.93512862,0.94248332,0.95771757,1.0096371,1.0659291,2.1689214,0.19417249,0.34645881,0.10892631,0.14142649
"1199",0.85133087,0.86020901,0.88914579,0.90708694,0.9991405,2.0285905,0.18927439,0.38453072,0.11662792,0.13739245
"1200",0.88326472,0.90364451,0.94227778,1.0142159,1.020657,2.3711208,0.38245765,0.50669721,0.12685658,0.14669022
"1201",0.8983683,0.93383945,0.92749666,0.98217307,1.0236806,2.3121153,0.33325541,0.50407066,0.13119786,0.14675849
"1202",0.9155379,0.94852196,0.91685024,0.99656376,1.003201,2.4488082,0.27994809,0.48688672,0.13687686,0.15150558
"1203",0.8842872,0.86894338,0.88893034,0.9334684,0.99585468,2.8216273,0.29242094,0.42454925,0.12797566,0.13333352
"1204",0.86927639,0.90879857,0.92613141,0.95952862,1.016889,2.5450672,0.30269218,0.37605066,0.11565079,0.13093729
"1205",0.88338709,0.86369464,0.87146443,0.90633348,0.9502922,2.5977398,0.37669929,0.35019923,0.10786963,0.13126927
"1206",0.88534262,0.94513874,0.95486508,0.97976812,1.0128611,2.1976234,0.26229503,0.37274014,0.12235903,0.14453545
"1207",0.8798755,0.95056288,0.95843255,1.0083792,1.0440703,2.3014901,0.24887707,0.37596317,0.12313237,0.14424681
"1208",0.81356922,0.87866798,0.82933547,0.95260309,0.97857766,2.2007877,0.26892764,0.39363807,0.12502232,0.14195612
"1209",0.87889956,0.93449033,0.91204302,0.97102849,1.0451062,2.0136076,0.26576536,0.3857694,0.11158412,0.14081104
"1210",0.90852351,0.89886464,0.93629074,0.93898286,1.0142069,2.6102933,0.25592988,0.34067343,0.12200232,0.13778623
"1211",0.88980675,0.93276109,0.91510744,0.90979416,0.9949418,2.7983562,0.26170769,0.31341372,0.12120703,0.1363141
"1212",0.85863199,0.98424497,0.93266598,0.98161556,1.0364149,2.8784642,0.27348028,0.33639332,0.12209132,0.13615599
"1213",0.86618167,0.83132203,0.90578619,0.96578854,0.99834386,2.5769768,0.25071154,0.41720693,0.10935572,0.13562703
"1214",0.94901648,0.936503,0.98450903,0.9504522,0.98000316,2.6884178,0.22333659,0.45577773,0.12158305,0.1394426
"1215",0.85505062,0.91030531,0.884863,0.90197207,1.0003033,2.6530637,0.23855937,0.45295246,0.12061016,0.14016323
"1216",0.91393355,0.91671142,0.9476442,0.91164323,0.95151378,2.6372879,0.26420769,0.39870515,0.12491675,0.14358526
"1217",0.85161318,0.86542745,0.88080498,0.87304382,0.99887614,2.5975813,0.27898961,0.39428417,0.12683455,0.13725593
"1218",0.90849092,0.88991233,0.8960917,0.90369844,0.95239814,2.5977682,0.2512561,0.41973261,0.12752024,0.13757027
"1219",0.91497373,0.8701401,0.8997245,0.88686712,1.0315515,2.4212513,0.26989023,0.3942709,0.13984572,0.14861711
"1220",0.83386042,0.90491898,0.93983502,0.95048724,0.99256983,2.3879727,0.36651764,0.37764363,0.14404662,0.14272147
"1221",0.8582639,0.93471173,0.91600109,0.98077099,0.98282891,2.1579344,0.26232097,0.38015785,0.14244536,0.14016306
"1222",0.87592456,0.95405784,0.96387671,0.94972624,1.0052655,1.8341372,0.25447879,0.38075234,0.13649787,0.14290144
"1223",0.91518209,0.94418122,0.95177695,1.0463157,1.0212569,2.106834,0.25123375,0.3797229,0.13216561,0.14137635
"1224",0.91806054,0.91261849,0.98031226,0.98982113,1.0095128,2.0981124,0.2369823,0.36894148,0.13743951,0.13819895
"1225",0.84864454,0.90889394,0.86343576,1.0438304,0.98829053,2.1447511,0.22951123,0.3788597,0.12397704,0.13954183
"1226",0.8445029,0.89000306,0.91674904,0.92282716,1.0199843,1.9981545,0.27136497,0.37031742,0.12046962,0.13759155
"1227",0.8428391,0.85473734,0.87091984,0.94829666,0.94670533,2.0668859,0.31097038,0.37522014,0.12168009,0.14343886
"1228",0.9523849,0.93184051,0.96559906,0.99843897,1.057405,2.0194697,0.32555267,0.34325296,0.11511804,0.14337733
"1229",0.97800502,0.91757868,0.95891561,1.0246074,1.0449642,2.0240266,0.3311364,0.3425267,0.11658383,0.14544426
"1230",0.89259987,0.92121811,0.97955993,0.96464734,1.0643102,2.0236989,0.37104404,0.38058954,0.11615129,0.14390228
"1231",0.96756483,0.90858781,0.92467047,1.0261954,1.0116676,1.9509867,0.34753667,0.37360863,0.11194115,0.14550112
"1232",0.8400068,0.90629898,0.97720657,0.95758527,1.0516036,2.2656946,0.25422228,0.40322213,0.11902674,0.1516782
"1233",0.90292523,0.94775604,0.93670552,0.98786739,1.024328,2.2070308,0.2836188,0.39729091,0.11637482,0.14839277
"1234",0.93570275,0.86719621,0.90791022,0.91129007,0.99698284,2.0216614,0.3390356,0.4558147,0.11993156,0.15603084
"1235",0.89854634,0.93361163,0.89974042,0.94120455,0.97753908,1.7183347,0.33750034,0.44360296,0.12869972,0.14868836
"1236",0.92129302,0.9057973,0.99922506,0.99365481,1.0138469,1.8755076,0.40822937,0.43199295,0.1245892,0.1491572
"1237",0.89880208,0.92421811,1.0241323,0.97902012,1.0306673,1.8631004,0.40993,0.41853052,0.12412058,0.15113456
"1238",0.86023418,0.89629385,0.8379621,0.94370059,0.98661264,2.1487906,0.2807527,0.38963126,0.10098435,0.14286175
"1239",0.92018016,0.9119108,0.89439366,0.91960417,1.0165959,2.1802561,0.23478883,0.40057058,0.11766183,0.14707429
"1240",0.89937765,0.87608218,1.0080781,0.95320438,1.0062747,2.6893754,0.2232477,0.30565027,0.12249749,0.14374192
"1241",0.909797,0.8923259,1.0270107,0.95512022,1.0030461,2.6276858,0.21970484,0.28857344,0.12005959,0.14256906
"1242",0.90210476,0.91566001,0.99021939,0.96573626,0.99199618,2.671536,0.2116299,0.27505805,0.12285378,0.1389017
"1243",0.89106297,0.85477433,0.91927329,0.92786628,1.0260409,2.4466932,0.23280448,0.29084209,0.1153855,0.14022673
"1244",0.90227774,0.87796653,0.96916589,0.94087891,1.0192043,2.2194127,0.26452634,0.29162268,0.11476705,0.14125427
"1245",0.84021303,0.89301931,0.89107159,0.90830253,1.020096,2.4000674,0.26008243,0.26040767,0.11315643,0.1396635
"1246",0.91049416,0.85120486,0.94286251,0.98908253,1.0263818,2.0560844,0.23350701,0.2690956,0.11161848,0.13905856
"1247",0.86419473,0.92683366,0.96936425,0.98900163,1.0213606,2.3090726,0.21447621,0.29263835,0.11617565,0.13985389
"1248",0.90318833,0.86557771,0.88037864,0.9171386,1.0034195,3.212969,0.087289283,0.2921155,0.10081207,0.14700133
"1249",0.84786792,0.89385109,0.90340735,0.87228048,0.92323194,2.8233526,0.10857925,0.30097611,0.10787749,0.14728713
"1250",0.86673029,0.95392132,0.92645005,0.97087129,1.0336935,3.0467616,0.16625535,0.29807546,0.1157184,0.15193868
"1251",0.87176973,0.92531312,0.91711255,1.0214266,1.029912,3.1609273,0.16341663,0.30114548,0.10917941,0.15101641
"1252",0.86731054,0.92315946,0.92040165,1.0258681,1.0418796,3.1493072,0.16187175,0.29490062,0.10952011,0.15102444
"1253",0.79778166,0.87846045,0.90354138,0.97136304,0.95226599,3.3451901,0.19418938,0.35632684,0.11565136,0.14914234
"1254",0.73119267,0.89646495,0.86589079,0.96769941,0.9915043,3.2708337,0.18996722,0.37814106,0.11145666,0.15009741
"1255",0.74909976,0.86264553,0.88845955,0.96952204,1.0153856,3.1010882,0.18830047,0.39378239,0.11002037,0.14790743
"1256",0.84427364,0.798832,0.92372282,0.91165428,0.95339101,2.9589162,0.24620315,0.34389753,0.10857521,0.1476275
"1257",0.78051544,0.95631741,0.89473713,0.8942603,0.95553933,1.7665014,0.35558681,0.43730478,0.12419496,0.1359352
"1258",0.82295181,0.95754306,0.90710622,0.8946515,0.96694633,1.6323372,0.34243643,0.44037205,0.12807402,0.13790939
"1259",0.88398194,0.92092475,0.97680668,0.97529879,1.0445602,1.8116354,0.39233322,0.42209915,0.13136649,0.13973136
"1260",0.85993791,0.90499386,0.98306164,0.97123468,1.0635603,1.8108378,0.3791908,0.43750864,0.12688288,0.13718957
"1261",0.94484217,0.93057861,0.88795082,0.93526512,0.97559127,2.0312394,0.41962922,0.39525821,0.12114724,0.1394007
"1262",0.96786338,0.81388482,0.86932258,0.96234477,0.99437058,2.2618565,0.34593768,0.39239315,0.11698691,0.13582344
"1263",0.95265121,0.89723466,0.89630632,0.94359312,0.95398167,2.309995,0.33353897,0.40044852,0.11391735,0.13701245
"1264",0.86564011,0.98679758,0.913696,0.99038922,1.0530627,2.6216744,0.30626328,0.45496444,0.1372997,0.13862647
"1265",0.89666802,0.88596945,0.88157903,0.91116105,0.95366915,2.9233895,0.29966275,0.3958451,0.12595786,0.14083314
"1266",0.93439006,0.93455227,0.9236638,0.93956358,1.0176495,2.5498663,0.30110648,0.38633759,0.12952607,0.14044301
"1267",0.89298393,0.90448487,0.92883238,0.8693437,0.99510763,2.5007863,0.25618761,0.42432428,0.12828376,0.14231861
"1268",0.85381803,0.90862713,0.88398066,0.95333755,1.0024073,2.2332289,0.17894493,0.36034317,0.13155924,0.1538348
"1269",0.82330336,0.91951135,0.88541029,0.93352915,0.98050651,2.2815548,0.23427726,0.35370446,0.13311874,0.14974129
"1270",0.83027144,0.90664542,0.90458064,0.95496247,0.98598728,2.5364821,0.22680121,0.3540931,0.13587375,0.15065527
"1271",0.85907984,0.86023011,0.9280108,0.95372392,1.0246473,2.5589675,0.24947627,0.36075459,0.12071257,0.14875557
"1272",0.8932526,0.88023441,0.91499362,0.88247156,1.0231024,2.6847507,0.2615627,0.35347827,0.12343025,0.14510297
"1273",0.85352452,0.8549993,0.94579148,0.94231652,1.0147566,2.6201834,0.21593925,0.35129634,0.12538003,0.14591832
"1274",0.90198204,0.87759929,0.93852356,0.89004875,1.0199191,2.6415245,0.26115323,0.33581563,0.12241799,0.14530506
"1275",0.85404384,0.85344142,0.96310273,0.91227352,0.98913343,2.3710817,0.17857773,0.34692297,0.12288152,0.14770574
"1276",0.87229309,0.85362409,0.93688711,0.95639172,1.0214151,2.5443184,0.25547352,0.31007735,0.12633606,0.14523377
"1277",0.86971576,0.92941245,0.93898959,1.0052813,1.0221438,2.4012564,0.21059324,0.35325051,0.13788752,0.14677831
"1278",0.90239182,0.93839633,0.89091871,0.98178537,1.0163434,2.4955819,0.19341959,0.34254697,0.13286777,0.14550478
"1279",0.85795027,0.95666415,0.91098699,0.97927725,1.0551942,2.2848886,0.2396282,0.39605295,0.12592283,0.14914392
"1280",0.88754187,0.94108533,0.9322058,0.99584772,1.0021965,2.3302583,0.2543781,0.38873519,0.12588295,0.14589319
"1281",0.85968399,0.89724868,0.88847647,0.95407254,0.99547273,2.2462287,0.27788388,0.37679907,0.12435768,0.14638246
"1282",0.88894826,0.91653521,0.86107274,1.0050744,0.98925804,2.1956267,0.2579766,0.35707259,0.11651175,0.14738681
"1283",0.89809934,0.9160964,0.85048369,1.0077167,0.99400362,2.1982665,0.29156877,0.36419185,0.11973102,0.14983571
"1284",0.89512381,0.91767932,0.90930591,1.0188001,1.0156782,2.0652766,0.26029232,0.37661367,0.12580713,0.14912591
"1285",0.86250111,0.87877572,0.93318722,0.93783638,1.0165728,2.3418981,0.24884666,0.35279644,0.11727211,0.15670665
"1286",0.91892655,0.90598496,0.9536633,1.0305395,1.0162844,2.3264445,0.20573275,0.33268089,0.11372777,0.15127073
"1287",0.87767095,0.88215304,0.9286493,0.93165935,0.97532389,2.425943,0.20051186,0.38829675,0.11681869,0.14957475
"1288",0.86913658,0.89278152,0.87769951,0.99551565,0.9882099,2.448695,0.17111267,0.389496,0.1059666,0.1535843
"1289",0.91601062,0.91857334,0.94389079,1.0237707,0.98298545,2.4110417,0.19780708,0.38850029,0.10797631,0.15395001
"1290",0.89644307,0.9328993,0.941386,1.0202658,0.95579213,2.5255448,0.19444827,0.38032189,0.11011122,0.15457358
"1291",0.90285926,0.9637059,0.95502794,0.97040784,1.0443821,2.4858118,0.21405348,0.36024709,0.11369303,0.14615975
"1292",0.90764722,0.86551582,0.99026984,0.9773148,1.0724169,2.4571283,0.21683106,0.35768162,0.1115423,0.14625969
"1293",0.93822875,0.90250645,0.94524247,0.97523137,1.0211519,2.5030354,0.18059748,0.37566876,0.10754005,0.1487777
"1294",0.89513488,0.89679816,0.94644026,0.95802065,1.0428904,2.2330275,0.18625369,0.39682204,0.10696557,0.14648924
"1295",0.90670278,0.87710287,0.94204159,0.89952163,0.94875321,2.1318581,0.25094421,0.38556737,0.11288606,0.14625739
"1296",0.85902776,0.86374989,0.86714732,0.92015854,0.98966736,2.3796873,0.2270888,0.37864264,0.11064949,0.14405892
"1297",0.83819175,0.92367138,0.91230072,0.94464043,1.0278628,2.1681185,0.30043162,0.39924543,0.11912946,0.1470532
"1298",0.90695511,0.88226683,0.89756266,0.95941464,0.98060209,2.4786668,0.22995903,0.31423581,0.12693002,0.14696016
"1299",0.87561849,0.90366554,0.86521033,0.93596019,1.0019692,2.4202068,0.30706355,0.3615756,0.1239066,0.14688488
"1300",0.87870534,0.92746277,1.0166504,1.0070721,1.0094584,2.2182497,0.34081435,0.28753396,0.1488846,0.15920881
"1301",0.88569832,0.83604904,0.86721458,0.93327132,1.0185688,2.4918586,0.22659105,0.36359014,0.1261713,0.15125139
"1302",0.8746061,0.85257489,0.87554329,0.95000924,0.98640848,2.3868853,0.29875518,0.36493737,0.11822689,0.14986286
"1303",0.86235887,0.85937147,0.874226,0.93573477,0.99007295,2.418376,0.30647361,0.3818761,0.11629245,0.15176326
"1304",0.87907086,0.8786172,0.90945366,0.9520631,0.99801169,2.5084547,0.277185,0.35676831,0.12868304,0.1549463
"1305",0.89816972,0.88216844,0.8607177,0.93657423,1.0161165,2.2997954,0.29858335,0.38775994,0.12845851,0.15574155
"1306",0.8837976,0.93204359,0.88635054,0.92704525,0.98771753,2.4007463,0.27962051,0.36928381,0.12522484,0.15502217
"1307",0.85749996,0.89868554,0.94341125,1.0086752,1.0422672,2.1855126,0.27510467,0.38439776,0.13052114,0.14885815
"1308",0.81248957,0.93267823,0.91653724,0.95456863,0.99427036,2.4297043,0.23824365,0.41722155,0.12454645,0.15284835
"1309",0.86874855,0.8911022,0.85311723,0.93335736,0.98319773,2.538758,0.20237696,0.38763738,0.13056226,0.14384958
"1310",0.95513504,1.0224499,0.9834017,1.024809,1.0743152,2.257869,0.12912858,0.3772125,0.12715689,0.13972921
"1311",0.86946902,0.92107989,0.89683139,0.94915474,0.99511705,2.5511986,0.11589716,0.35856698,0.11633267,0.14609146
"1312",0.89245211,0.95962029,0.93337215,0.975115,0.97690644,2.260418,0.09437192,0.40255633,0.12666279,0.14394052
"1313",0.91767454,0.94846398,0.91287429,0.99931124,1.0491017,2.4790127,0.13224696,0.36631479,0.12065503,0.13546012
"1314",0.83885969,0.85798986,0.92329989,0.98371943,1.0370572,2.1188439,0.10704673,0.42702721,0.11251495,0.12794144
"1315",0.87936907,0.90097232,0.93878883,0.96074441,1.0355582,1.950537,0.098255439,0.37844895,0.11009934,0.12503291
"1316",0.84250752,0.903113,0.93662471,0.97281402,1.0449383,2.3636294,0.16695152,0.37010172,0.12669785,0.13014186
"1317",0.89087466,0.95693997,0.93604262,0.95907527,1.003346,2.4913301,0.14290032,0.38122115,0.12350285,0.1269715
"1318",0.91477841,0.87017499,0.91299957,0.96664393,1.0280834,2.6134281,0.1594711,0.43908099,0.11889486,0.12633467
"1319",0.88865625,0.92428052,0.85433268,1.0103571,1.0246286,2.6622168,0.1679222,0.428508,0.1131291,0.12521981
"1320",0.8516748,0.87698858,0.92908095,0.94885227,0.95840496,2.3026395,0.26474742,0.37872427,0.10046333,0.1367268
"1321",0.85303206,0.88122162,0.92134622,0.99335251,0.98199921,2.8537836,0.35211719,0.3925441,0.13474635,0.13601536
"1322",0.86618955,0.90538567,0.87062895,0.95701753,1.0042606,2.75244,0.37000289,0.44316175,0.13794928,0.14294568
"1323",0.8787633,0.90591541,0.86717596,0.97142256,1.0173032,3.0279955,0.37200831,0.45167207,0.13709788,0.14177766
"1324",0.94005374,0.85202916,0.94271141,0.97464345,0.98665966,2.681238,0.39389651,0.44704217,0.13135417,0.14045553
"1325",0.90382493,0.82938846,0.94362739,0.98351237,1.0572428,2.8620431,0.336644,0.5256763,0.13541274,0.13930525
"1326",0.93029425,0.85289868,0.91836484,0.9369857,1.0413037,2.8478903,0.3587649,0.51065486,0.13827375,0.14206238
"1327",0.90994101,0.89423641,0.9228101,0.94513441,0.95789919,2.6298664,0.37839696,0.49417314,0.12890959,0.1408102
"1328",0.91491269,0.91558419,0.96107716,0.92722615,1.0009915,2.5750818,0.37629874,0.50759427,0.12166573,0.14189051
"1329",0.87076855,0.87887864,0.90964023,0.86728279,0.99478326,2.8899249,0.42863963,0.36629163,0.12784495,0.14765239
"1330",0.86692145,0.86611996,0.89328032,0.9214508,0.98928595,2.6282656,0.42691822,0.36379467,0.12924733,0.14577438
"1331",0.8591955,0.93199714,0.98499926,0.91132734,1.0175045,2.6554113,0.41605134,0.35096692,0.12473879,0.14519639
"1332",0.89161973,0.88754276,0.93675267,0.9632971,1.0318603,2.5119397,0.39249948,0.34138281,0.12283829,0.14533878
"1333",0.90371219,0.88185013,0.93286826,0.92652731,1.0179398,2.5152049,0.42291208,0.3473442,0.12439888,0.14373431
"1334",0.89790856,0.91856952,0.97709705,0.96819418,1.0170295,2.4004562,0.39392642,0.33326454,0.11689165,0.14660658
"1335",0.8843816,0.89750258,0.90047587,0.9697357,1.0175255,2.4822955,0.37867453,0.26186241,0.12419327,0.13610692
"1336",0.87155822,0.89881721,0.9140094,0.96488967,1.0514892,2.385124,0.46467337,0.28474572,0.12184423,0.13739252
"1337",0.85856957,0.93681568,0.92332639,0.96053972,0.96328892,2.4609855,0.16460158,0.2961722,0.1392252,0.15408611
"1338",0.9130256,0.89817158,0.939106,0.96548312,0.97601992,2.3321109,0.13776357,0.26404194,0.13477341,0.15048932
"1339",0.8707745,0.94912193,0.90747848,0.97024903,0.97928819,2.4784609,0.10235271,0.25318822,0.13318339,0.14827254
"1340",0.94947726,0.90984463,0.93220729,0.96580106,0.98667757,2.3670613,0.13486051,0.25053736,0.13502099,0.14865135
"1341",0.94764857,0.86674348,0.97957447,0.9628271,1.019865,2.80942,0.13475704,0.2884861,0.13754412,0.15949802
"1342",0.84063022,0.91655203,0.84516678,0.94853531,0.9958124,2.3396376,0.27140674,0.38137747,0.1285715,0.14108443
"1343",0.83812324,0.89589106,0.8999664,0.95273319,0.99618692,2.242292,0.23217824,0.36085568,0.12937743,0.14043459
"1344",0.85629202,0.89526915,0.89292663,0.93966328,0.99086378,2.2354458,0.23955327,0.36049117,0.13264121,0.13811372
"1345",0.92109614,0.92093295,0.93697392,1.0063316,1.0167492,2.3940526,0.20604773,0.373502,0.11446668,0.14775055
"1346",0.85567586,0.90407476,0.87359915,0.91850004,0.97964421,2.6211823,0.15390626,0.31579135,0.1321364,0.1445228
"1347",0.97417515,0.92282921,0.90865538,0.98902706,1.0259305,2.6803851,0.17266013,0.30371859,0.11940556,0.14284982
"1348",0.83828519,0.8211907,0.84364979,0.92546049,0.9555439,2.7769469,0.28809018,0.3271472,0.1114762,0.14208171
"1349",0.87460572,0.93895067,0.89161996,0.97752311,0.99700768,2.5519098,0.31761115,0.32036085,0.12453184,0.13814042
"1350",0.87351139,0.93736908,0.8806395,1.0661664,1.0010826,2.3644868,0.27551487,0.28132058,0.13030383,0.14109455
"1351",0.85423377,0.89886858,0.9936233,0.98703434,1.0426622,2.1347807,0.29763572,0.36153196,0.10729623,0.14130388
"1352",0.87067787,0.86822016,0.94651078,0.97497454,1.0275039,2.2170467,0.27350446,0.38517199,0.10286983,0.13710999
"1353",0.84125667,0.92468576,0.99128927,0.92842495,0.98086015,2.1402521,0.22996652,0.38941801,0.1053812,0.12863535
"1354",0.92031283,0.87119942,0.91633313,1.0478602,1.0258364,2.0203672,0.28054447,0.30540299,0.12019966,0.13658191
"1355",0.84183221,0.85852427,0.87194049,0.91952566,0.93140174,2.430064,0.33995449,0.27842022,0.10814201,0.13650638
"1356",0.87886471,0.95457885,0.92353609,0.9723747,1.0358819,2.8156936,0.076994766,0.2934078,0.12406987,0.13380796
"1357",0.83379622,0.92025096,0.91528948,0.96842273,1.0124274,2.9010022,0.095508111,0.30410057,0.13197696,0.13330221
"1358",0.85137224,0.90722832,0.92457142,0.94839487,0.99172096,2.7591617,0.12539329,0.2945322,0.13762639,0.13124447
"1359",0.86474373,0.88193012,0.93739751,0.94626225,1.0261735,2.8059809,0.11124315,0.29450911,0.13906597,0.13230015
"1360",0.92917396,0.94181867,0.94855305,0.9751005,1.0442906,2.2507923,0.11943133,0.33100682,0.12971033,0.13546337
"1361",0.91647309,0.89910759,0.90888571,0.9672308,1.0282856,2.1803446,0.12848892,0.3090759,0.13443569,0.13638679
"1362",0.96550567,0.94061491,0.99354252,0.99246088,1.0744975,2.2663176,0.13241823,0.36511842,0.12967459,0.14078764
"1363",0.91239654,0.89453417,0.94972809,0.94508288,0.99489354,2.4638875,0.16619704,0.33178172,0.11920477,0.14181635
"1364",0.91143794,0.89900731,0.94360373,0.94092682,0.99623926,2.4594441,0.16201112,0.33753468,0.11947052,0.14282441
"1365",0.90651415,0.91974711,0.95561199,0.99550842,1.0144511,2.1760041,0.11013435,0.31233855,0.12048739,0.13969878
"1366",0.9382077,0.90210967,0.94572792,0.98730965,0.98022024,2.6121565,0.13260285,0.25584749,0.12821589,0.14470003
"1367",0.93193343,0.90471779,0.93906476,1.0057344,0.98074197,2.4266387,0.12741382,0.2537056,0.12876148,0.14352543
"1368",0.79907732,0.83991755,0.90757856,0.86990155,1.0129447,2.3106175,0.3056672,0.26947082,0.1338722,0.15090186
"1369",0.85675506,0.91263609,0.93916525,0.85630519,0.99449685,2.5938828,0.27468036,0.22740375,0.13585075,0.1533603
"1370",0.86461576,0.88595738,0.88827866,0.93261737,1.0042423,2.6915697,0.24806495,0.23668312,0.13822225,0.15133428
"1371",0.84487106,0.88777552,0.92130516,0.90824587,0.99081682,2.5249467,0.31181715,0.26377308,0.1348888,0.15260428
"1372",0.86222461,0.88975282,0.89873019,0.89649591,0.99950378,2.6737504,0.28170423,0.24388212,0.1374714,0.14743662
"1373",0.89698982,0.87364446,0.89305262,0.94905784,1.0447338,2.2993537,0.30335342,0.23057366,0.14382928,0.15379663
"1374",0.89571666,0.91815045,0.92154381,0.97509745,0.96461138,2.283866,0.26483026,0.24569134,0.13417336,0.15182041
"1375",0.87318913,0.85133467,0.96400737,0.97134895,1.0112097,2.1962985,0.34521784,0.31244629,0.12981513,0.14804984
"1376",0.94138258,0.87725577,0.93183614,0.94787288,1.024674,2.1373957,0.28557031,0.30637177,0.12668762,0.14573834
"1377",0.8959392,0.87881938,0.91666613,0.97651318,0.97590202,2.1668263,0.35840775,0.29256569,0.12200638,0.14455775
"1378",0.82745214,0.95748496,0.88984186,0.89470256,0.99522392,2.0883047,0.34625412,0.28852228,0.12856927,0.1447161
"1379",0.87102954,0.86621043,0.9427031,1.0003312,0.99333739,1.9496304,0.3422535,0.31861479,0.12595782,0.1388373
"1380",0.9203937,0.87709672,0.93298791,0.96143518,1.0284609,1.7514671,0.3358267,0.33099978,0.12589436,0.13535242
"1381",0.87494196,0.85005184,0.96525299,0.95758915,1.0509108,1.6841107,0.37019856,0.32856743,0.12679562,0.1363731
"1382",0.89039091,0.851565,0.93155257,0.94856359,1.034545,1.7940371,0.37847655,0.31596389,0.12610113,0.13711393
"1383",0.86671433,0.88558274,0.92951144,0.96530099,1.0351027,1.8429689,0.39928137,0.32182649,0.12720299,0.13724246
"1384",0.89087781,0.92418252,0.96064276,0.94215191,1.0227162,2.0110406,0.39627722,0.31533881,0.13022512,0.13641422
"1385",0.88423562,0.89230974,0.92722389,0.93315404,1.009913,2.1354856,0.33632511,0.340128,0.13063571,0.13507459
"1386",0.89219443,0.91702933,0.94037324,0.93393348,1.0276477,2.0493203,0.35022279,0.3203086,0.13751877,0.13410463
"1387",0.89491114,0.91726011,0.93650868,0.93656426,1.0275058,2.0451084,0.35089396,0.32048799,0.13790216,0.13421209
"1388",0.85932018,0.90124343,0.91493845,0.96613286,1.0361702,2.0920807,0.32361632,0.31177501,0.13394305,0.13433497
"1389",0.87179552,0.92400079,0.93226492,0.94434135,0.9906248,2.3836487,0.23161551,0.29625319,0.14306871,0.12719637
"1390",0.84276604,0.89957726,0.93807816,0.97567132,0.99655258,2.6055586,0.23920621,0.30539929,0.13711635,0.13088212
"1391",0.95404455,0.90718618,0.97965616,0.99033705,1.0362299,2.3463991,0.26511306,0.30977292,0.13425691,0.13037839
"1392",0.81163816,0.88163922,0.87976413,0.94818088,0.9881363,2.374047,0.38284973,0.35188654,0.13698814,0.12814841
"1393",0.9006033,0.94763629,0.88446535,0.89721363,1.0026385,2.510977,0.18111648,0.41764148,0.12987202,0.1347574
"1394",0.92172235,0.88584005,0.88786122,1.0063965,1.0309066,2.7668652,0.2369174,0.4342986,0.12258505,0.14514391
"1395",0.91699381,0.92242141,0.9052179,0.9313654,1.030365,2.3642412,0.21851701,0.40081555,0.1234043,0.14718141
"1396",0.94511239,0.88764659,0.94777505,1.0133681,1.0276015,2.2781234,0.33971474,0.50079653,0.11350669,0.14295724
"1397",0.8674494,0.8976632,0.8884648,0.93457856,0.95371297,2.2959365,0.28786232,0.49137739,0.12120104,0.14290315
"1398",0.92888081,0.90957893,0.90758524,0.97982844,1.0591213,2.4509822,0.25215475,0.42525384,0.12544608,0.14178975
"1399",0.89363063,0.92130757,0.93083789,0.972433,0.98118888,2.161183,0.23025474,0.46483459,0.12700148,0.14312077
"1400",0.91522809,0.95677936,0.94222852,0.9481622,1.0600715,2.3241762,0.25164328,0.44377653,0.12397651,0.14371435
"1401",0.93132385,0.94184426,0.95009339,0.96357056,1.0331599,2.4569425,0.23679111,0.41243111,0.12534866,0.14509511
"1402",0.93039914,0.91980579,0.93270582,0.99655758,1.0258626,2.3905499,0.24998274,0.4422462,0.12322417,0.14760592
"1403",0.91856119,0.90598361,0.93818409,1.0507275,0.99964839,2.4770535,0.21099414,0.37784999,0.13832369,0.14277015
"1404",0.92127155,0.93967866,0.98564366,0.969063,1.0728864,2.587525,0.21969923,0.41860914,0.1387785,0.13262031
"1405",0.90667058,0.90346706,0.95149056,0.98226061,0.99756256,2.6171902,0.21367662,0.4083987,0.13837632,0.13430932
"1406",0.90816123,0.87158967,0.94933059,0.9174865,0.98256737,2.7812724,0.1907332,0.39481914,0.14203967,0.13326934
"1407",0.88871523,0.92052897,0.88284761,0.97405299,1.0221971,1.8287744,0.29399754,0.39863843,0.1364655,0.1375853
"1408",0.83230677,0.91171883,0.91641214,0.94371999,1.0350714,1.9470188,0.3300425,0.37399849,0.13436763,0.14162092
"1409",0.91718141,0.93651044,0.90599245,0.95951341,1.0171779,2.0647942,0.34365746,0.41100138,0.12838453,0.14026885
"1410",0.86537477,0.91937516,0.92418022,0.97074838,1.0273779,1.9873441,0.39350558,0.43789879,0.12935674,0.14723911
"1411",0.89936316,0.8653656,0.8970067,0.92272714,1.016488,2.5187263,0.32595199,0.39264519,0.1447251,0.14327675
"1412",0.84517676,0.91262407,0.91895547,0.97960298,1.045888,2.4872056,0.26485886,0.37917191,0.11120958,0.14297384
"1413",0.8718562,0.85484484,0.92156896,0.96423951,0.96291784,2.493853,0.27599522,0.37716984,0.10286433,0.14735613
"1414",0.88375362,0.91638047,0.89468736,0.93119566,1.0125155,2.3739999,0.20704432,0.42725904,0.10009465,0.14470058
"1415",0.8854669,0.87398754,0.93572929,0.92631445,1.007912,2.5635387,0.16761759,0.44783145,0.10942792,0.14294058
"1416",0.87445921,0.89114656,0.8548188,0.87272056,0.99138882,2.6283725,0.16369974,0.46788072,0.10588998,0.14393189
"1417",0.86897993,0.92626919,0.89351959,0.95752443,0.98934043,2.4259943,0.20055894,0.43694736,0.099814471,0.14613237
"1418",0.89454133,0.88466355,0.87630085,0.94481082,1.0108362,2.6514925,0.25198405,0.45558365,0.092455672,0.1471449
"1419",0.88435386,0.91606579,0.94107053,0.95581227,0.98680676,3.0020364,0.25881774,0.41942147,0.11514599,0.15082598
"1420",0.82760088,0.90036172,0.93894018,0.9216722,0.94798024,3.1541368,0.25290662,0.41947956,0.11459801,0.14736645
"1421",0.87463409,0.92785907,0.95148499,0.91007233,1.0121284,2.8347108,0.27731599,0.42578753,0.11639868,0.15411168
"1422",0.85583045,0.87701772,0.87000355,0.92836946,0.99984712,2.3926103,0.30929181,0.45036837,0.14715301,0.14157678
"1423",0.86979735,0.87996295,0.89304891,0.92454134,0.99654602,2.3830148,0.30942323,0.44730178,0.1452721,0.14025561
"1424",0.82219128,0.87001017,0.85431076,0.93982565,0.95683092,2.6229085,0.28765802,0.44182774,0.14571377,0.14427248
"1425",0.88321802,0.91144684,0.92719499,0.95827389,0.97170425,2.7696516,0.19394244,0.43567375,0.15100587,0.1316765
"1426",0.82660042,0.88242411,0.95139995,0.91590112,1.0248113,2.5725898,0.23690167,0.44349266,0.14986477,0.13063008
"1427",0.8798397,0.89771154,0.95200902,1.029481,0.98352256,2.582055,0.2256789,0.4362886,0.14234396,0.13278635
"1428",0.88845073,0.89944143,0.94397667,1.0265071,0.98682245,2.6394863,0.22354781,0.43251149,0.14626265,0.13226198
"1429",0.86072978,0.86789183,0.8889628,0.92674807,0.98740459,2.3280284,0.263384,0.43625205,0.16302957,0.13315757
"1430",1.0209949,1.0079234,0.96624332,1.0164385,1.0621655,2.3888732,0.19073491,0.38799093,0.14610639,0.1330199
"1431",1.0115972,0.96055075,0.9138581,1.0425476,1.0873902,2.4666826,0.24542842,0.35320067,0.15667568,0.13436338
"1432",0.82614992,0.85253953,0.81803447,0.86473698,0.90991516,2.688122,0.17978506,0.40456884,0.14765639,0.13594685
"1433",0.92490883,0.83816094,0.86704382,0.9436059,0.90343404,2.5079384,0.16900751,0.40784303,0.14493416,0.13856725
"1434",0.93497028,0.88988119,0.87742775,1.0028954,0.98763497,2.1669049,0.15890507,0.44380272,0.14471825,0.13829789
"1435",0.9387762,0.91141031,0.9225473,0.88995414,0.99415432,2.068068,0.17638076,0.42877073,0.14530916,0.13987609
"1436",0.92700592,0.90032174,0.89882916,1.00074,1.0374822,2.0247189,0.1223879,0.4448277,0.13360359,0.14716549
"1437",0.87150141,0.93611019,0.93380073,0.94128361,1.0050825,2.4137076,0.19239435,0.50104723,0.12703277,0.13252614
"1438",0.91681107,0.85684459,0.93017457,0.93620549,0.96150414,2.4333339,0.38047554,0.4263044,0.11037701,0.13682328
"1439",0.86843825,0.94014702,0.97315227,1.0095648,1.0787198,2.0329977,0.27053039,0.43228823,0.12008777,0.14347266
"1440",0.89309219,0.92687024,0.90299851,0.99517859,1.008637,2.4498519,0.24986143,0.46635136,0.13368151,0.15021179
"1441",0.85980681,0.92922507,0.94282795,0.9525019,1.0181777,2.5276562,0.26070194,0.44817965,0.12879794,0.15419353
"1442",0.88670558,0.90768562,0.89935634,0.99150223,0.98815634,2.3296707,0.29078947,0.42408807,0.12946523,0.15456574
"1443",0.88261495,0.87365412,0.974444,0.92804051,1.0180796,2.264952,0.26845505,0.41493133,0.13059292,0.15246746
"1444",0.91223691,0.90856243,0.91401283,1.0244614,1.005601,2.1417676,0.27330723,0.42458603,0.13734173,0.15436488
"1445",0.88489458,0.92003067,0.88557031,0.93272852,0.97660221,1.9824975,0.35346493,0.38299962,0.13336104,0.14747488
"1446",0.89173798,0.92375039,0.93898154,0.92211456,1.0283757,2.060252,0.31923104,0.37018931,0.13320406,0.14398502
"1447",0.83005115,0.87338898,0.89089326,0.96428992,0.98995105,2.3420465,0.3518289,0.37414972,0.14299879,0.14249807
"1448",0.87442136,0.85154047,0.88512569,0.92287255,1.0049276,2.1412138,0.31336212,0.34342694,0.13992116,0.14414777
"1449",0.79123681,0.86931574,0.89740212,0.92857814,0.99027895,2.2827255,0.26089592,0.36324464,0.1362401,0.14526874
"1450",0.85725836,0.95945418,0.90354231,0.99469662,0.98909061,2.1721983,0.24451963,0.41604299,0.12605987,0.14777017
"1451",0.86263363,0.93703527,0.95913525,0.98781768,1.0289961,2.1748083,0.2869153,0.43044414,0.12162205,0.14867275
"1452",0.85960222,0.92861791,0.89080869,0.92825522,0.995587,2.2546564,0.31273712,0.42854447,0.11809208,0.15054981
"1453",0.88288991,0.9195951,0.94850713,1.0021866,1.0439972,2.1109133,0.33067906,0.38903944,0.12896157,0.14798687
"1454",0.87252149,0.93002036,0.91325627,0.97779939,1.0412629,2.2704119,0.34890463,0.37798816,0.13042846,0.14635776
"1455",0.87460653,0.91127623,0.94516198,1.0110468,1.0498629,2.1566811,0.27361286,0.40246403,0.13209263,0.1487672
"1456",0.83024472,0.90192429,0.91140012,0.94886216,0.93289034,2.774127,0.25228728,0.36205018,0.14082385,0.14870944
"1457",0.89984524,0.88270615,0.95763277,0.98321913,1.029955,2.4766492,0.17413482,0.40184735,0.14094469,0.13555258
"1458",0.85033509,0.89974609,0.916968,0.94543156,0.98399685,2.138256,0.13119762,0.40098217,0.13292917,0.14115397
"1459",0.88662135,0.91957222,0.87455613,0.95851789,1.0100106,2.2026887,0.20291379,0.37429875,0.14162689,0.14358521
"1460",0.86226713,0.88917868,0.87154173,0.98157245,1.0234236,2.2239816,0.1485354,0.39775624,0.13817192,0.14694533
"1461",0.87320726,0.92625885,0.94195966,0.94800088,0.98757627,2.0069333,0.3130329,0.41111926,0.13145017,0.15100488
"1462",0.84921888,0.92153551,0.99824607,0.9633887,1.0067484,1.9232505,0.22387809,0.4347905,0.13429825,0.1544311
"1463",0.85556486,0.90328009,0.90526357,0.96446238,0.9832961,1.6740375,0.2965528,0.48972396,0.14843858,0.15127745
"1464",0.92476829,0.92590539,0.96141129,0.99522525,1.012422,1.644064,0.21919313,0.51348406,0.1539154,0.14388406
"1465",0.85749217,0.9556758,0.83724897,0.91472885,0.94006651,2.8737001,0.17788897,0.3827193,0.12577223,0.12350967
"1466",0.96511658,0.91164078,0.92682359,0.95331963,1.0580103,2.927446,0.20198742,0.32213997,0.12256401,0.1252997
"1467",0.94002901,0.88243848,0.96039237,0.97791887,1.0256947,2.9578537,0.21698171,0.32707869,0.11875928,0.12741491
"1468",0.94100084,0.87259515,0.90818253,0.95644365,1.0263827,2.8803914,0.23936349,0.3307129,0.12249252,0.12608344
"1469",0.93897258,0.91859603,0.89978763,1.0163444,1.0159248,2.6497416,0.23070722,0.33756775,0.11614452,0.12330401
"1470",0.8385797,0.83685651,0.95089634,0.94001212,1.0035421,2.5117012,0.20382934,0.30574668,0.12949519,0.14302408
"1471",0.87763766,0.90557103,0.95957121,0.96050521,0.95550191,2.4067221,0.24911961,0.30054197,0.12656396,0.14414834
"1472",0.91370977,0.89249188,0.88979426,1.0471642,1.0070377,2.0000133,0.27758003,0.29542461,0.12268449,0.14426246
"1473",0.91030434,0.92118507,0.91520294,1.0201933,1.0453377,1.9247996,0.24913072,0.28636239,0.12125217,0.14557685
"1474",0.93900093,0.94536994,0.94860612,0.96614119,0.99048062,2.0704561,0.20356711,0.26900931,0.11620422,0.15692269
"1475",0.94093033,0.89975003,0.93865278,0.98238172,0.99370597,2.0826097,0.1699477,0.27117725,0.11788451,0.15425674
"1476",0.87876383,0.88811291,0.95845087,0.97827459,1.0006766,2.6735422,0.22269095,0.32492057,0.10753541,0.15819138
"1477",0.83939754,0.87491173,0.94004735,0.94604135,0.96234137,2.7319339,0.24066241,0.31799519,0.114354,0.15969459
"1478",0.82607448,0.87729471,0.92734219,0.99411858,0.98414893,3.2895515,0.16387861,0.35555176,0.11093513,0.15211236
"1479",0.85317327,0.88088781,0.86511255,0.97770778,0.97260546,3.216167,0.19072998,0.34429526,0.11882598,0.15163192
"1480",0.813933,0.92911256,0.85646463,0.94520909,1.0095871,3.1398735,0.19413977,0.35550781,0.12196649,0.14694111
"1481",0.84078037,0.92722982,0.90546629,0.98071197,1.0292804,3.1393413,0.19951085,0.33895394,0.12230426,0.14826299
"1482",0.87683651,0.92199101,0.95694807,1.0063695,1.0643055,1.6758184,0.34340535,0.30093548,0.12010106,0.15283909
"1483",0.85769433,0.91847706,0.90181732,0.9424092,1.0019917,1.9623848,0.23509198,0.30705951,0.12242567,0.15243929
"1484",0.97741456,0.91473519,0.94776247,0.97377979,1.0014138,2.1347756,0.42877634,0.39081659,0.11092954,0.13679553
"1485",0.87192514,0.91283292,0.98317513,0.91358233,0.99692825,2.2082753,0.38924716,0.38169965,0.11346845,0.13135016
"1486",0.8402007,0.89484417,0.99771459,0.96110865,1.0377756,2.2725485,0.3879243,0.36211753,0.11786828,0.13072627
"1487",0.87371275,0.9021539,0.87941406,0.94532905,0.95634891,1.9200907,0.25750822,0.38698164,0.12011332,0.14120298
"1488",0.83061877,0.93631077,0.85940942,0.92827264,1.012582,1.982457,0.23439471,0.40789165,0.11355425,0.13978793
"1489",0.85679776,0.95295366,0.86505058,0.92596644,1.0350337,2.0907162,0.16361339,0.3933797,0.11483374,0.1426715
"1490",0.8474458,0.89854194,0.8865059,0.93384525,0.97230384,1.8751711,0.19799444,0.43100921,0.11127611,0.1441221
"1491",0.8766839,0.88006178,0.87684407,0.92737978,1.0143671,1.9965194,0.24550484,0.39470466,0.11342817,0.14601946
"1492",0.88479558,0.92759931,0.93482191,0.97196368,0.97822391,1.9628515,0.22130792,0.39480387,0.10936214,0.14053835
"1493",0.83824188,0.89226168,0.91178901,0.92215018,0.98439737,2.3033212,0.21445464,0.32316807,0.12017393,0.13461925
"1494",0.90330496,0.94899515,0.95583742,0.97359922,0.99928881,1.9423511,0.21594664,0.30721818,0.11090103,0.13461325
"1495",0.87166254,0.86500058,0.93016195,0.93098973,0.99241973,2.2256186,0.32745017,0.3586866,0.12651925,0.14071162
"1496",0.84788694,0.92763116,0.92546502,0.94424032,0.99568244,1.8631069,0.37789383,0.33648664,0.12167352,0.1412663
"1497",0.9465306,0.89057169,0.9736942,0.96663253,1.008813,2.3629359,0.3531712,0.32907226,0.12461355,0.13231218
"1498",0.86798614,0.93657703,0.88396861,0.95476262,0.98616378,2.6939946,0.28231445,0.34627586,0.11421967,0.14734033
"1499",0.89080106,0.8943664,0.92414021,0.94465993,0.98696967,2.6119405,0.29772344,0.34795418,0.1052072,0.14806735
"1500",0.87440685,0.84212116,0.86615458,0.93778094,0.94489864,2.7270506,0.22079378,0.33581833,0.11041436,0.14896278
"1501",0.90389108,0.8552195,0.88849116,0.92984435,0.96572385,2.6927647,0.19948711,0.3305597,0.11245104,0.14843036
"1502",0.90350864,0.95568349,0.94794552,0.95590952,1.0264868,2.3596119,0.246921,0.30544548,0.1111924,0.14447863
"1503",0.95723351,0.90177786,0.94428382,0.97501693,0.98363786,2.4643805,0.26182809,0.33501483,0.11224332,0.1424582
"1504",0.84116946,0.90232,0.90973494,0.97583162,1.0242341,2.4266394,0.21670204,0.46318803,0.11685508,0.15047738
"1505",0.86615305,0.86713585,0.84918253,0.94645981,0.9798196,2.5806052,0.25230682,0.46217921,0.11532493,0.14971324
"1506",0.83629702,0.92470079,0.95300295,0.93978034,1.0442089,2.6383342,0.2509781,0.44600146,0.11401289,0.14966722
"1507",0.94669206,0.84022702,0.90700918,0.9869577,0.94970557,2.6817867,0.21304073,0.39706171,0.11731782,0.14765769
"1508",0.958043,0.92484938,0.96962041,0.98838971,1.0309766,2.40421,0.29071672,0.37083908,0.1178995,0.14046048
"1509",0.86655007,0.87570619,0.93641881,0.95750332,1.0209393,2.6935247,0.30795004,0.39277411,0.11928508,0.143928
"1510",0.87303832,0.85690712,0.91956372,0.89714689,1.0163815,2.5992475,0.32350184,0.4187927,0.1121741,0.14411853
"1511",0.87777545,0.92096363,0.93959162,0.98989127,0.98212536,2.3164618,0.39524496,0.37759218,0.11765696,0.1510769
"1512",0.84031499,0.87869117,0.88273417,0.91496241,1.0064858,2.5379068,0.28855685,0.37416582,0.12305212,0.16349756
"1513",0.83672637,0.90378293,0.9030881,0.94089322,0.94275557,2.5106256,0.38556411,0.34197623,0.12700291,0.15372797
"1514",0.84964496,0.93488242,0.93957313,1.0073407,1.0297417,2.3194524,0.33419167,0.35688018,0.13500926,0.1499406
"1515",0.92426099,0.94400155,0.94115627,0.98667349,1.0340348,2.20056,0.33680899,0.33546024,0.12770135,0.1452193
"1516",0.91999005,0.91632003,0.98935577,1.0525039,1.0395264,2.148976,0.4194673,0.33470687,0.12251735,0.14249801
"1517",0.95946334,0.89936409,0.95559905,1.0535489,1.0239157,2.0039234,0.4729803,0.32563211,0.12049803,0.14620066
"1518",0.81953025,0.87501618,0.92235784,0.94844723,1.0287447,1.9989201,0.2261236,0.36867647,0.10099886,0.1470741
"1519",0.90143109,0.93293801,0.98822581,0.98723494,0.987165,2.4354612,0.27009509,0.34896066,0.082559416,0.1599223
"1520",0.92911958,0.9519297,0.95119461,0.94907897,1.0112169,2.2994945,0.26649674,0.34255898,0.089450791,0.15999735
"1521",0.90964745,0.89824811,0.88896505,1.0334707,0.977729,2.3267879,0.43562569,0.31553214,0.086192514,0.15192876
"1522",0.9252487,0.89613179,0.89852709,0.88467248,0.99795369,1.9924687,0.21469517,0.34922961,0.077048041,0.13800318
"1523",0.86344053,0.90745185,0.90883744,0.92547462,1.0321955,1.9160141,0.24030991,0.30548997,0.079693161,0.13911066
"1524",0.90198681,0.88612513,0.95517707,0.92904155,1.0381184,2.1437513,0.22747931,0.32881914,0.083333266,0.13934141
"1525",0.9370282,0.95041397,0.88092015,0.92823915,1.0181375,2.0425054,0.19740508,0.3198819,0.083730741,0.1397948
"1526",0.89674964,0.87117339,0.93863847,0.99381382,0.97671849,2.0551914,0.16167105,0.31072726,0.08656931,0.14722319
"1527",0.83490082,0.89144733,0.87024031,0.94741707,0.98224626,1.5978112,0.25052949,0.38211742,0.074677798,0.15027029
"1528",0.86255718,0.83835684,0.90138405,0.89330615,1.0299843,1.5597363,0.22554106,0.35600844,0.073854783,0.14642587
"1529",0.83868687,0.86910405,0.8565569,0.95496889,1.0205752,2.1508607,0.20849183,0.35435062,0.07894162,0.14499252
"1530",0.88784552,0.87800017,0.87053063,0.9570541,1.020004,2.0366135,0.23478024,0.34445685,0.083666594,0.14600478
"1531",0.88570439,0.9305711,0.97919621,0.95323654,0.99964375,2.2078552,0.27087301,0.34763862,0.087416228,0.14453067
"1532",0.90116944,0.95041614,0.93942781,0.9654141,1.0500595,2.2847936,0.23271628,0.36174308,0.0966107,0.14298277
"1533",0.91979946,0.94797169,0.958051,0.98514542,1.0280525,2.1078855,0.26528465,0.38132916,0.093732684,0.14612532
"1534",0.89522756,0.87138085,0.90525056,0.9504499,1.0122246,1.9986428,0.36249276,0.41985854,0.10032799,0.14650347
"1535",0.87073636,0.94085975,0.93959226,0.93206913,0.98853088,2.0442492,0.33287323,0.40029036,0.099670833,0.14831844
"1536",0.92788374,0.91257474,0.92002465,0.96718845,1.0205837,2.0783249,0.2489942,0.42198664,0.099951655,0.14979026
"1537",0.9610102,0.92149315,0.8844108,0.99901429,1.0244181,2.069379,0.23754365,0.40659484,0.10125829,0.14999483
"1538",0.93906488,0.90756079,0.91369205,1.0068997,0.99965858,2.0975983,0.26115016,0.4185563,0.10627317,0.14906225
"1539",0.89068798,0.8828081,0.95983134,0.98485354,0.97872851,2.3212984,0.31587914,0.47824703,0.10178417,0.14845203
"1540",0.86276232,0.89400754,0.89824595,0.94353588,0.98993143,2.1787202,0.36743027,0.48206537,0.10281584,0.14952901
"1541",0.90148704,0.91651017,0.94672724,0.99094039,0.97705543,2.1295629,0.33493511,0.39620236,0.10981276,0.14132218
"1542",0.87974051,0.89370148,0.86681548,0.94948285,1.045766,2.3301751,0.38713837,0.40882506,0.11291312,0.14489446
"1543",0.87930934,0.896771,0.96584286,0.96994063,0.92691234,2.4712989,0.38284607,0.3942256,0.10906144,0.14319385
"1544",0.90840263,0.9254501,0.89626101,0.9815923,1.0754753,2.4282834,0.26675823,0.40966938,0.11089835,0.14365265
"1545",0.8978277,0.94058818,0.97818698,1.01062,1.0029709,2.3892043,0.35921965,0.38269787,0.1155744,0.14564241
"1546",0.89983472,0.89446529,1.0154062,0.99415348,1.0104066,2.3866451,0.32157363,0.40159255,0.10818483,0.14026196
"1547",0.91109389,0.95327018,0.97655023,1.0115582,1.0772295,2.1636805,0.33378743,0.40798263,0.1073887,0.13794401
"1548",0.87254154,0.92780149,0.95783742,1.0162659,0.98319788,2.3334931,0.34752034,0.40815752,0.11626455,0.13637713
"1549",0.81878284,0.90474891,0.9325712,0.98028192,0.99692591,2.2936855,0.32981509,0.41117573,0.11202523,0.13708594
"1550",0.87787583,0.91766538,0.92836477,0.94894358,1.0024385,2.3830307,0.35196072,0.41776038,0.1055759,0.13272353
"1551",0.87394134,0.89025979,0.88565091,0.90174684,0.97349028,2.4126966,0.40403769,0.45274959,0.10753747,0.13724663
"1552",0.89529179,0.9356415,0.90225263,0.88930596,0.94350297,2.3013972,0.36354787,0.42281779,0.10745763,0.13880414
"1553",0.88250094,0.90548508,0.87611038,0.89864217,0.98566422,2.114913,0.24071844,0.45219609,0.10843596,0.13595655
"1554",0.84457079,0.86904982,0.88500219,0.94492451,1.0290448,2.2008435,0.29891153,0.45249579,0.10842028,0.1346787
"1555",0.85790525,0.89645163,0.88042526,0.95728469,1.0010995,2.085801,0.35490744,0.44657464,0.11254944,0.13658139
"1556",0.88646992,0.90556088,0.94034525,0.9528211,0.98916691,2.3636739,0.29302524,0.39103846,0.10239311,0.13717915
"1557",0.8280954,0.84121011,0.82843552,0.98470228,0.99581397,2.5933381,0.13906037,0.44877412,0.10654198,0.13980518
"1558",0.92733637,0.92100901,0.96906788,0.97502685,1.0323946,2.5416039,0.13183154,0.4511114,0.11155729,0.13552164
"1559",0.87109025,0.90477098,0.89543407,0.98009135,0.98653696,2.5608775,0.1974935,0.39983859,0.10834741,0.137179
"1560",0.8321869,0.90816304,0.92262817,0.97812559,1.0296784,2.5057578,0.17880678,0.40632614,0.10921543,0.140961
"1561",0.81240777,0.89579191,0.89069951,0.95561716,1.0244336,2.2887643,0.21051214,0.38464039,0.11277828,0.13943236
"1562",0.84190887,0.85061928,0.87288841,0.91360152,0.97558064,2.2787692,0.24841396,0.37106878,0.11216983,0.14064674
"1563",0.96188333,0.96331804,0.97079614,0.98729718,1.0523523,2.553434,0.32575272,0.3495464,0.11374306,0.14617629
"1564",0.99909743,0.90372068,0.94866951,0.9790983,1.0561564,2.5704322,0.3594354,0.37355241,0.11228308,0.14561715
"1565",0.87482721,0.92498476,0.95069969,0.97308002,1.022605,2.5771222,0.29638294,0.37850751,0.12567325,0.14758144
"1566",0.8187965,0.90101064,0.88537937,0.92025967,0.99384879,2.6228762,0.3381248,0.35921042,0.12903423,0.15091382
"1567",0.85538643,0.91129865,0.89598334,0.89361537,1.0150802,2.4204313,0.32903988,0.39194943,0.13035099,0.146743
"1568",0.8675023,0.87431907,0.91609349,0.93269306,0.93735809,2.6968929,0.27106445,0.42036976,0.12383855,0.14857914
"1569",0.88604257,0.92729917,0.89237099,0.95838345,1.0201308,3.0664299,0.2653044,0.3737228,0.1154996,0.13617962
"1570",0.86523061,0.92607634,0.8710037,0.94419343,1.0332163,3.2217592,0.26065104,0.37927313,0.11605211,0.1354701
"1571",0.90281765,0.9182963,0.97936157,0.96982056,1.0147895,2.8262154,0.25837136,0.36771319,0.12349778,0.134328
"1572",0.88688881,0.85107119,0.92658038,0.9050713,1.002105,3.0041495,0.29316594,0.38681391,0.13542767,0.13285654
"1573",0.95940533,0.95900509,0.93189926,0.98625256,0.99299003,2.7696267,0.2933103,0.40601849,0.13238442,0.13205967
"1574",0.90122687,0.91414305,0.9087266,0.95143434,0.97607578,2.0624263,0.33422717,0.36220367,0.14960567,0.15371636
"1575",0.83711188,0.9035558,0.90781023,0.97435297,0.94822936,2.0356496,0.33562061,0.34773519,0.15153709,0.14951724
"1576",0.91813731,0.91831575,0.93665273,1.0058118,1.0131841,2.0517543,0.34781746,0.33698452,0.15119218,0.14933348
"1577",0.9164306,0.97619436,0.95488253,0.99982694,1.03331,2.0056573,0.3219253,0.31444511,0.13013024,0.14851073
"1578",0.91192234,0.83423631,0.89953707,0.92162572,0.95612497,2.501184,0.30028848,0.32870844,0.13641854,0.15091335
"1579",0.82501054,0.96434095,0.92010864,0.97429067,1.0561891,2.4589642,0.32654665,0.43700418,0.14939492,0.15027339
"1580",0.90129149,0.90354649,0.89289493,1.0169279,1.0281146,2.374269,0.32979642,0.42783461,0.14781706,0.14826469
"1581",0.86562403,0.89984558,0.91889492,0.92159797,0.98541228,2.0965939,0.27743489,0.27847798,0.12779443,0.15995422
"1582",0.86959989,0.8936663,0.90461485,0.95071909,0.99277087,2.1453615,0.31628006,0.2850213,0.11871699,0.16256044
"1583",0.80212515,0.90542797,0.90934817,0.95060493,0.97159916,2.3027944,0.34117504,0.31110584,0.11085549,0.1627506
"1584",0.87906018,0.90641881,0.93690393,0.94874208,1.0335421,2.303899,0.26905122,0.28250137,0.11162309,0.15894093
"1585",0.82710477,0.9172613,0.90330093,0.84711982,1.0264521,2.3907365,0.35492627,0.28345408,0.11667702,0.15045714
"1586",0.90554944,0.88965386,0.89402402,0.93267319,0.94673258,2.4086822,0.28751296,0.30162953,0.11777719,0.15466907
"1587",0.83499935,0.90341958,0.89016765,0.92744243,0.99513456,2.3721451,0.28276164,0.30918935,0.11815202,0.15291575
"1588",0.88522003,0.90920419,0.87864172,0.98122823,0.97392349,2.1688022,0.24772781,0.2902026,0.1316125,0.16048292
"1589",0.90174346,0.87063699,0.95721266,0.95747586,1.0173643,1.8336509,0.17550486,0.34296061,0.12613674,0.14256949
"1590",0.90071449,0.89750017,0.89437384,0.97411766,0.99851207,2.0495413,0.18346165,0.3170526,0.13204879,0.14309031
"1591",0.9119617,0.9005628,0.89843207,0.97516526,0.99740103,2.1196824,0.15747699,0.32654622,0.13325197,0.14232665
"1592",0.87286478,0.89833349,0.9263227,0.94046134,1.002529,1.840133,0.12531554,0.3488808,0.1322124,0.1398861
"1593",0.88070074,0.92980107,0.88130785,0.94359967,0.9912478,2.0114242,0.13681543,0.35029198,0.13274244,0.14153782
"1594",0.87509667,0.93169382,0.91843795,0.89563102,1.0725812,1.9233125,0.2339498,0.3636594,0.13299941,0.1362171
"1595",0.93263484,0.88063449,0.95808396,1.0337737,0.98862111,2.3438223,0.36909683,0.32242688,0.1342226,0.13967498
"1596",0.84874149,0.91071616,0.89047226,0.92472378,1.0599856,2.5869217,0.34023685,0.40094684,0.14793066,0.14585627
"1597",0.84301128,0.9566214,0.85060228,0.95188432,1.0138162,2.6093402,0.33061711,0.42314968,0.14208653,0.14567277
"1598",0.88269629,0.88120563,0.8646814,0.93860484,0.99697397,2.6643041,0.33093246,0.43493774,0.14004425,0.14958933
"1599",0.84115116,0.86513579,0.90269485,0.95877032,0.99213106,2.761705,0.25700465,0.45470874,0.13396458,0.1483394
"1600",0.91486388,0.95089603,0.90521118,0.92987815,0.98822547,2.0355546,0.20549992,0.41163858,0.1152852,0.14837074
"1601",0.98275106,0.90394976,0.9504209,0.97143799,1.0110038,2.5089621,0.19162096,0.43763616,0.10961173,0.14778227
"1602",0.81738178,0.89340167,0.8691143,0.98745274,1.0107116,2.1450375,0.20254263,0.35935081,0.11319056,0.15789558
"1603",0.86740461,0.8953796,0.90109115,0.93319211,1.0180761,2.067322,0.2669163,0.37700652,0.11076285,0.16500001
"1604",0.80205886,0.93001121,0.87611811,0.98649366,0.9991086,2.2056987,0.23210316,0.38490076,0.10640062,0.15866067
"1605",0.79756703,0.93444643,0.90829277,0.9732468,1.0128386,2.1794828,0.22221713,0.39084703,0.10983192,0.15945217
"1606",0.87643827,0.90487697,0.91650321,0.97328917,0.99349628,2.0569402,0.18024733,0.42239004,0.11956159,0.14894547
"1607",0.92925641,0.87878093,0.93894793,0.96270582,0.98447912,2.1762397,0.20030549,0.41419947,0.11854163,0.14776193
"1608",0.88736272,0.9284963,0.9889531,0.97507575,1.0037289,2.353082,0.15868412,0.39292963,0.1183627,0.14862539
"1609",0.88713235,0.92668989,0.93988391,0.99995441,1.0364603,2.3910585,0.10000271,0.36780758,0.12241887,0.15153555
"1610",0.90527634,0.93520118,0.97174936,1.0386974,1.0065464,2.224919,0.082000527,0.42915918,0.12307306,0.14855393
"1611",0.84932081,0.90298386,0.97247138,1.0498941,1.0024519,2.3502282,0.07423814,0.42074841,0.12614542,0.14758917
"1612",0.8683904,0.84486639,0.87005902,0.83956711,0.93687058,2.6866029,0.2374082,0.4362601,0.097927791,0.13496338
"1613",0.88510255,0.91690885,0.82019969,0.82066755,0.98109928,2.6106716,0.18331289,0.43507884,0.11254347,0.12958212
"1614",0.90257909,0.80356748,0.91691011,0.96490391,0.93243125,2.1284207,0.18416805,0.39263103,0.098962243,0.1331452
"1615",0.8431725,0.821227,0.92062588,0.9409461,0.94821173,2.2380881,0.19235549,0.38574089,0.10338154,0.13292579
"1616",0.93259958,0.82551442,0.90022093,0.914994,0.98319513,2.0238387,0.2210876,0.38416953,0.10224351,0.13036731
"1617",0.91824885,0.84668996,0.9739441,0.97749914,1.0624035,2.0434717,0.13812987,0.35928064,0.096832783,0.12933104
"1618",0.94357863,0.82275533,0.93211532,0.97751447,1.0583625,1.9841768,0.18841701,0.3754934,0.098484294,0.1330509
"1619",0.87221746,0.9106754,0.88703016,0.97507833,0.94562996,2.0039607,0.21880683,0.35056085,0.097634531,0.13404578
"1620",0.88832167,0.87227735,0.90157439,0.93834956,0.95748526,1.8471185,0.22395121,0.35582125,0.09465977,0.13192006
"1621",0.93270514,0.8865056,0.95602716,0.94396113,1.054921,1.8805456,0.22686481,0.35653133,0.10748068,0.13907942
"1622",0.93428187,0.93447719,0.9274234,0.97273673,1.0632789,1.9538164,0.17838969,0.38153284,0.096268495,0.13798923
"1623",0.91984299,0.93123209,0.94152322,0.94991646,0.94884522,2.5319938,0.17517447,0.42289659,0.10990595,0.1365401
"1624",0.87691852,0.88077947,0.89700784,1.0025852,1.0089977,2.5466579,0.18325755,0.39379421,0.11262671,0.13756723
"1625",0.90725652,0.88669695,0.94666313,0.95895471,0.93461063,2.4220355,0.19204605,0.38787154,0.1079173,0.1347036
"1626",0.81939619,0.87439408,0.89393221,0.92052941,0.9902877,3.2282737,0.25830408,0.35597204,0.1129562,0.13266979
"1627",0.94574715,0.92399687,0.9551757,0.99985387,1.041768,2.2650475,0.31087308,0.28901444,0.10333412,0.13921706
"1628",0.85732206,0.84598931,0.90978422,0.96077606,0.980711,2.3317132,0.19338303,0.31603441,0.10827397,0.13962191
"1629",0.88131156,0.90000544,0.93671335,0.95691805,1.0255261,2.2703358,0.28029611,0.35660386,0.097281915,0.13650854
"1630",0.89935359,0.9271834,0.90534138,0.93605819,1.0173529,2.4200921,0.29707703,0.32159878,0.1066406,0.13334935
"1631",0.85943854,0.93569219,0.90942937,0.96342737,0.99821982,2.397145,0.30222772,0.30165632,0.1136235,0.12971938
"1632",0.89413634,0.91955143,0.94876502,0.95714756,1.0271231,2.2711233,0.3117968,0.34062335,0.11177523,0.13116138
"1633",0.84675932,0.92116503,0.90302778,0.93691029,0.99703422,2.2521426,0.29199504,0.33287683,0.11756954,0.13270307
"1634",0.91786614,0.87986939,0.91532714,0.95648427,1.0284284,2.2579056,0.40812654,0.33563629,0.11600144,0.13549608
"1635",0.90192484,0.93863628,0.92634921,0.95284085,1.0144256,2.2486644,0.33418407,0.33078086,0.12378849,0.1293219
"1636",0.91463887,0.92337064,0.93955191,0.9846784,1.0299757,2.3134075,0.3207937,0.34791781,0.12632638,0.13243084
"1637",0.86470033,0.89130956,0.99568602,0.96730814,1.0274922,2.3109392,0.23297399,0.39466177,0.12323264,0.12785681
"1638",0.9112872,0.91041211,0.90441771,0.97943315,1.0272006,2.3036098,0.21045926,0.40870811,0.13103228,0.12370335
"1639",0.91314413,0.89310538,1.0151712,0.97814545,1.0102941,2.128272,0.25302064,0.41007895,0.12462028,0.1305793
"1640",0.97475674,0.91809936,0.92025907,0.97416253,1.0152134,2.2357854,0.21905105,0.41026746,0.12605458,0.13357804
"1641",0.86809921,0.92299351,0.96652016,0.92651068,0.99786894,2.1235599,0.27244278,0.36521487,0.12368803,0.1303602
"1642",0.9071274,0.94858006,0.93693607,0.94720571,1.0653388,2.6443749,0.23266575,0.3872264,0.12912907,0.13244856
"1643",0.94547483,0.96310325,0.94852328,0.9418439,1.0445023,2.6501236,0.19223106,0.38986243,0.12405706,0.13388437
"1644",0.93691464,0.96342202,0.94155293,0.94583638,1.0301496,2.6421227,0.20281776,0.38997639,0.12286339,0.13623964
"1645",0.87849779,0.89998166,0.87916326,0.96091684,0.96789771,2.5547952,0.19855074,0.45110322,0.11759709,0.13273047
"1646",0.89027391,0.85509338,0.92736032,0.92363608,0.98741052,2.8275147,0.22465218,0.48291282,0.10855893,0.13357213
"1647",0.88524219,0.92118464,0.92974319,0.9674144,0.98987933,2.4398398,0.27915834,0.38672183,0.11689487,0.13748251
"1648",0.88694103,0.89956174,0.9177285,0.9595687,1.0072661,1.8301555,0.33753733,0.40356763,0.13205305,0.13750897
"1649",0.87726478,0.93083681,0.9397448,0.94913956,1.0005193,1.9272013,0.34405903,0.37599976,0.13612105,0.14078473
"1650",0.87035563,0.93822999,0.9056421,0.98067734,1.0181772,1.9238556,0.34429361,0.3736799,0.13383502,0.14324002
"1651",0.88014828,0.88352602,0.87471252,0.93795338,0.98448711,1.8524422,0.32800094,0.32540035,0.12844988,0.14898034
"1652",0.89432641,0.8913282,0.89265614,0.95669621,0.96620919,2.3137783,0.24431352,0.30180517,0.12485988,0.14588722
"1653",0.8447857,0.95436997,0.95763075,1.0358833,1.0555952,2.0495055,0.23641353,0.30984893,0.13399213,0.13936135
"1654",0.89930315,0.91157599,0.9778989,0.99615972,1.0541201,2.1404598,0.22267807,0.30543197,0.13915074,0.13941368
"1655",0.85997988,0.92111062,0.97039926,0.99758312,1.0578005,2.1932869,0.2139484,0.31887371,0.13635873,0.14057045
"1656",0.88006209,0.84701929,0.91273797,0.94860434,0.99299989,2.2649788,0.21144332,0.34853476,0.13125848,0.14160462
"1657",0.86412332,0.83402643,0.87353407,0.9256693,1.0019716,2.3546252,0.18014549,0.36448312,0.12888701,0.14208583
"1658",0.83491202,0.9393417,0.97188611,0.96119854,0.99898686,2.4158649,0.26818295,0.3493441,0.13770011,0.1375845
"1659",0.84744955,0.8679694,0.90635305,0.94751413,0.95250452,2.3781613,0.38785966,0.34464804,0.12350971,0.13885871
"1660",0.89619316,0.86053337,0.90562572,0.92929353,0.99308714,2.2504513,0.40431988,0.35738213,0.12264498,0.13977528
"1661",0.88963158,0.92519704,0.92627512,0.9752031,1.0131874,2.1994551,0.40186831,0.35057424,0.12771703,0.13458224
"1662",0.88342964,0.90423708,0.90002541,0.95178112,1.0179943,2.196859,0.46621715,0.33204385,0.13447123,0.13840797
"1663",0.88002999,0.88823904,0.92453852,0.96368861,1.0069086,2.1158048,0.43802057,0.40543135,0.13024993,0.13734044
"1664",0.94415291,0.93159447,0.97508417,0.99643474,1.0459945,2.5159238,0.45009592,0.40767077,0.12319059,0.14010924
"1665",0.84855092,0.89056724,0.94595362,0.9506479,1.0191935,2.7096692,0.39078943,0.42442899,0.1198604,0.15312856
"1666",0.91848826,0.93403997,0.91364906,0.96496877,0.96579595,2.66229,0.33362766,0.45528486,0.12235735,0.15376971
"1667",0.89556887,0.91388567,0.91557392,0.98811178,1.055195,2.6047745,0.31955588,0.41316327,0.11720204,0.15377516
"1668",0.84950736,0.90914006,0.93639348,0.93324814,0.96004347,2.6903524,0.44918749,0.44123082,0.12622831,0.14729778
"1669",0.87912073,0.90766502,0.93012318,0.98982015,0.98687763,2.2476788,0.18994215,0.43500513,0.12938254,0.14956851
"1670",0.9746067,0.8751784,0.92828388,0.96138603,0.99259768,2.1302737,0.19773209,0.44498956,0.12994619,0.14562296
"1671",0.94991665,0.93567371,0.92329219,0.90714297,0.99268407,2.3116959,0.13876239,0.45289069,0.13051769,0.14545047
"1672",0.92087506,0.94340585,0.92615253,0.89918266,0.99535909,2.344162,0.13025868,0.4702499,0.13192771,0.14220274
"1673",0.88390065,0.88615061,0.9564288,0.91680853,1.0022857,2.7974207,0.15805595,0.40978771,0.13035823,0.13965068
"1674",0.90119185,0.92830584,0.88862781,0.9545499,1.0047812,2.1747942,0.24294601,0.42280711,0.15652908,0.13601599
"1675",0.85905033,0.90587294,0.9365434,0.92645308,0.98515571,2.4043684,0.19375317,0.39345062,0.15225905,0.13513117
"1676",0.87942214,0.90962201,0.91493475,0.9529654,1.02161,2.1371481,0.23231844,0.3909225,0.14392777,0.13469528
"1677",0.87694496,0.9422226,0.91280743,0.93084486,0.99755186,2.4608654,0.26939356,0.36718897,0.1447982,0.13632544
"1678",0.90750223,0.91848232,0.95653843,0.96382019,1.0321198,2.5716408,0.17107195,0.35885637,0.12456692,0.14107516
"1679",0.85710751,0.87341831,0.88592547,0.91884822,0.97169229,2.372278,0.25812989,0.38853701,0.13213187,0.1545853
"1680",0.85161659,0.87411237,0.901249,0.92172959,0.96957527,2.4008973,0.2526837,0.40007202,0.13095731,0.15564484
"1681",0.83880605,0.87288639,0.90994977,0.93772151,0.97725008,2.5151498,0.24283324,0.39122855,0.13189445,0.15458265
"1682",0.88092316,0.89509176,0.96090751,0.92182029,1.0439235,2.3835985,0.23371231,0.37662954,0.13810649,0.15675719
"1683",0.88432325,0.89980911,0.92530849,0.96885379,0.97729572,2.7775626,0.24895709,0.37490491,0.12703966,0.15321543
"1684",0.82987819,0.93521446,0.9075161,1.0339538,1.0077979,3.1400221,0.2322926,0.36864466,0.13623888,0.15913426
"1685",0.85280136,0.87753055,0.94454708,1.0107994,1.03354,2.9907615,0.28799492,0.36693533,0.13138538,0.15782946
"1686",0.83034709,0.89047426,0.92128533,1.0353236,0.99280485,3.2124444,0.27492416,0.36005261,0.1380386,0.16218124
"1687",0.92226876,0.9321264,0.89631801,0.9374961,0.9925917,2.3963611,0.27154829,0.42805352,0.12251926,0.15214256
"1688",0.9608454,0.89891738,0.97879436,0.95409713,1.0656946,2.2426659,0.31961051,0.44559717,0.11887307,0.15087788
"1689",0.9486209,0.90471325,0.90540931,0.97672864,0.97064807,2.6748417,0.32364545,0.44912916,0.11579972,0.15035629
"1690",0.94011331,0.88347473,0.91662012,0.96413224,1.0121422,2.5164654,0.37435015,0.45267861,0.11947345,0.14921327
"1691",0.93308526,0.86875182,0.98677296,0.94322924,0.99656929,2.3240852,0.40009322,0.43671749,0.12077594,0.15264358
"1692",0.93787381,0.87905208,0.97939754,0.93339284,0.98920048,2.3136147,0.39432705,0.43075143,0.12249166,0.15075939
"1693",0.93721505,0.87136322,0.94852965,0.94970304,0.9927766,2.432535,0.40600586,0.45665484,0.11487494,0.151624
"1694",0.91517816,0.90735908,0.95055405,0.99625933,1.0412524,2.5378064,0.36971907,0.39715268,0.12798142,0.14411463
"1695",0.93931299,0.88035612,0.97991707,1.016862,1.0381891,2.436119,0.41177099,0.38902579,0.13104427,0.14502328
"1696",0.93074149,0.96025905,0.93946882,1.0087463,1.0026212,2.5180131,0.3636399,0.42343541,0.1188602,0.14412956
"1697",0.96327547,0.94483569,0.90682915,1.0034962,1.0559884,2.2303509,0.34528502,0.43984172,0.11779121,0.14155432
"1698",0.97645895,0.9408744,0.9281152,0.98215937,1.0433737,2.3681649,0.35241291,0.42984783,0.11396514,0.14151936
"1699",0.82238101,0.87434571,0.94831934,0.95214274,0.9765764,2.5534194,0.35594406,0.32962781,0.11036046,0.13983967
"1700",0.85516526,0.89329116,0.90470777,0.96520142,0.96325101,2.3998652,0.31909298,0.33152738,0.11355393,0.13581809
"1701",0.81020046,0.90099396,0.95290583,0.95705727,0.95637423,2.5673355,0.35515693,0.3488708,0.10915978,0.13739726
"1702",0.79243696,0.88162634,0.92951481,0.91217311,0.99088167,2.7347413,0.35362466,0.33898478,0.11388534,0.14108449
"1703",0.88108959,0.89630226,0.90255893,0.89631316,1.0064785,2.6378338,0.37031162,0.32533809,0.10862453,0.14058974
"1704",0.86405932,0.88347353,0.91500312,0.89372776,0.97806502,2.7158101,0.40056455,0.32988585,0.10622555,0.14020096
"1705",0.8517527,0.92315527,0.8761064,0.90030342,0.99015741,2.9403345,0.46622296,0.32903939,0.095966116,0.14520477
"1706",0.84853851,0.8959744,0.88580208,0.89711184,0.99597445,2.7444661,0.40164859,0.33560304,0.096612929,0.14246881
"1707",0.79423174,0.8791232,0.85424095,0.95227761,0.93468521,2.7783126,0.38388039,0.34648507,0.090655775,0.13917833
"1708",0.89803703,0.87695243,0.87988447,0.96047682,0.99708173,2.6086155,0.30860068,0.36563918,0.097481966,0.13773769
"1709",0.86345857,0.92557649,0.90559651,0.96122499,0.98208864,2.3286431,0.34199691,0.34634278,0.10356914,0.13245797
"1710",0.93797594,0.9220139,0.92088703,0.94197764,0.99751389,2.4862079,0.33348388,0.31709345,0.12549958,0.13775577
"1711",0.87552161,0.89702557,0.94211864,0.91861887,0.98185299,2.6541272,0.27343394,0.31080432,0.12080114,0.14331535
"1712",0.84861856,0.91022197,0.92800175,0.96086946,1.0304457,2.1692371,0.30711972,0.32685091,0.13461714,0.15349409
"1713",0.85245366,0.89075495,0.93034707,0.88158409,1.0010001,2.2926684,0.23798303,0.32262493,0.12848215,0.15001095
"1714",0.87951117,0.88726144,0.91631955,0.91261592,0.96780254,2.4013148,0.25751321,0.3016783,0.13074001,0.15501014
"1715",0.92473179,0.94029023,0.96099666,0.9728664,1.0337105,2.3601567,0.27098522,0.30773898,0.13345143,0.1598771
"1716",0.91285567,0.91395313,0.95038772,0.95207402,1.0253792,2.3875605,0.24736303,0.32529421,0.13931178,0.15898399
"1717",0.86711857,0.89815865,0.93000776,0.92257903,1.004138,2.6674211,0.26933704,0.30614044,0.13693537,0.15530472
"1718",0.86892118,0.8862621,0.93983806,0.92089005,1.0213916,2.4982201,0.31781803,0.3044238,0.13606732,0.15455005
"1719",0.84941316,0.91720919,0.9176092,0.92345534,0.97864386,2.4900742,0.37268258,0.37589052,0.13217451,0.14688509
"1720",0.93961122,0.92541578,0.97634176,0.95738777,1.0755255,2.414052,0.29792595,0.38654667,0.13668268,0.14543923
"1721",0.82398276,0.87836573,0.91985374,0.95530044,0.98740855,2.1373588,0.23370235,0.42428976,0.15328397,0.15519577
"1722",0.94891276,0.95847515,0.88974955,0.94111044,1.0471447,2.1250517,0.34860003,0.45047926,0.11882749,0.14110372
"1723",0.91356577,0.91323565,0.98686909,1.0314403,1.0108255,2.4006426,0.35889884,0.42392108,0.12410438,0.13962838
"1724",0.93358681,0.9117375,0.95503807,1.0094967,1.024724,2.4113778,0.34314101,0.42815232,0.12239632,0.13995661
"1725",0.87704402,0.92014853,0.9153357,0.93275237,1.0262129,2.8144961,0.39486852,0.40986644,0.11169733,0.13489225
"1726",0.85917755,0.89871741,0.89206051,0.92204339,0.95906206,2.4066669,0.063714309,0.33182691,0.1257601,0.14033619
"1727",0.86419921,0.87119673,0.90518537,0.96311949,0.99847119,2.2760591,0.068609398,0.35878998,0.12529901,0.13831981
"1728",0.88360401,0.91452913,0.92927046,0.91017101,0.98377448,2.3796608,0.071067453,0.37207176,0.12921205,0.13789969
"1729",0.88373623,0.88762819,0.898047,0.98787737,1.0015216,2.2747135,0.18248449,0.35969371,0.11817345,0.1386142
"1730",0.85548916,0.92917367,0.92580855,0.96145529,1.0250813,2.2891943,0.35994691,0.38683698,0.1377689,0.15838067
"1731",0.89468536,0.91185911,0.93455873,0.9282528,1.0132604,2.3098012,0.30199968,0.41008755,0.1319008,0.16089515
"1732",0.89362611,0.91361703,0.94699681,0.91887753,1.0084433,2.4159919,0.29641141,0.40382725,0.13184766,0.16003564
"1733",0.83746385,0.90343695,0.89173962,0.9299298,0.99157873,2.5241073,0.18747212,0.3895423,0.13053965,0.15975372
"1734",0.83237151,0.90514438,0.89870711,0.91978692,0.99619918,2.5355181,0.18196469,0.39566926,0.12862677,0.15846321
"1735",0.76134741,0.88328049,0.92508274,0.91173201,1.0121577,2.3777385,0.19108048,0.43332784,0.13581725,0.15902653
"1736",0.73708565,0.87519256,0.92856502,0.91451303,0.97560907,2.2979298,0.16488498,0.44425941,0.13386008,0.16184759
"1737",0.9198775,0.90214346,0.90419613,0.97254072,0.99945154,2.7749324,0.27569834,0.33346514,0.13102128,0.15244162
"1738",0.88938615,0.8732979,0.91358036,0.95556381,1.0092512,2.2016096,0.25066946,0.36946883,0.12724987,0.15744725
"1739",0.90859137,0.87586347,0.9092033,0.9464229,0.99455681,2.0420871,0.28875589,0.37498175,0.13023957,0.15579863
"1740",0.8403242,0.90676152,0.917079,0.92843165,1.0404506,1.9921359,0.36755152,0.39239474,0.12318642,0.14451194
"1741",0.87204086,0.92169952,0.95794061,0.98828838,0.93412417,1.8951153,0.42032627,0.41857452,0.12946321,0.13867195
"1742",0.92607885,0.88041713,0.91252056,0.92397614,1.0435728,2.2552599,0.29926646,0.37860855,0.11733897,0.13980481
"1743",0.8862278,0.86783357,0.92714013,0.91997432,1.0044488,2.2990457,0.29318501,0.3654348,0.11746219,0.14042006
"1744",0.85829204,0.90771265,0.91147969,0.98077642,0.98093149,2.3134514,0.22559043,0.43550162,0.12332115,0.13874156
"1745",0.82540004,0.91870832,0.91537941,0.92530268,1.0048807,2.3952803,0.2407322,0.44806858,0.12219105,0.1387901
"1746",0.92775377,0.9360905,0.99959194,0.97166318,1.0415186,2.6047192,0.24533105,0.44011093,0.12029667,0.13507029
"1747",0.9041024,0.90394272,0.86696102,0.93023038,0.95373553,2.7649109,0.32915191,0.42746096,0.12005448,0.1301183
"1748",0.90871455,0.87059426,0.88609938,0.95469818,0.97302715,2.5673184,0.36255219,0.39658116,0.11923068,0.13088879
"1749",0.88383459,0.90803238,0.91120805,0.97726364,1.0045022,2.2171889,0.30843858,0.46639685,0.13980124,0.13187156
"1750",0.87227433,0.87120393,0.89817936,0.97996345,0.9821237,2.036753,0.30126739,0.41476733,0.14220872,0.14205013
"1751",0.89096169,0.89796472,0.90050784,0.93513539,0.99733323,2.0106282,0.23229252,0.42335665,0.13828653,0.14187284
"1752",0.85526633,0.93603894,0.91092889,0.95786855,1.0349958,1.9808758,0.25430264,0.44637366,0.13361292,0.1338614
"1753",0.90841088,0.85845622,0.92588527,0.94342621,1.0344289,2.3130394,0.3575866,0.45068159,0.11937479,0.13901891
"1754",0.86577686,0.93349209,0.90043962,0.9740084,0.97004748,2.2536916,0.27669349,0.3629521,0.12415468,0.13018014
"1755",0.87506668,0.88789416,0.90401086,0.96987964,0.97428454,1.9600471,0.2447927,0.37594892,0.097793403,0.13054932
"1756",0.85191661,0.91095711,0.92903204,0.9595512,0.98789149,2.774093,0.31765663,0.41498537,0.12682097,0.12275249
"1757",0.83640048,0.90118755,0.85401396,0.86653509,1.0316553,2.6560275,0.43807742,0.40371083,0.12341428,0.12849053
"1758",0.89618901,0.94343735,0.9311654,0.90249732,1.0283068,2.2940159,0.50835076,0.40019269,0.11842213,0.13879829
"1759",0.89601875,0.92411465,0.93150875,1.0021926,1.0166309,2.1381518,0.41343561,0.47577976,0.1105008,0.13443673
"1760",0.79360359,0.8861058,0.8280295,0.91956567,0.9227199,2.5392654,0.33132804,0.4548605,0.10406118,0.14051086
"1761",0.79586796,0.89916573,0.80096538,0.8907036,0.93881971,2.4965793,0.33502486,0.46127733,0.10284242,0.1409519
"1762",0.82752833,0.84173337,0.81830327,0.87286987,0.95966783,2.5120803,0.33259888,0.48273796,0.10090549,0.13992692
"1763",0.88775337,0.87871749,0.8368387,0.89970052,0.94246073,2.5402281,0.24200417,0.48763059,0.11678259,0.14662595
"1764",0.89838856,0.89215458,0.8811019,0.98314122,0.96830268,2.5301464,0.22608924,0.43518717,0.11531412,0.15144694
"1765",0.91230289,0.92487276,0.90613792,0.97183635,1.003579,2.2236306,0.20377346,0.46931715,0.12141601,0.1612712
"1766",0.88073521,0.88509454,0.89977884,0.98719087,1.0179814,2.3071407,0.20371442,0.43512824,0.11384173,0.16034465
"1767",0.9248827,0.90988335,0.88423198,0.95442299,0.97075229,2.3284019,0.1899232,0.42300298,0.1102728,0.16745153
"1768",0.88513388,0.89150857,0.92029569,0.93768137,0.99354838,2.2473015,0.31015234,0.37930947,0.12679341,0.16738829
"1769",0.85891303,0.91465257,0.92989958,0.98827825,1.0289762,2.3944136,0.4511528,0.36118157,0.11040908,0.14904716
"1770",0.91059049,0.93054471,0.95478046,0.93915526,1.0192873,2.5337021,0.32986264,0.33954611,0.11029637,0.14470711
"1771",0.88393599,0.90892822,0.95539669,0.9450224,1.0443731,2.317389,0.37667325,0.34018739,0.11065806,0.14421345
"1772",0.90880748,0.90495407,0.92823207,1.0124345,1.0416832,2.6013563,0.29122204,0.30820693,0.11956441,0.14268175
"1773",0.87004496,0.933879,0.94141104,0.96364599,0.99419972,2.7941403,0.29971463,0.2907219,0.11881297,0.14495685
"1774",0.90364127,0.92719043,0.97266451,0.94058903,1.0131495,2.5230083,0.29811494,0.30514619,0.11810456,0.14841871
"1775",0.91294187,0.93324285,0.9680856,0.94622697,1.031192,2.4397114,0.32510473,0.29377958,0.11609628,0.13930323
"1776",0.86045548,0.87168379,0.90022659,0.97550367,0.99387083,1.9270859,0.47726467,0.28354957,0.11106339,0.14347125
"1777",0.94782374,0.93284964,0.96122887,0.97859489,1.0040715,1.7552416,0.34395845,0.2998472,0.12578772,0.15085366
"1778",0.91878355,0.92374017,0.92922211,0.93647516,1.0097323,1.9112185,0.34128644,0.32232908,0.11473051,0.1512382
"1779",0.91616797,0.90858812,0.96104741,0.955588,1.021043,2.2860633,0.47566904,0.33913278,0.1131697,0.15543476
"1780",0.91556833,0.87809987,0.88004879,0.94204349,0.9639681,2.2809012,0.36422361,0.33142421,0.11707889,0.15520467
"1781",0.90874406,0.88528858,0.90638267,0.96816684,1.0100025,2.1444279,0.39692834,0.32956263,0.1263976,0.15712886
"1782",0.889536,0.88150826,0.94059279,0.95390813,0.97481929,2.2848609,0.35855287,0.35043364,0.12242421,0.15285952
"1783",0.88059939,0.88105694,0.9157451,0.97803461,1.0170771,2.3772235,0.33655294,0.37072216,0.12550453,0.1541658
"1784",0.86570593,0.9119947,0.95021178,0.96081304,0.97349519,2.5267735,0.33267672,0.38937449,0.1276361,0.15492194
"1785",0.86972479,0.91507751,0.95314802,0.93527461,0.95115212,2.4236729,0.39070367,0.38418932,0.12249529,0.15561182
"1786",0.87507571,0.90441537,0.93847805,0.96079809,1.0572075,2.8386858,0.37640342,0.36380622,0.12138339,0.1541551
"1787",0.89349376,0.91334325,0.95263552,1.0134936,1.0055633,2.6839055,0.39644437,0.37500695,0.12321354,0.15169753
"1788",0.87633206,0.93274993,0.93673821,0.97845431,1.0306826,2.6197905,0.30813973,0.37620281,0.1284521,0.15380754
"1789",0.87282455,0.93368764,0.93917291,0.97725097,1.022251,2.5945633,0.30579638,0.36796295,0.12746811,0.15400478
"1790",0.87577921,0.90913276,0.92603801,0.98590817,1.0189423,2.4072834,0.40161712,0.37805557,0.12489217,0.15205233
"1791",0.84856036,0.95190241,0.96250031,0.975741,1.027536,2.2510014,0.42236678,0.373808,0.12975236,0.15288098
"1792",0.89597322,0.91624395,0.954921,0.99010646,1.0334891,2.3878859,0.34817923,0.36525952,0.12829164,0.15236489
"1793",0.88809834,0.89311017,0.93602685,0.93513665,1.0107161,2.257373,0.39451898,0.32363815,0.12464382,0.15329054
"1794",0.85942749,0.9126214,0.89252634,0.87720786,0.99091808,1.9976853,0.27284162,0.39987066,0.12884619,0.15718009
"1795",0.9445081,0.92505635,1.0047264,0.98797189,1.0481994,2.2762939,0.17234383,0.36193848,0.13128092,0.15382454
"1796",0.9185647,0.9018565,0.83364866,0.95841078,0.98397434,2.3925314,0.11609529,0.37975352,0.11169625,0.13622398
"1797",0.91084319,0.90833813,0.82712177,0.9492524,0.98442631,2.4254097,0.1001541,0.37617293,0.11452623,0.13498409
"1798",0.84415444,0.86689758,0.75511598,0.92977609,0.99552631,2.4282304,0.10203615,0.36430384,0.11894414,0.1325892
"1799",0.84449335,0.84879147,0.82740406,0.93426587,0.97376042,2.4764832,0.058316241,0.34162207,0.12200043,0.12943834
"1800",0.84731525,0.83899558,0.82868154,0.95213871,0.97160737,2.2905982,0.092490739,0.35473828,0.11947341,0.13005023
"1801",0.87249976,0.8528483,0.91799151,1.0586194,1.0527071,2.1311634,0.048704779,0.36526201,0.12305158,0.13265973
"1802",0.81753339,0.84802901,0.94453375,1.0342518,1.029158,2.2943158,0.026036317,0.39233065,0.11870473,0.13014692
"1803",0.89567997,0.91789999,0.96181842,0.99179903,0.98689647,2.373265,0.18122234,0.28538033,0.12520984,0.12558126
"1804",0.89107783,0.87375317,0.90158268,0.97375626,0.98546362,2.3384559,0.16139116,0.30997727,0.14069376,0.13845515
"1805",0.86860379,0.93470952,0.93020504,0.94638925,0.98585806,2.1638556,0.28145809,0.42506232,0.12323521,0.14987773
"1806",0.82796895,0.8979316,0.91882904,0.91782456,0.98492904,2.3349303,0.28294197,0.41647302,0.12472891,0.14735704
"1807",0.88760435,0.9454238,0.94980462,0.98118115,1.0645172,2.1859994,0.23109027,0.44855506,0.1150916,0.15182503
"1808",0.90880805,0.9380888,0.91773853,0.977104,1.0391172,2.1966582,0.26671512,0.41052809,0.11872421,0.151128
"1809",0.99377141,0.92310956,1.029396,0.96425923,1.0375906,2.0693002,0.28399558,0.43911617,0.11304343,0.1456738
"1810",0.89662691,0.92780884,0.93851681,0.96799116,1.0136799,2.0246417,0.27286834,0.39601243,0.11411751,0.15014614
"1811",0.94928076,0.92060212,0.92646111,0.95741581,1.0632865,2.1273087,0.2766141,0.37942006,0.11290539,0.14320165
"1812",0.91866496,0.92110259,0.93866867,0.98957857,1.0430019,2.104567,0.17069669,0.41398561,0.11095029,0.13741753
"1813",0.89241936,0.89769095,0.908999,1.0007759,1.0126799,2.0900358,0.21139442,0.40689906,0.11546092,0.13418
"1814",0.77438685,0.86984622,0.92592801,0.93081418,1.0105197,2.5296128,0.20564869,0.3969926,0.10479186,0.12972584
"1815",0.81861718,0.86825824,0.89632018,0.96135349,0.99135974,2.3253742,0.19573935,0.35803521,0.11213287,0.13082178
"1816",0.96812224,0.95236741,0.96772871,0.99143442,1.0529413,1.9715184,0.29399911,0.30861529,0.10887361,0.12886152
"1817",0.86680024,0.92261237,0.90443791,0.98322193,0.96339813,2.0498379,0.37739741,0.3123207,0.10878806,0.13113483
"1818",0.87401643,0.85899645,0.91057449,0.96412293,1.0392614,2.3243908,0.20174971,0.37350111,0.10449288,0.12904084
"1819",0.85450633,0.91613307,0.93698341,0.89639921,0.98193129,2.248392,0.2909152,0.36851208,0.10197752,0.13317757
"1820",0.84641606,0.86991408,0.90377538,0.97959329,0.94492241,2.4819571,0.32010479,0.36423125,0.096401067,0.14323025
"1821",0.82644054,0.86950132,0.90286505,0.96076469,0.99185533,2.4887694,0.37343466,0.34360119,0.10023214,0.14449544
"1822",0.99823839,0.91398208,0.95980207,0.95778336,1.0574684,2.8624174,0.16223054,0.30692893,0.12160433,0.14694528
"1823",0.87905616,0.98500245,0.96624694,0.98440669,1.0192943,2.5949194,0.21803094,0.32484308,0.12199543,0.14922471
"1824",0.90926046,0.95468216,0.93095829,0.97850049,0.98841066,2.6943824,0.22522283,0.34697351,0.11360675,0.1505763
"1825",1.0043079,0.91931856,0.91974363,0.97153661,1.0535047,2.610707,0.32767794,0.29293886,0.11898702,0.14020678
"1826",0.80496399,0.86101393,0.88060847,0.90004316,0.96771147,3.3995421,0.31347643,0.25120231,0.1192352,0.15493645
"1827",0.81883351,0.86260244,0.88255862,0.89586973,0.96509308,3.4199537,0.29693127,0.25261766,0.11980991,0.15570213
"1828",0.85963335,0.86265775,0.92321903,0.94956606,0.97185047,3.2799025,0.340935,0.25110678,0.11918628,0.15332587
"1829",0.91218773,0.88644227,0.96978953,0.92708851,0.98262797,3.306243,0.26593024,0.21774438,0.11962139,0.15667061
"1830",0.87642558,0.8717774,0.91624372,0.91001684,0.96881506,3.3296033,0.304184,0.239535,0.11654069,0.15143241
"1831",0.86734814,0.90212654,0.92493317,0.9255085,1.0327212,3.3523761,0.26569435,0.23629002,0.12054257,0.15320799
"1832",0.88219248,0.90847561,0.91190417,0.92163011,1.0208498,3.1792388,0.29741507,0.26647731,0.11675208,0.1589707
"1833",0.87559909,0.90263184,0.94893228,1.0056668,0.95918344,2.3273801,0.36823368,0.36436502,0.10147972,0.15058914
"1834",0.88705789,0.89896175,0.9276869,1.0080985,0.97862794,2.6237057,0.29480283,0.34677231,0.093428162,0.14779835
"1835",0.83092722,0.91686521,0.92585504,1.0075105,0.97371259,2.5797913,0.34285372,0.32980442,0.10298303,0.14489415
"1836",0.86141935,0.8871575,0.94415818,0.9662658,1.0238969,2.6245599,0.28868511,0.39484819,0.1001455,0.14088007
"1837",0.80150283,0.88630446,0.89703347,0.92849931,0.94216726,2.7926567,0.34299751,0.40387663,0.12291702,0.14996133
"1838",0.87294123,0.90541776,0.93415212,0.98531568,0.98686198,2.2997164,0.30883823,0.4080253,0.12015401,0.149557
"1839",0.80010275,0.85821179,0.94645281,0.97103525,1.025311,2.5817078,0.38115038,0.39766995,0.12667805,0.1499959
"1840",0.81961829,0.87766687,0.91497392,0.960848,0.97181205,2.6454518,0.332796,0.36722182,0.126156,0.15179975
"1841",0.844115,0.87983758,0.91573972,0.95352855,0.96225684,2.5200294,0.3467032,0.38100476,0.12683862,0.15633081
"1842",0.95397751,0.93895743,0.88761272,0.96164939,1.0248277,2.0192114,0.2486367,0.3657331,0.13451002,0.15182245
"1843",0.90326223,0.96002456,0.88790479,0.94371454,0.98678893,1.7758994,0.29375256,0.40891003,0.14228891,0.15807349
"1844",0.85375369,0.91778372,0.92328014,0.96485004,0.99159407,1.869559,0.27286257,0.37713961,0.14152538,0.1607981
"1845",0.8949004,0.86421179,0.92614996,0.91318188,0.98482678,2.1653278,0.38340885,0.41783404,0.14167805,0.16009763
"1846",0.92695007,0.85075548,0.93273777,0.96813305,0.96238786,2.8619244,0.18505085,0.34073864,0.1196812,0.14219994
"1847",0.91421443,0.93866436,0.9449753,0.95847387,1.0138783,2.9327012,0.1783605,0.32890242,0.11959835,0.13814267
"1848",0.91700344,0.93963406,0.93997123,0.98100169,0.97801032,2.9856181,0.18850126,0.3303823,0.12249919,0.13823279
"1849",0.92276886,0.93262785,0.92882668,0.97801846,1.0475621,3.3872523,0.17904812,0.31246537,0.12319055,0.1409272
"1850",0.91911417,0.90438767,0.92190584,1.0145283,1.0372247,3.1882366,0.18807651,0.32927523,0.12051489,0.14267607
"1851",0.85465939,0.91327654,0.96827622,0.95721028,1.0483454,2.8991306,0.26321559,0.31334168,0.11783111,0.14506606
"1852",0.92221454,0.90821073,0.90370252,0.97695416,1.004237,2.9451184,0.2125869,0.3016965,0.11928805,0.1435368
"1853",0.87500752,0.9213185,0.92109514,0.93271767,1.0095906,2.472486,0.28706487,0.31602464,0.12090171,0.13867921
"1854",0.9090181,0.89760683,0.88381093,0.98021059,1.0226271,2.2428601,0.3201765,0.33051364,0.11664224,0.14612643
"1855",0.90096406,0.91650543,0.95393862,1.0040046,0.99937979,1.8263585,0.42111868,0.32910639,0.1193708,0.14751162
"1856",0.8875513,0.8726496,0.87553759,0.95818714,0.96752789,1.84266,0.39440236,0.3038062,0.12315555,0.14551964
"1857",0.86518022,0.91012679,0.86750614,0.88617041,0.99317864,1.9010247,0.35252197,0.32437968,0.13027689,0.15061693
"1858",0.84769955,0.90932961,1.0260626,0.98731533,1.0262576,2.0079497,0.21267876,0.37244602,0.13760191,0.14654548
"1859",0.90050861,0.93418164,0.95812287,0.97459695,1.0041342,2.0509897,0.21434331,0.39487264,0.13101944,0.14458704
"1860",0.88973359,0.91848803,0.9314406,0.98175797,1.0472254,1.9795585,0.24882176,0.39173762,0.14472073,0.1431818
"1861",0.91326732,0.93885193,0.9420205,0.99151982,1.0065265,2.0262832,0.26436097,0.44840133,0.1143804,0.15458672
"1862",0.92899051,0.92195236,0.94294124,1.0268483,1.0545538,1.955677,0.25449225,0.42265501,0.10781909,0.15634468
"1863",0.85429949,0.89527238,0.89224961,0.93104804,0.98025071,3.3494753,0.19238951,0.41475028,0.11251223,0.15793771
"1864",0.8756519,0.87674641,0.90018477,0.92588394,0.96412503,3.2061592,0.25171361,0.41730083,0.11707081,0.15565949
"1865",0.92604255,0.89374367,0.8721313,0.88066693,0.98495211,3.0647366,0.23353204,0.38917322,0.11098722,0.15545299
"1866",0.83509584,0.8950214,0.93652918,0.9598555,0.9932098,2.6165261,0.33249716,0.41600428,0.083271387,0.15006859
"1867",0.88850513,0.86358937,0.88306387,0.91761438,0.95911429,2.5632954,0.31648657,0.35566096,0.099735056,0.14866841
"1868",0.83757777,0.82756842,0.8812965,0.91685183,0.98234053,2.680371,0.26883327,0.34992512,0.099795223,0.14743752
"1869",0.90881942,0.90444428,0.89261032,0.96648455,0.98141339,2.6212228,0.30377011,0.32112347,0.10083951,0.15121471
"1870",0.81474983,0.87567849,0.86101819,0.92174869,0.9696096,2.7731588,0.29745449,0.31987446,0.10477926,0.15513124
"1871",0.91870918,0.90779895,0.95726177,0.88484492,1.0390931,2.9080726,0.28614679,0.34529566,0.10478513,0.14860628
"1872",0.91605502,0.91599905,0.94130722,0.89811484,1.027685,3.0123665,0.28012127,0.36673802,0.10295175,0.14981198
"1873",0.86114113,0.89391365,0.91435411,0.99038301,1.0078518,2.6238968,0.23438619,0.37504339,0.10316538,0.15645969
"1874",0.90000584,0.90829335,0.94769526,0.93588231,1.0315547,2.2116117,0.15270541,0.37703673,0.11201901,0.15031704
"1875",0.88553743,0.91013192,0.90911811,1.0180161,0.99256613,2.4291041,0.23811383,0.40504751,0.10520895,0.15236087
"1876",0.88793558,0.92463096,0.92296097,0.91432984,0.9796678,2.3107703,0.27958295,0.45184163,0.10580713,0.16451342
"1877",0.88171709,0.88827322,0.89664275,0.98722304,1.0099781,2.4107841,0.38007982,0.34371333,0.11202636,0.14582101
"1878",0.88283419,0.91280507,0.892518,0.95065613,0.97471231,2.456378,0.39696814,0.3570997,0.099794516,0.14350419
"1879",0.8424729,0.91220501,0.96083555,0.99073152,1.0064915,2.5696797,0.33594242,0.35676298,0.094736088,0.1475831
"1880",0.84095861,0.91390098,0.91857984,0.96006413,1.0058683,2.3914492,0.28987455,0.36985135,0.098642069,0.1483336
"1881",0.92129329,0.88763249,0.92343924,0.95638853,0.9909869,2.0286384,0.23176916,0.33385345,0.12186122,0.15673093
"1882",0.88617896,0.85714899,0.95610379,0.96398775,1.0258914,2.2429116,0.24319201,0.3478143,0.11653987,0.16090351
"1883",0.9306744,0.93989782,0.97084709,0.98691799,1.0095652,2.2533766,0.26122212,0.33249024,0.11956417,0.15684711
"1884",0.91404977,0.95573644,1.0099684,1.0025794,1.0746959,2.2134012,0.2182999,0.3567612,0.11728868,0.1564427
"1885",0.89054738,0.93397027,1.0039471,0.99187504,1.0372907,2.2178914,0.22209226,0.40573109,0.12637751,0.15744185
"1886",0.88080979,0.92971412,0.99869643,0.99652094,1.0450398,2.245069,0.21730822,0.40464619,0.12935012,0.15607105
"1887",0.86817863,0.95618624,0.92101264,0.96083607,1.0374775,2.3572735,0.20704043,0.4600432,0.12791273,0.14293689
"1888",0.89544331,0.91412831,0.97193924,1.0018796,1.0318527,2.3178696,0.13209183,0.40352747,0.13209399,0.14421106
"1889",0.8770722,0.96381943,0.97621552,0.96371748,0.99473026,2.2933278,0.14903409,0.44969338,0.13925746,0.14824029
"1890",0.85571575,0.90338233,0.9191068,0.94629905,1.0083931,2.3107261,0.21100034,0.44414721,0.14476672,0.14838935
"1891",0.83282358,0.90444974,0.93639878,0.93506636,0.99070465,2.5531729,0.13845866,0.48062532,0.14717937,0.146228
"1892",0.87551324,0.9014589,0.94138518,0.98688976,0.99248792,2.5819252,0.17331306,0.4339746,0.1470507,0.14563185
"1893",0.88194693,0.89953259,0.90307422,0.92082529,1.0016313,2.4405781,0.20378027,0.44432273,0.12392455,0.14505369
"1894",0.86138822,0.86339759,0.92300408,0.9829139,1.0014388,2.4814257,0.28026491,0.39683183,0.14592749,0.15739579
"1895",0.84438308,0.8914276,0.8693013,0.92324685,0.96521066,2.5533004,0.27049888,0.36029248,0.15041801,0.15839947
"1896",0.86472437,0.89853003,0.89627969,0.90740626,0.96523209,2.5152727,0.23107093,0.39039074,0.1495258,0.156916
"1897",0.89104557,0.84575496,0.90703299,0.96553639,1.0191271,2.7016457,0.19540822,0.36600717,0.1454281,0.15060229
"1898",0.82983139,0.87254058,0.88063291,0.90769458,0.96862397,2.9998888,0.2140148,0.30353808,0.14784378,0.14485333
"1899",0.9149164,0.94201086,0.98444041,0.98557378,1.0557197,2.7228599,0.24071059,0.32071854,0.10203679,0.12951899
"1900",0.8822387,0.8678045,0.87687006,0.92890549,0.9977144,2.6016738,0.22668534,0.27898106,0.10429683,0.12459752
"1901",0.85286945,0.91096371,0.9549438,0.9675057,0.99332405,1.8612354,0.22680862,0.35261723,0.10901717,0.13189009
"1902",0.8782159,0.90917274,0.95631141,0.97487673,1.0268591,2.0362245,0.24189438,0.34511114,0.10903059,0.13200595
"1903",0.83157756,0.87185471,0.85704915,0.95283518,0.98497169,2.2311537,0.32934542,0.321397,0.12020258,0.13089857
"1904",0.86493668,0.88443742,0.85636512,0.93262446,0.98608641,2.2355106,0.33631701,0.3187711,0.12023746,0.13317471
"1905",0.89048639,0.86607596,0.87843422,0.98310222,0.98135198,2.1847748,0.37445095,0.29292769,0.11875419,0.1306609
"1906",0.93160719,0.87859386,0.91991985,0.91947914,0.98953632,2.0071296,0.37427093,0.30437844,0.12203366,0.13418139
"1907",0.91662629,0.91885613,0.91691148,1.0185204,0.99384913,1.90148,0.34603384,0.32182893,0.11090725,0.1324505
"1908",0.86568573,0.97405368,0.94856742,0.98649211,1.0480865,2.0399569,0.41386454,0.35686742,0.11481324,0.13470418
"1909",0.86943684,0.94397752,0.9188019,0.97501896,1.0336147,2.3473164,0.25747469,0.38101429,0.11252657,0.14149472
"1910",0.90797104,0.98734867,0.94510261,0.98198058,0.98879544,2.0662728,0.26352783,0.36480199,0.11908321,0.13443222
"1911",0.91016437,1.0045005,0.93457302,0.97200595,1.0068401,1.9642868,0.28132208,0.37345802,0.11792522,0.1373759
"1912",0.87614008,0.85510944,0.83851733,0.93555054,0.97745511,2.5549326,0.27378865,0.34245421,0.11858745,0.13941349
"1913",0.84819728,0.89695609,0.89106894,0.93955995,0.94980498,2.7242927,0.23268343,0.35756766,0.12418758,0.13977457
"1914",0.86612871,0.90336526,0.93806585,0.9561871,0.97784367,2.5499587,0.26462648,0.39383984,0.12374815,0.14085605
"1915",0.90096094,0.88133126,0.94037224,0.91650713,0.94650626,2.1603121,0.27430754,0.34478558,0.13505096,0.13838682
"1916",0.86859208,0.8853452,0.93294786,0.93536679,0.96996139,2.2268713,0.2258783,0.37963289,0.12115331,0.13982039
"1917",0.91604886,0.8616785,0.94268612,0.96134279,1.0039394,2.2339953,0.24638487,0.35737739,0.12061361,0.13913979
"1918",0.86071757,0.85147342,0.95322974,0.93890506,1.0196953,2.1645344,0.20350483,0.3715567,0.11630674,0.13980715
"1919",0.91932542,0.8630246,0.9202618,0.95089189,1.0192727,1.9504704,0.2514934,0.39585075,0.11214675,0.14131749
"1920",0.85100312,0.87651938,0.96321767,0.96375139,0.94981099,2.6845072,0.26256843,0.39582962,0.10976551,0.13121137
"1921",0.83969514,0.88808484,0.96613365,0.96480521,0.9444011,2.5593391,0.26955607,0.42063345,0.10984069,0.13236847
"1922",0.95093409,0.96867739,0.90406672,0.97631065,0.98781502,2.9552469,0.29873618,0.41572253,0.11954321,0.13132435
"1923",0.8337038,0.88553868,0.90918788,0.93768099,0.9627516,2.9142014,0.33264237,0.36268528,0.10384112,0.14157479
"1924",0.84536943,0.8672936,0.88173256,0.91971713,0.95570325,3.1009511,0.29474218,0.35490812,0.10519719,0.14288651
"1925",0.84914135,0.88477037,0.92277472,0.94698478,0.97752482,3.0702972,0.30038778,0.37396634,0.11314549,0.13978643
"1926",0.8247197,0.90653087,0.93288267,0.97733291,0.98720215,2.9227064,0.23308945,0.40498666,0.10769628,0.14560498
"1927",0.8288827,0.83925038,0.92556916,0.94098721,1.0150543,2.7072139,0.16783594,0.45214571,0.11206905,0.14018759
"1928",0.85662655,0.86344959,0.9441068,0.97090276,1.0293482,2.8418781,0.14083703,0.45590867,0.10889299,0.13841634
"1929",0.90346367,0.90452392,0.91874372,0.92932174,0.97495352,3.0123133,0.20416408,0.4069688,0.11623988,0.14208599
"1930",0.93026661,0.90874473,0.91960832,0.97017673,1.0293281,2.6861448,0.2392098,0.34389076,0.11820851,0.1420879
"1931",0.92759697,0.91323967,0.94378232,0.96500512,1.0275514,2.653723,0.23029961,0.35484419,0.12209801,0.14173218
"1932",0.87995013,0.84789047,0.91720225,0.94382041,0.95372241,3.0892578,0.29562935,0.34100417,0.13461838,0.14181359
"1933",0.91305693,0.87519748,0.90087338,0.95022494,0.95601833,2.8435256,0.36749797,0.34288386,0.13577328,0.140217
"1934",0.80712567,0.87627574,0.95052512,0.9502091,1.0039688,2.94029,0.29835528,0.35238837,0.13014234,0.13709109
"1935",0.85412366,0.85737502,0.93608899,0.90545067,0.99788422,3.0026729,0.30617421,0.3550255,0.1316476,0.13586609
"1936",0.91837942,0.93791602,0.88613371,0.98076812,1.0208731,2.7479222,0.2935313,0.40482057,0.14236533,0.13825008
"1937",0.86836134,0.90481805,0.87352931,0.95973233,1.0023075,2.6975202,0.29600044,0.42659181,0.13486689,0.13938908
"1938",0.85048834,0.88871826,0.92358639,0.92490309,1.018361,2.1892831,0.34603655,0.42207517,0.13131933,0.14679995
"1939",0.77876107,0.90036564,0.86879403,0.90230758,0.95016052,2.2477,0.3282688,0.41469521,0.13760679,0.14330971
"1940",0.86616136,0.8813585,0.93551388,0.98183776,1.0154209,2.0690064,0.38212616,0.42984229,0.12940525,0.14941501
"1941",0.89097586,0.87506524,0.90016664,0.97390809,1.0400986,2.4352329,0.26481224,0.39910473,0.13679598,0.16029799
"1942",0.88009976,0.85304026,0.92557792,1.0036181,0.99255814,1.6657553,0.30055932,0.36780257,0.13992186,0.14433493
"1943",0.87317549,0.91111825,0.94810551,1.0305699,1.011646,1.7544511,0.30223638,0.37285232,0.14149627,0.14569957
"1944",0.91164367,0.93553441,0.90320723,0.96793459,1.001057,1.8956418,0.56759031,0.36518357,0.1283197,0.15244249
"1945",0.89480175,0.86160367,0.92478659,0.98743681,1.0227542,1.6835516,0.48273635,0.38759361,0.12773932,0.14957615
"1946",0.92124486,0.8768887,0.93052384,0.96460279,1.0188353,1.7212673,0.47404021,0.37866788,0.13326626,0.14932131
"1947",0.87269584,0.91321235,0.89794962,0.98185554,0.99342118,1.9247204,0.42849583,0.39882532,0.13174674,0.1514941
"1948",0.89974192,0.9013132,0.90508964,0.94838867,1.0411,1.9088283,0.5620485,0.38108941,0.13035425,0.15291339
"1949",0.93061762,0.94644056,0.92928983,1.0058134,1.0210702,2.2559095,0.40433398,0.36644806,0.12195957,0.16173844
"1950",0.83220265,0.90590155,0.92502972,1.0005024,1.0035217,2.3905035,0.4254971,0.36815548,0.11562884,0.16186444
"1951",0.86370328,0.90163059,0.93823544,0.91401616,1.0201632,2.1732368,0.28207778,0.44728814,0.11472759,0.14123905
"1952",0.86633183,0.87187,0.90523002,0.87805781,0.99287888,2.4463342,0.33320428,0.46576008,0.12204815,0.14664923
"1953",0.89737361,0.91804663,0.914988,1.0097225,0.99653052,1.737776,0.30403955,0.32406307,0.11870956,0.1406836
"1954",0.90155632,0.95049912,0.96971019,1.0432391,1.0805984,1.7794186,0.2746863,0.31382058,0.12771312,0.13239759
"1955",0.86880126,0.92014579,0.90105665,1.0175378,1.0573895,1.7602638,0.28966822,0.32574922,0.12729704,0.13263755
"1956",0.85750453,0.9307494,0.86687046,1.0129525,1.0161978,2.3437319,0.21566733,0.40042676,0.13483023,0.13505068
"1957",0.82291326,0.92958633,0.89157011,0.98752983,1.0074472,2.1509121,0.26428366,0.40339155,0.13729589,0.13578992
"1958",0.87595178,0.9241674,0.93420989,1.0126621,0.98444347,1.9557636,0.29730642,0.37395774,0.12347735,0.13583807
"1959",0.93562766,0.87685724,0.93260881,0.9701677,0.98317311,1.7425972,0.27339328,0.34662614,0.14072019,0.14223802
"1960",0.87418956,0.89741442,0.8955061,0.93031298,1.0294583,1.9648891,0.22033468,0.36561241,0.14454497,0.13831396
"1961",0.92473787,0.92520434,0.94548776,0.93506354,0.95033717,1.5038616,0.22501921,0.36462212,0.13806012,0.13561494
"1962",0.92315762,0.92004868,0.9561754,1.0515098,1.0037091,1.9171176,0.24766922,0.33069821,0.12479264,0.14341707
"1963",0.8880183,0.886604,0.9015426,0.88881621,0.97823021,2.5837348,0.30994963,0.29433624,0.12264804,0.13492437
"1964",0.85080013,0.94618043,0.93455575,0.85963538,0.97848668,2.4885152,0.29504668,0.32967107,0.12444043,0.13607313
"1965",0.8511796,0.92861184,0.93549141,0.89501846,0.96330273,2.5462293,0.26505186,0.32095174,0.12567892,0.13647627
"1966",0.93304629,0.89720434,0.87844171,1.0375087,0.97116615,2.2485274,0.35529712,0.29016142,0.12465194,0.14280303
"1967",0.87703309,0.92480056,0.88884926,0.956088,1.0277327,2.244022,0.33578025,0.27532487,0.12087917,0.139759
"1968",0.84897571,0.89693156,0.89437939,0.98328218,0.94540348,2.3943718,0.29973844,0.27963879,0.13030612,0.13778729
"1969",0.82992397,0.94497646,0.95488236,0.98709261,1.0182536,2.5138718,0.26278602,0.29648204,0.13530857,0.14106019
"1970",0.86270204,0.87764717,0.92151443,0.96478263,1.0054335,2.1951097,0.2851275,0.32271833,0.13681481,0.14029786
"1971",0.81273938,0.90884505,0.9053729,0.92927928,0.97646862,2.2938759,0.16937202,0.3769411,0.13720554,0.1364935
"1972",0.81210895,0.91097171,0.90703473,0.92555645,0.97680699,2.2927416,0.17074713,0.37506375,0.13750373,0.1361102
"1973",0.90331887,0.963776,0.8877794,0.96334155,1.006787,2.2805144,0.11943804,0.37235514,0.13987444,0.14018539
"1974",0.92737135,0.9001979,0.8732161,0.91112513,0.98746137,2.3469767,0.22347834,0.39348756,0.14066982,0.14173737
"1975",0.86492232,0.9277855,1.0003301,1.0030232,1.0353389,2.4129627,0.27823073,0.43476386,0.14097081,0.14051444
"1976",0.89391157,0.8840762,0.93239662,0.95204087,0.98520099,2.6309379,0.27352251,0.43752243,0.13080844,0.14328836
"1977",0.86690311,0.89101058,0.93270744,0.90525963,0.97358748,2.5342514,0.34812715,0.4630249,0.13130977,0.13946689
"1978",0.83349913,0.86847643,0.87021349,0.96686615,1.0016536,2.6550862,0.33731594,0.45742252,0.13630261,0.13819784
"1979",0.88543019,0.90406467,0.89759364,0.98357272,0.99385307,2.7522468,0.38443858,0.40798177,0.13543314,0.14187772
"1980",0.95140833,0.91197166,0.9306991,0.98610559,1.0294834,2.4218448,0.43528041,0.39223596,0.12664777,0.14547085
"1981",0.78746496,0.88325973,0.89095557,0.92345236,0.9680881,2.5782752,0.28693981,0.38938074,0.12471878,0.13725312
"1982",0.87507259,0.86395531,0.89452553,0.90772542,0.92246176,2.7206693,0.26681694,0.39719646,0.128013,0.13991823
"1983",0.95510533,0.95691797,0.93677029,0.96699443,1.0486748,2.6259046,0.382618,0.33798463,0.12715145,0.14528545
"1984",0.92609633,0.90177696,0.97539677,0.95448488,1.0100177,2.4920761,0.33035548,0.30823136,0.1173344,0.14953492
"1985",0.88579734,0.88125595,0.82908132,0.97463854,0.97551505,2.5014959,0.28332085,0.40789037,0.13123087,0.15994081
"1986",0.93886686,0.96483727,0.96855494,0.98311293,1.0635265,2.4993208,0.33862742,0.35566342,0.13108401,0.15632197
"1987",0.92815282,0.92728754,0.98774621,0.95940508,1.0893797,2.4207727,0.34427504,0.35083714,0.13044764,0.15991794
"1988",0.82916337,0.89397121,0.86775644,0.95595463,0.92762645,2.9885411,0.34493184,0.40613696,0.13442985,0.15164555
"1989",0.83137268,0.92531455,0.89442253,0.93932148,1.0077771,2.6428624,0.24976246,0.43622027,0.12286934,0.14900291
"1990",0.85143789,0.87053958,0.86190338,0.92816674,1.00695,2.2861974,0.24851036,0.49435082,0.11989981,0.15152427
"1991",0.92164394,0.95878419,1.0040352,1.0052392,1.0208213,2.1725685,0.34764031,0.46559325,0.11243385,0.15140161
"1992",0.9000177,0.89144078,0.94231085,1.0059035,1.0695705,2.2667658,0.26613704,0.46485063,0.12274037,0.15445889
"1993",0.89745719,0.90072521,0.92175427,0.93940463,0.98814392,2.3464824,0.26223418,0.45648676,0.1187481,0.15109586
"1994",0.92635937,0.882528,0.92626041,0.98116493,1.0079189,2.3381458,0.33311848,0.46989927,0.12477325,0.15048973
"1995",0.92313986,0.90202334,0.91220191,0.98376246,1.0384318,2.1127727,0.31726099,0.45963722,0.12041199,0.14877359
"1996",0.91666697,0.88898227,0.9515217,1.029593,0.97944436,2.3840122,0.31077877,0.4553135,0.12512781,0.14990188
"1997",0.90184548,0.8876836,0.92582767,0.91673157,1.0451271,2.490226,0.29414762,0.40891082,0.13359308,0.14873579
"1998",0.94236427,0.87594955,0.90536667,0.93729586,0.99319977,2.8145451,0.29926733,0.38995908,0.1157136,0.14432774
"1999",0.81773786,0.90894178,0.90402647,0.99650429,1.0150819,2.8197326,0.33739781,0.33487092,0.12298656,0.14625982
"2000",0.83201119,0.9189344,0.99963419,0.96012145,1.0078312,2.9294279,0.31432668,0.36609963,0.12216603,0.14863886
"2001",0.87566843,0.89500369,0.98185414,0.98198867,1.0031366,2.3275923,0.11587904,0.38435958,0.13266438,0.13650309
"2002",0.86145583,0.88482314,0.92612434,0.94643974,1.0202048,2.3326259,0.091826938,0.41157136,0.13289587,0.13555897
"2003",0.87323936,0.9196213,0.96774823,0.99781033,0.9956225,2.147394,0.1442341,0.36532837,0.12962441,0.13776697
"2004",0.89425634,0.90521854,0.87479519,0.91897663,0.99756263,2.3805812,0.17414867,0.35343486,0.12330128,0.13409985
"2005",0.92508195,0.93529329,0.94619088,1.0296841,0.99492937,2.0625732,0.22043903,0.35688524,0.11618777,0.13531578
"2006",0.84617637,0.91700488,0.91072913,0.95053677,1.015746,1.6836225,0.26347786,0.39093597,0.096010142,0.140583
"2007",0.89323692,0.91052988,0.95374816,0.99900241,1.0393074,1.6533558,0.25656376,0.42874987,0.092551014,0.13930283
"2008",0.8488977,0.89559392,0.92577747,0.95197162,0.98957764,1.7403388,0.2976361,0.37255817,0.10547761,0.13873172
"2009",0.85567731,0.88856686,0.91398019,0.97114204,0.97172931,1.8255916,0.26773483,0.38700136,0.10255824,0.13560042
"2010",0.86821846,0.88929495,0.92070675,0.98703528,0.97563372,1.8565303,0.31680292,0.38390322,0.10196433,0.13775008
"2011",0.95901463,0.91374549,0.930952,0.98793263,1.0195899,2.2356406,0.26522975,0.44479257,0.10591098,0.13475567
"2012",0.90921893,0.86315808,0.94596627,0.9366142,0.98368235,2.4754184,0.35154966,0.46102223,0.1096544,0.13426646
"2013",0.9010319,0.93510155,0.87027483,0.94053614,0.98218049,2.5361507,0.37913718,0.42668131,0.11447711,0.13599917
"2014",0.86720098,0.89827154,0.92834921,0.99440807,1.0188965,2.5438475,0.30114923,0.43501165,0.10118825,0.13722506
"2015",0.86322445,0.90897553,0.948112,0.90503532,1.0062643,1.8526074,0.27548468,0.44174594,0.11705817,0.13977044
"2016",0.91166842,0.89332424,0.9061316,0.96514818,0.98463431,1.8648421,0.3114905,0.44985025,0.12329794,0.14513102
"2017",0.88548632,0.94882259,0.94701087,0.95315851,1.0303744,1.8227396,0.29187597,0.50107581,0.12147242,0.14485272
"2018",0.89801138,0.89695978,0.94296925,0.95765642,1.0181228,1.9844951,0.30996719,0.4027,0.1118948,0.14839749
"2019",0.90854885,0.89761572,0.91361382,0.92187791,0.99411383,2.3046961,0.21220569,0.39779392,0.11151145,0.15306018
"2020",0.91483524,0.94502737,0.98901165,1.0351933,1.0343339,2.1069983,0.21746186,0.39586169,0.11400055,0.15262021
"2021",0.84620996,0.87808872,0.88236638,0.97174042,0.96613019,2.1968684,0.15409232,0.48503419,0.12381272,0.15013871
"2022",0.90633585,0.9052291,0.96097357,0.94020672,1.015149,2.3064571,0.14947053,0.48701671,0.12055081,0.15940269
"2023",0.79768859,0.88659691,0.96391639,0.95098543,0.99867109,2.9889997,0.098892593,0.52211145,0.11926584,0.16031055
"2024",0.90931669,0.96222842,0.92168047,1.0191194,1.0655176,2.8966001,0.072306525,0.54367681,0.12819123,0.16197756
"2025",0.79868333,0.90513515,0.93334884,0.93260721,0.98075641,2.7541494,0.13415318,0.52524403,0.13090371,0.15729254
"2026",0.86736936,0.91931826,0.88243879,1.0099599,1.0264974,2.7792614,0.17095683,0.52534051,0.12631564,0.15055125
"2027",0.97451728,0.9331379,0.91982436,0.94005221,1.0129806,2.2919029,0.15006981,0.48791357,0.13284667,0.14367633
"2028",0.94436239,0.97670088,0.91790506,0.98485516,1.0717127,2.5140408,0.17901574,0.39988955,0.14051692,0.14644822
"2029",0.84220374,0.87345107,0.88112616,0.9336611,1.0113266,2.2226223,0.1535583,0.39918336,0.13711926,0.15022472
"2030",0.91237597,0.88629686,0.91768456,0.98030808,0.96712606,2.1993003,0.18617151,0.38744867,0.12859802,0.1540307
"2031",0.84744,0.87893356,0.94152892,0.98116048,1.021286,2.2781436,0.18337667,0.44574733,0.11669244,0.15136091
"2032",0.88422752,0.90008913,0.87334563,0.95188868,1.0178704,2.3337888,0.22948656,0.43326466,0.1133246,0.1513231
"2033",0.88058497,0.9004778,0.91292581,1.0063477,1.0399515,2.0029204,0.20585332,0.4132684,0.11716463,0.14972067
"2034",0.91452697,0.91332144,0.91211695,1.0394869,0.94176215,2.1496739,0.23997956,0.45759945,0.1101306,0.1522017
"2035",0.94429493,0.87871769,0.89261747,0.96053417,0.99416947,2.0913628,0.14470427,0.39616922,0.10594563,0.14292503
"2036",0.88812345,0.91174195,1.0056122,1.0344646,1.0296166,2.4537594,0.15862309,0.4313342,0.11117016,0.14424843
"2037",0.89148988,0.95435947,0.98273047,0.93836889,1.0182099,2.5205763,0.2150971,0.39343917,0.12048009,0.14711064
"2038",0.88344317,0.94825694,0.93595236,0.97367512,1.0080732,2.4298884,0.22693484,0.39214622,0.12388032,0.14254949
"2039",0.89828409,0.88880468,0.91931633,1.0015397,0.99280463,1.8984858,0.27239838,0.36842774,0.11972283,0.13886777
"2040",0.84108921,0.91664432,0.89780366,0.93094057,1.0040372,2.3050335,0.27686946,0.35903486,0.11586964,0.13774548
"2041",0.82887472,0.88718844,0.96313532,0.91655067,0.99776878,2.3816665,0.24627311,0.37521669,0.11423453,0.14429897
"2042",0.90218517,0.92265638,0.88599067,0.97004984,0.97338096,2.1878313,0.26002921,0.37600258,0.11452595,0.14876699
"2043",0.9457959,0.9256688,0.93349043,1.0084606,0.98524152,2.33213,0.22671906,0.35074162,0.10850661,0.14624159
"2044",0.90132845,0.91767596,0.91403552,1.0017995,0.96091541,2.4209749,0.27086271,0.34286198,0.10864912,0.1447526
"2045",0.90078455,0.92535824,0.94082156,0.98903594,0.95655397,2.3736803,0.23179408,0.34676741,0.11259145,0.14686863
"2046",0.92451319,0.91358832,0.903877,0.99768675,0.99730329,2.4585454,0.32252354,0.33252603,0.11399863,0.14584543
"2047",0.81629664,0.84527318,0.86485852,0.96248177,1.0028162,2.0395559,0.3579223,0.44470694,0.12316326,0.13977192
"2048",0.86322839,0.90490424,0.93168588,0.9535611,1.0193573,2.0238371,0.32413083,0.47082474,0.12626013,0.13841757
"2049",0.88291135,0.90448109,0.85363382,0.97921032,1.0016903,2.0133936,0.24935099,0.45699739,0.12860737,0.14545206
"2050",0.8391907,0.93636764,0.97556709,0.98283065,1.0416559,1.8742119,0.22505831,0.46965583,0.12736946,0.14388379
"2051",0.85045483,0.96842656,0.95163685,0.92522045,1.0320202,2.2225161,0.22803413,0.48510801,0.12267139,0.14171583
"2052",0.85827088,0.88037305,0.89188467,0.93382921,0.97568983,2.278844,0.21622492,0.52190816,0.12620304,0.14545693
"2053",0.85161498,0.88933186,0.91958223,0.97259873,0.9954225,2.3186616,0.22110827,0.49545458,0.1259501,0.14620201
"2054",0.86506242,0.90485506,0.94303245,0.97182183,1.0181168,2.2756385,0.22768492,0.49949384,0.12332323,0.14615538
"2055",0.8303869,0.85541238,0.93575058,0.97050094,0.95729518,2.4581526,0.22445912,0.41101873,0.12286183,0.13396615
"2056",0.89073243,0.89982883,0.95652471,0.95017768,0.99394236,2.7168478,0.26586243,0.40542489,0.12557661,0.13606887
"2057",0.8890686,0.90505139,0.95589765,0.93127621,0.97022538,2.5165681,0.3008193,0.42565541,0.12475698,0.13788669
"2058",0.82064714,0.90416678,0.86008209,0.99247089,1.0071428,2.88901,0.35928555,0.40710952,0.10937835,0.13895223
"2059",0.88867307,0.85516524,0.93453132,1.0053481,0.95602332,2.9141132,0.29156285,0.3867447,0.12018065,0.14040789
"2060",0.93897936,0.95649685,0.95752832,0.97820174,0.99352641,2.4772912,0.24799667,0.33503467,0.13384758,0.14313372
"2061",0.8327818,0.84723455,0.88338388,0.97394505,0.97420403,3.087535,0.27306154,0.3413303,0.12957276,0.14626541
"2062",0.89879301,0.93553114,0.89818385,0.93984469,1.0096931,2.8815308,0.25192113,0.32597096,0.12349367,0.14824061
"2063",0.91427169,0.9273513,0.90731206,0.95423542,1.003722,2.9925274,0.24239882,0.34083858,0.12166179,0.14821129
"2064",0.88554612,0.89829507,0.87995242,0.86818643,0.97067088,2.7705377,0.32317831,0.36328935,0.13741024,0.15701173
"2065",0.89364344,0.8961069,0.94847138,0.98969904,1.0128281,3.0066023,0.25483174,0.37942106,0.1319225,0.1580027
"2066",0.87377106,0.9456059,0.93046047,0.97367401,0.99844742,2.9868071,0.2456964,0.32967131,0.13886969,0.15613476
"2067",0.87652452,0.9412202,0.91288909,0.98370231,0.98386697,2.8655078,0.25474407,0.32513946,0.14032778,0.15499962
"2068",0.87639376,0.89654455,0.94059606,0.96943192,1.0020431,2.9434415,0.2380535,0.33768364,0.13049056,0.1639118
"2069",0.86577246,0.91904417,0.92362677,0.9726663,1.0070564,2.5268107,0.27727124,0.34629659,0.13057599,0.15928476
"2070",0.85607162,0.90731329,0.86976728,0.98259547,1.0234667,2.5624263,0.20293064,0.38585981,0.12786656,0.16826508
"2071",0.83717529,0.91533954,0.9021998,0.98017551,1.0219022,2.5681524,0.20311871,0.38117175,0.12891114,0.16525596
"2072",0.8530249,0.89309752,0.8841875,0.94908389,0.98866521,2.5397625,0.20893331,0.35657032,0.12744618,0.16647393
"2073",0.87620592,0.86098368,0.93132143,0.98861139,1.0255788,2.3967601,0.19765167,0.38811382,0.11834098,0.1637579
"2074",0.88938044,0.91427619,0.87715922,0.96656483,0.99113259,2.6382209,0.16657976,0.38972532,0.12057878,0.16392976
"2075",0.87575037,0.89581381,0.90860211,0.94692358,1.0232606,2.5188713,0.24871369,0.36135501,0.1236867,0.15763158
"2076",0.96946567,0.89794112,0.91533575,0.97185453,1.0454851,2.6789898,0.38225919,0.35419254,0.11219096,0.1495483
"2077",0.91708614,0.92942143,0.93769204,0.99770879,0.99566525,2.5810028,0.36376108,0.37569341,0.10890812,0.14983079
"2078",0.86427638,0.88306065,0.97121247,1.0314753,1.0263081,2.8910741,0.31520014,0.37140714,0.11363262,0.13511115
"2079",0.86259798,0.91825363,0.92365647,0.94117751,1.0218378,2.728792,0.29089613,0.39924815,0.11754305,0.13287849
"2080",0.84714128,0.90716508,0.97342282,0.99497798,0.99836862,2.719338,0.25710886,0.41653816,0.11457862,0.13555229
"2081",0.88891472,0.91824775,0.92304078,0.92424684,0.98533852,2.9486605,0.24043106,0.40244341,0.11472246,0.13578887
"2082",0.8423981,0.89837647,0.88263164,0.89850848,0.98676648,3.1190463,0.27969113,0.34622982,0.13305457,0.13924956
"2083",0.87346965,0.91152091,0.97583193,0.93154264,0.99930868,2.9300671,0.25433344,0.38746093,0.12034135,0.14652518
"2084",0.86787895,0.93884691,0.99018171,0.98482423,0.98404033,2.8000131,0.24288559,0.37228494,0.11882592,0.148072
"2085",0.89620313,0.87686101,0.929384,0.94903339,1.0406706,2.6384498,0.20496499,0.36155933,0.11131604,0.1500396
"2086",0.90153196,0.96676452,0.96750254,0.96906317,1.0333944,2.5292118,0.16241139,0.34669287,0.11156088,0.14730566
"2087",0.87059756,0.85961941,0.89963867,0.94771018,0.9974152,2.575376,0.11510226,0.38962704,0.11581714,0.14650927
"2088",0.87304035,0.92608379,0.93608864,0.99719331,0.99935553,2.3194277,0.10233963,0.41949042,0.11319162,0.15079884
"2089",0.8884715,0.89497994,0.95993645,0.93307545,0.99654789,2.4314039,0.15384579,0.44416932,0.12258613,0.15349064
"2090",0.83638699,0.88799125,0.88800489,0.9629485,1.0515874,2.2441582,0.22890765,0.39481313,0.11995945,0.152694
"2091",0.84710339,0.93872346,0.92201212,0.99311474,0.99116032,2.2589733,0.24631341,0.3462453,0.11162845,0.14357899
"2092",0.88224259,0.8631999,0.8776599,0.9779485,0.97459688,2.2453456,0.27386771,0.33803208,0.11242184,0.1473279
"2093",0.92218419,0.94538757,0.97027426,0.95787278,1.0201398,2.1448767,0.28840456,0.31192858,0.11476067,0.14769794
"2094",0.92339354,0.94506455,0.96759127,0.95714302,1.0307919,2.1461964,0.28398343,0.31256802,0.11347987,0.14704899
"2095",0.91928434,0.93828848,0.9519737,0.93550687,1.0509059,2.0302927,0.29059621,0.35819421,0.11270297,0.14543173
"2096",0.89002265,0.95140268,1.0008073,0.94783122,1.0364563,2.154039,0.23008528,0.34298884,0.12275377,0.14417908
"2097",0.88840397,0.91911223,0.93411308,0.9141344,0.97770178,2.0708619,0.28393334,0.35758458,0.11934158,0.1460883
"2098",0.91543752,0.88277468,0.90714256,0.93229738,1.0336431,2.0290638,0.33402345,0.31420014,0.12492675,0.14917785
"2099",0.85851802,0.85375117,0.91932367,0.94092511,0.99062304,2.0485269,0.3081456,0.36037588,0.12105171,0.14992604
"2100",0.92900922,0.86484267,0.94046692,0.97831262,1.0066492,2.075753,0.31527212,0.35825259,0.13096458,0.15412325
"2101",0.89864642,0.87396412,0.91413348,0.94393665,0.98087243,2.1625979,0.30426953,0.36367235,0.13202485,0.15425349
"2102",0.87196671,0.93027843,0.91220254,0.9165872,0.97664488,2.4757906,0.30886715,0.3302881,0.12645811,0.15383358
"2103",0.91624248,0.95664508,0.97360333,0.88843085,1.0073287,2.5182997,0.29788804,0.34500609,0.11991741,0.15093428
"2104",0.92366691,0.94921426,0.97825133,0.88914805,1.0154411,2.4637955,0.31209052,0.33625477,0.11847863,0.15188064
"2105",0.90137247,0.95158735,0.92920934,0.97845297,0.93537365,2.474116,0.29595476,0.30553152,0.12736165,0.14654491
"2106",0.90692481,0.89660922,0.99992177,0.92902689,0.99486293,2.3642181,0.31840567,0.29989086,0.12660666,0.14121614
"2107",0.91845343,0.92432776,0.99416946,0.99635007,1.0259817,2.4527936,0.38434524,0.31299154,0.12412163,0.14076668
"2108",0.89771092,0.90627704,0.95814052,0.94107702,1.0780179,2.4646249,0.31110817,0.3644749,0.12260149,0.13777917
"2109",0.85931631,0.92106811,0.9452946,0.92190175,0.98327191,2.6992276,0.29957704,0.38270198,0.10315288,0.13130974
"2110",0.85606126,0.93854198,0.95002142,0.92222516,1.0028934,2.8259041,0.30822292,0.38515336,0.10053093,0.13433898
"2111",0.82040837,0.88828169,0.89968333,0.91267114,0.97950159,3.1393378,0.31453342,0.40653386,0.099549017,0.13219558
"2112",0.81354987,0.87874822,0.89693818,0.9051699,1.0052043,2.9675114,0.32131627,0.40514533,0.10791113,0.13203812
"2113",0.90943273,0.8900027,0.90033204,0.99925558,0.99027179,2.5438138,0.36465458,0.36545775,0.10969807,0.12897893
"2114",0.88131483,0.89086035,0.93255952,1.0046251,0.97220064,2.8287291,0.34630903,0.37995076,0.11121753,0.12973451
"2115",0.81713209,0.87987355,0.92352398,0.90785525,0.98588147,3.1338448,0.37615429,0.36735468,0.11982693,0.13680049
"2116",0.86152678,0.85416027,0.92417284,0.98449327,0.97203629,2.8048111,0.30846542,0.37018654,0.11867518,0.13302998
"2117",0.88282548,0.91740584,0.96630934,0.88247903,1.0049892,2.9143573,0.3025698,0.3540149,0.11864426,0.14213292
"2118",0.94003211,0.92933107,0.96537452,0.91527719,1.0161165,2.8070124,0.25083807,0.33635989,0.12308787,0.14162343
"2119",0.9378118,0.91268006,0.89364965,1.0119995,1.002557,2.4175374,0.26258275,0.30737638,0.1214163,0.14315075
"2120",0.90540667,0.8922186,0.94856524,0.94341448,1.0197754,2.1247802,0.27862612,0.34070858,0.12964759,0.14726319
"2121",0.8744748,0.96886603,0.96059563,0.90883217,1.0055893,1.8838163,0.30808877,0.36321385,0.13559438,0.14326693
"2122",0.92292175,0.96028842,0.93686964,0.93378202,1.0090597,2.0259211,0.27281754,0.3773841,0.135133,0.14465026
"2123",0.92270064,0.97338508,0.8832562,0.95133921,0.98345191,2.0651692,0.26926763,0.3676062,0.13443245,0.14011112
"2124",0.98618627,0.98582965,0.8884476,0.95271076,1.0039907,2.2269683,0.22299355,0.35929776,0.13282837,0.13654921
"2125",0.96462522,0.94442629,0.91845436,0.94570306,1.0042844,2.146224,0.26883578,0.35924982,0.13120657,0.13676453
"2126",0.93191092,0.93111238,0.92281261,0.9452057,1.0322425,2.3328382,0.36359149,0.33783206,0.12989632,0.1392906
"2127",0.90887985,0.93434228,0.91388116,0.93802939,1.0213199,2.1991357,0.27934587,0.37639111,0.12111997,0.13817406
"2128",0.86675369,0.88587024,0.95094849,0.92475134,1.0174584,2.0738072,0.22451789,0.38281537,0.12030668,0.13858955
"2129",0.94824354,0.88449629,0.89771431,0.98239463,1.0049769,2.038146,0.22368767,0.37153679,0.12425528,0.14205564
"2130",0.91400006,0.90417703,0.9189118,0.99444298,1.0487737,2.2666235,0.23481019,0.35979946,0.1256233,0.14415979
"2131",0.90190335,0.8766186,0.89273684,0.985915,1.0164354,2.2049899,0.2517776,0.38260586,0.12019548,0.14347408
"2132",0.84146665,0.85535914,0.79888999,0.95994615,0.95207484,2.4009594,0.24864768,0.38794354,0.12385154,0.14545584
"2133",0.90049803,0.929972,0.90033156,0.91425979,1.0373287,2.4207526,0.34933923,0.36727477,0.1378709,0.14377387
"2134",0.89016069,0.87384717,0.90050368,0.9654741,1.0107923,2.2107884,0.34398288,0.3726737,0.14313057,0.1411547
"2135",0.87481417,0.95587462,0.90189934,0.92489052,0.99383744,2.5535143,0.3373903,0.37282496,0.14511362,0.14582968
"2136",0.93240726,0.87247745,0.88772204,0.93708232,0.89828243,2.7628173,0.36930304,0.33914335,0.14349462,0.14307687
"2137",0.9134231,0.88169303,0.8996565,0.92657845,0.90439406,2.6338175,0.37145831,0.35698608,0.14391133,0.1430982
"2138",0.92103441,0.91982592,0.89223481,0.92424062,1.0062293,2.8716036,0.42255431,0.31627698,0.13724912,0.13923716
"2139",0.89398106,0.89498538,0.94722191,0.96494389,0.99747193,2.8050576,0.42894348,0.30590476,0.13367167,0.13798262
"2140",0.90840985,0.97188099,0.92917896,0.97049598,1.0211439,2.9820023,0.31396848,0.35041611,0.13028558,0.13374131
"2141",0.86363759,0.90478044,0.9473023,1.0002013,1.0045062,2.9580829,0.27920536,0.33826824,0.13423929,0.1307453
"2142",0.77533038,0.94533343,0.95621217,0.93646531,1.013414,2.8371289,0.26387939,0.29673927,0.13360779,0.13788036
"2143",0.90897218,0.93874291,0.9357687,1.0278759,1.0490016,2.400615,0.3430733,0.31816709,0.13446143,0.13567412
"2144",0.92222207,0.92856949,0.94727527,0.94723783,1.0213928,2.5263116,0.35118149,0.36460301,0.13065075,0.13194798
"2145",0.82069896,0.85622465,0.87214686,0.92658212,0.9542195,2.5585037,0.37644646,0.3546572,0.11993048,0.13775657
"2146",0.82498196,0.90631225,0.93572713,0.93234193,0.97495558,2.5481673,0.3354488,0.39408643,0.13095476,0.13647371
"2147",0.85068184,0.88544293,0.93391745,0.95270181,1.0050145,2.352236,0.29867363,0.38478169,0.12967928,0.13667302
"2148",0.84903446,0.90066401,0.92822645,0.9355522,1.0194957,2.3884818,0.34257692,0.40031772,0.13036146,0.13992232
"2149",0.87596823,0.91494501,0.91792558,0.98663879,0.98689706,2.7990059,0.19848005,0.3897038,0.1280485,0.14462112
"2150",0.92753091,0.93930089,0.94493335,0.98447193,0.99265485,2.0859916,0.30389604,0.43746475,0.11848727,0.14533396
"2151",0.85968874,0.88826704,0.95972499,0.94263729,1.0228048,2.3030523,0.35981883,0.46699014,0.11591767,0.14724235
"2152",0.96314763,0.8863619,0.93096698,0.95284803,0.96327476,2.4536744,0.40169858,0.47478561,0.12236208,0.14020368
"2153",0.86512474,0.86407306,0.89693469,0.93301572,0.98857768,2.6059767,0.32270369,0.45169925,0.12294826,0.13965226
"2154",0.90251897,0.86974255,0.90161763,0.94745253,0.97734889,2.3654376,0.37635618,0.46785645,0.11936247,0.13984324
"2155",0.86775005,0.88284456,0.93551062,0.92989212,0.99872746,2.5904876,0.36366646,0.47483082,0.12517246,0.13635909
"2156",0.92633214,0.95528346,0.94750734,0.95149171,0.99175504,2.6097364,0.37938063,0.46057816,0.12903036,0.13899643
"2157",0.86311785,0.93079966,0.90842102,1.0165789,1.0485709,2.5085101,0.34302807,0.4115376,0.12195609,0.14185054
"2158",0.92693369,0.89497748,0.88411705,0.97676175,0.99074652,2.827246,0.33795778,0.46557375,0.12598051,0.14662482
"2159",0.85989987,0.94275293,0.92792711,0.94183293,0.97800477,2.3081863,0.31320784,0.48659977,0.11869829,0.14696216
"2160",0.86639228,0.91505218,0.95729768,0.96388913,1.0239908,2.5637029,0.27673772,0.43458883,0.11649253,0.13922402
"2161",0.85498229,0.88903777,0.94264357,0.92086633,1.0340433,2.5683449,0.26084018,0.45710858,0.11253623,0.13948078
"2162",0.92009513,0.92892686,0.93418639,1.0256898,1.0173509,2.6417721,0.32165918,0.34880224,0.11984746,0.14730547
"2163",0.86150762,0.89977534,0.86764962,0.99405971,0.97748864,2.513576,0.28839053,0.32914218,0.12353231,0.14364551
"2164",0.83332685,0.89288003,0.85094864,1.0047725,0.96589622,2.5065425,0.34785328,0.32942545,0.12627349,0.14595398
"2165",0.86265898,0.92099678,0.93809721,0.99237597,1.0023576,2.2355524,0.29845784,0.34471783,0.12909293,0.14466096
"2166",0.83843349,0.90050385,0.98240372,1.0146723,1.0227323,2.3311375,0.36634784,0.35697932,0.13481073,0.14293671
"2167",0.92783846,0.92105335,0.96351463,0.89395566,0.99847991,2.2059547,0.34216838,0.36752341,0.1321648,0.14303924
"2168",0.88781472,0.91151489,1.0203066,0.90024068,1.0145708,2.5231751,0.39169229,0.31097045,0.14010437,0.14418322
"2169",0.99610506,0.89599909,0.93675442,0.95098185,0.998967,2.2459993,0.39806721,0.36384158,0.14512504,0.14263248
"2170",0.97514022,0.94050005,0.98601522,0.97031163,1.0337721,2.3130329,0.35288079,0.3686001,0.13268748,0.14470559
"2171",0.87938985,0.91843045,0.97625457,1.0457651,1.0141145,2.3854096,0.35852326,0.297649,0.12669786,0.14470139
"2172",0.90778822,0.96255314,0.94240328,1.014706,1.0516595,2.5809699,0.38148419,0.33659864,0.12560974,0.14631646
"2173",0.91824821,0.87841291,0.9023489,0.92513918,0.98195432,2.5417428,0.37549573,0.26762294,0.13044484,0.15531636
"2174",0.91985806,0.89154648,0.92612282,0.9196318,0.95731956,2.6607755,0.32669573,0.27321494,0.12971308,0.15648149
"2175",0.90859616,0.89522142,0.9047465,0.99948675,1.0230371,2.54917,0.32844259,0.26327526,0.13845825,0.15967555
"2176",0.90366956,0.91411281,0.92947674,0.99156529,0.99217093,2.4766738,0.40924852,0.28990728,0.12678794,0.15755676
"2177",0.93082012,0.97078008,0.97260686,0.99242701,1.0532275,2.3767916,0.37787461,0.29086797,0.12756019,0.15523202
"2178",0.96123252,0.91601382,0.90876688,1.0230097,1.0404426,2.4505102,0.38472791,0.27359357,0.12726737,0.15490745
"2179",0.87109854,0.92123579,0.91939499,0.99500879,0.99725041,2.5545892,0.47947664,0.26923704,0.12617263,0.14744993
"2180",0.98890055,0.88288978,0.94978191,0.96176366,0.98949444,2.7116898,0.34489019,0.32201896,0.12404126,0.14301433
"2181",0.85734091,0.90228249,0.96690348,0.93751647,0.97208174,2.8345271,0.37068949,0.29007314,0.12187445,0.13486772
"2182",0.88014203,0.90516305,0.97771345,0.99269175,1.0759707,2.5969161,0.36327307,0.28571261,0.13621714,0.13297481
"2183",0.86501191,0.89206959,0.98940238,0.99415572,1.0972112,2.669136,0.36979722,0.26206131,0.12810856,0.13494882
"2184",0.88617222,0.87252107,0.91317126,0.92882543,0.95115847,2.8772192,0.30457102,0.29899763,0.13066904,0.13183405
"2185",0.88872777,0.82661363,0.93247946,0.97242537,0.9764483,2.849527,0.27133319,0.30522329,0.12686575,0.13158228
"2186",0.93070187,0.90807764,0.9267984,0.93438125,0.94774779,2.6905888,0.2080734,0.30515531,0.12992021,0.1298163
"2187",0.89326088,0.89901359,0.89514459,0.98240066,0.96776187,2.4713927,0.17045301,0.29548971,0.13301393,0.13263685
"2188",0.85136577,0.91977417,0.89824895,0.98457504,0.96422687,2.6619176,0.19777074,0.32156044,0.12638722,0.13284811
"2189",0.90348582,0.88780683,0.87315305,0.96133686,1.0066114,2.7090717,0.24389568,0.38562821,0.13089178,0.12908808
"2190",0.86652039,0.92650001,0.92164484,0.93791972,0.9727925,2.0899669,0.37104632,0.37236609,0.13095836,0.13818512
"2191",0.83604233,0.868464,0.90309112,0.93095656,0.97622529,2.1231942,0.33727212,0.39041144,0.1301451,0.1398561
"2192",0.80315551,0.84621819,0.88264512,0.91353788,0.93268763,2.104731,0.36318921,0.37196758,0.13570046,0.14079201
"2193",0.81874929,0.86831554,0.90452425,0.96230007,0.97801905,1.9693963,0.38434195,0.35300162,0.14950271,0.13260297
"2194",0.92548839,0.90121565,0.85457848,0.91201816,0.98762035,1.9379841,0.4027429,0.39037307,0.14102747,0.13918823
"2195",0.81837854,0.93521615,0.88448381,0.91949833,0.98989108,2.2656687,0.34171284,0.37762025,0.13966558,0.1437357
"2196",0.85592813,0.87945262,0.83842381,0.91539907,1.0457339,2.1800261,0.3516275,0.374584,0.13795252,0.14072178
"2197",0.86782359,0.93320213,0.84382795,0.89016904,1.0105595,2.23946,0.32321864,0.35495437,0.13494358,0.14346945
"2198",0.85888451,0.8693733,0.93635095,0.92441146,1.032861,2.2490397,0.25077083,0.32397455,0.11851225,0.1469511
"2199",0.83444898,0.86707393,0.88023989,0.92391143,0.99063995,2.4021586,0.28417319,0.27561844,0.12434058,0.14749748
"2200",0.87028873,0.9533509,0.95269756,1.0253677,1.0168615,2.0389438,0.27980066,0.30904736,0.13227601,0.14851219
"2201",0.90591164,0.87941128,0.95365185,0.99323209,1.0360038,2.2727792,0.23660767,0.33314117,0.11930007,0.14878138
"2202",0.86033197,0.88707278,0.95843716,0.96773511,1.017282,2.5205388,0.24947153,0.30939572,0.12124749,0.14671784
"2203",0.92759793,0.89455581,0.93411188,0.944881,1.0667746,2.5255523,0.3241117,0.31741118,0.12200384,0.14853649
"2204",0.89647656,0.90884619,0.97662706,0.99081795,1.0243573,2.6413841,0.28310781,0.35170577,0.1244032,0.14538788
"2205",0.92636032,0.92688523,0.88417312,0.92512045,0.99392416,2.7874746,0.29522963,0.37703543,0.13810096,0.14803847
"2206",0.86348563,0.88901147,0.91562609,0.9818932,1.0150008,2.1929646,0.27598145,0.396782,0.13647059,0.1519481
"2207",0.87307129,0.91144241,0.87842442,1.008148,0.9899131,2.2368674,0.3115947,0.36034661,0.14569175,0.15145633
"2208",0.86425505,0.90176656,0.94577043,0.95804723,1.0243212,2.2438777,0.21287005,0.4050829,0.14202549,0.15015337
"2209",0.89444544,0.91836214,0.94791977,0.98600667,0.99443403,1.8291812,0.26016851,0.40762353,0.1418213,0.14736317
"2210",0.86489723,0.89764386,0.95482986,0.93373316,1.0235123,2.166104,0.25276912,0.40979326,0.13146504,0.14602729
"2211",0.88875442,0.92570173,0.91995757,1.0077953,1.0094447,2.3772201,0.2026806,0.36948677,0.13172856,0.14972241
"2212",0.88241203,0.90445365,0.90258156,0.95145944,1.0232102,2.5034725,0.22486973,0.38254939,0.12213862,0.14759418
"2213",0.94128737,0.93812603,0.94895593,1.0662742,1.0787941,2.5443054,0.31856281,0.43921683,0.13814312,0.14048767
"2214",0.93086303,0.90524606,0.92257507,1.0166038,1.0252385,2.3484965,0.29093598,0.4616656,0.12340508,0.13787437
"2215",0.91067878,0.93065344,0.90235432,0.9756108,1.0166893,2.1221707,0.35923401,0.45058008,0.12590132,0.14053573
"2216",0.86388356,0.90105284,0.88719547,0.98202596,0.96340116,1.9689164,0.35594411,0.38552516,0.12118844,0.14339387
"2217",0.91059948,0.90599786,0.9309894,0.98816151,1.0064594,1.9615141,0.38262626,0.3908048,0.12899476,0.14425945
"2218",0.92407702,0.93890444,0.88969722,0.94295254,1.0637318,2.0548401,0.30939488,0.44683688,0.12688711,0.15299171
"2219",0.86367767,0.86524123,0.90285657,0.96090636,1.0093893,2.0863283,0.32310329,0.47552056,0.12349278,0.14990083
"2220",0.8710444,0.84350554,0.88549543,0.98365998,1.0274181,2.1695629,0.32770418,0.47649122,0.1230847,0.14887378
"2221",0.90675958,0.91220772,0.91328125,0.92926029,0.97622597,2.227748,0.41481551,0.43600286,0.1204558,0.14811926
"2222",0.86659219,0.89472326,0.86931902,0.91732191,0.99342388,2.3365907,0.431144,0.41604708,0.12731629,0.1463986
"2223",0.92286274,0.90552518,0.927917,0.97643527,1.0012759,2.1283119,0.25676482,0.43489459,0.1342207,0.1426256
"2224",0.87206916,0.89607156,0.94012535,0.94218581,0.96375803,2.0058426,0.2317353,0.47471392,0.14083528,0.1420277
"2225",0.87551523,0.87245685,0.88498665,0.9454049,1.0005678,1.7715424,0.25094321,0.46040822,0.13812677,0.13613267
"2226",0.88924289,0.92033028,0.92894603,0.99508504,1.0151572,1.7922657,0.20116859,0.45760643,0.15138831,0.13567905
"2227",0.90327548,0.88134867,0.88281348,0.94852136,0.9852552,2.0360385,0.26900746,0.3585169,0.14664958,0.14055301
"2228",0.89744826,0.85680014,0.86982917,0.96441801,0.9940769,2.1569847,0.23771993,0.39273531,0.14901219,0.14324645
"2229",0.87220943,0.86465353,0.89817295,0.94856953,0.988385,2.2065492,0.27097323,0.40253593,0.14636522,0.14485974
"2230",0.94631044,0.84521784,0.90778559,0.97817334,0.95994726,2.7118311,0.25982231,0.38353416,0.13651746,0.13838428
"2231",0.93732333,0.92876845,0.95599618,0.93133308,1.023393,2.6031278,0.28134856,0.33895966,0.13793344,0.14542367
"2232",0.85372204,0.94815979,0.91877321,0.92811439,0.97268629,2.8450776,0.23958652,0.29929046,0.1303241,0.14634632
"2233",0.85189913,0.94922109,0.91923392,0.93035947,0.97076901,2.8760157,0.23613114,0.29404479,0.13023768,0.14709766
"2234",0.93714274,0.88247356,0.94820363,0.98672327,1.0052888,2.9356644,0.16179925,0.25287474,0.12177407,0.15276803
"2235",0.92973074,0.93394462,0.90498842,0.95278235,0.98700995,3.0309775,0.15644683,0.26048135,0.11784092,0.15277952
"2236",0.87061757,0.90180107,0.93137591,0.99865388,0.98642647,2.8251468,0.28813605,0.27053679,0.10666593,0.15553273
"2237",0.88974939,0.92747862,0.96257003,1.0034708,1.0768924,2.7536299,0.34374543,0.35930139,0.1087362,0.14147219
"2238",0.90734043,0.90812517,0.93102481,0.98785513,1.0067509,2.8443977,0.32728863,0.40814327,0.10728243,0.14075412
"2239",0.88547671,0.87762574,0.92017714,0.97962061,0.99391442,2.8572433,0.4142506,0.41581756,0.1084121,0.13670095
"2240",0.95643381,0.93701981,0.94497181,0.96464605,1.0042805,2.4838381,0.37994046,0.40738617,0.11016118,0.14209355
"2241",0.87174733,0.90203848,0.92021885,0.96970066,1.011345,2.5151619,0.34974566,0.41693137,0.10379913,0.14309064
"2242",0.84703922,0.86219613,0.87414597,0.91804689,1.0101369,2.3737532,0.3347098,0.39419979,0.092931081,0.14376895
"2243",0.88120642,0.89250797,0.88183076,0.93670819,1.0021892,2.4363471,0.33041031,0.36508662,0.093694595,0.14190193
"2244",0.8990438,0.85289615,0.87646395,0.91546341,0.96568075,2.270144,0.33196301,0.38448203,0.10292658,0.14107964
"2245",0.83759534,0.86184644,0.90815983,0.94218647,0.9813999,2.2894826,0.35960692,0.38012038,0.10777491,0.13898266
"2246",0.8455255,0.91724345,0.8938775,0.95654102,0.92827227,2.46104,0.3161745,0.40632936,0.11842156,0.13755736
"2247",0.95222008,0.91462481,0.92262358,0.9845028,1.0182433,2.4280905,0.31922484,0.42465666,0.12266678,0.13533776
"2248",0.91791768,0.95285234,0.97494326,1.0686839,1.0332911,2.2845262,0.34866196,0.44018568,0.11186705,0.13353529
"2249",0.88003873,0.95032935,1.0207329,0.99861091,1.0509192,2.4454873,0.35088732,0.47744461,0.1115863,0.1362347
"2250",0.88854161,0.8865199,0.9037339,0.97189682,0.99940227,2.5651352,0.5040596,0.47605422,0.11353856,0.13537935
"2251",0.94611453,0.91805772,0.92983304,0.92948949,1.0500274,2.6317931,0.43702005,0.45099852,0.11032817,0.1371898
"2252",0.89577909,0.87912789,0.87161915,0.95814251,1.0095041,2.4196081,0.38897903,0.46303645,0.11269812,0.13716103
"2253",0.88241729,0.94072315,0.91461475,0.92742166,0.9805319,2.4846039,0.34182406,0.43718572,0.11977833,0.13941438
"2254",0.89890366,0.84177616,0.95914427,0.97310108,0.99888314,2.5647405,0.27441583,0.35791331,0.10621183,0.14176239
"2255",0.85997454,0.90003474,0.87902513,0.94362301,0.98716793,1.9993474,0.31240116,0.39793327,0.10445329,0.14352354
"2256",0.87601501,0.87156564,0.91764632,0.939993,0.98207333,2.4351081,0.30089638,0.39644855,0.10118432,0.1460269
"2257",0.88410639,0.86804727,0.9287119,0.9075826,0.92171383,2.6131223,0.29663624,0.38456595,0.10691074,0.14794695
"2258",0.90894358,0.88807455,0.9168383,0.91863564,0.93939237,2.3281956,0.32592012,0.39057443,0.10878777,0.14711097
"2259",0.94295735,0.92845417,0.90186077,0.95901481,1.0245369,2.1627902,0.329691,0.37059178,0.10967186,0.14828645
"2260",0.91710266,0.9027024,0.86441088,0.96275656,1.017318,2.3216235,0.2860855,0.38196004,0.11910379,0.14554943
"2261",0.92515886,0.92858852,0.94677337,0.99172549,1.0164002,2.2844923,0.30794227,0.39506034,0.12402289,0.14460481
"2262",0.88198908,0.91144062,0.93087866,0.98518643,1.0074038,2.3334308,0.28380656,0.37027816,0.11526379,0.14767103
"2263",0.87418369,0.90474294,0.92617912,0.97576333,1.0067531,2.095538,0.35245905,0.3919516,0.1226269,0.14698582
"2264",0.87719044,0.91331528,0.9298305,0.95656524,1.0133253,2.3004063,0.37915267,0.36066445,0.11921176,0.14117045
"2265",0.92033262,0.92492632,0.9694759,1.0292335,1.0519318,2.3682306,0.31146212,0.40047118,0.11743406,0.13365206
"2266",0.90702979,1.0043,0.95217743,0.98354623,1.0390677,2.3142336,0.2893532,0.39494818,0.11830288,0.13535214
"2267",0.96343673,0.92564202,0.97427025,1.0182839,1.0446191,2.0679387,0.22231631,0.41486034,0.11741,0.13276031
"2268",0.9420842,0.93484139,0.9596789,1.0212485,1.0174698,2.2968861,0.21189357,0.41736633,0.11893128,0.13282786
"2269",0.90387225,0.93154686,0.94105694,1.0171964,1.0730582,2.3507986,0.21733967,0.39708666,0.11488395,0.12761709
"2270",0.92373956,0.93735089,0.91002061,0.981321,1.0890865,2.4374318,0.22473654,0.4099322,0.11330198,0.12960106
"2271",0.98861693,0.96722984,0.92974429,0.96904463,0.96769948,2.4093586,0.21970002,0.43337144,0.12543338,0.12919814
"2272",0.86927841,0.95870703,0.97184405,0.95279943,1.0115844,2.3712753,0.19018345,0.41582429,0.12332249,0.13586444
"2273",0.84928442,0.95032267,0.94424845,0.91777461,1.0070619,2.1788055,0.19489887,0.38597156,0.12258393,0.13584073
"2274",0.83648395,0.94272144,0.96577221,0.92415446,1.0052879,2.2775042,0.16718173,0.37247836,0.12736716,0.13619861
"2275",0.85269567,0.86730437,0.87715353,0.95673197,0.96868293,2.5875959,0.24782915,0.37860508,0.12308192,0.13922168
"2276",0.88486249,0.855775,0.84485818,0.95525882,0.95297819,2.1920155,0.22210744,0.39803445,0.11762888,0.1407639
"2277",0.84761718,0.89039424,0.88750791,0.96285317,0.90940999,2.2429086,0.18320948,0.39712186,0.11679883,0.13691453
"2278",0.82974899,0.87707287,0.87320497,0.95647278,0.90139986,2.2979404,0.19809392,0.37124911,0.11920659,0.13717476
"2279",1.0344959,0.9620079,0.93297992,1.0567169,1.0768255,2.0825329,0.20396195,0.43051206,0.12368343,0.13420304
"2280",1.0043853,0.95551578,0.95279137,1.055266,1.1011767,2.1546997,0.15524165,0.44111435,0.12063469,0.13772031
"2281",0.82927491,0.86576938,0.88311523,0.91591748,0.94829175,2.608768,0.17699445,0.39962485,0.12074126,0.1440618
"2282",0.90404619,0.93439215,0.98718064,0.94723618,1.0448786,2.384245,0.2417315,0.4144107,0.10967066,0.13248573
"2283",0.88168611,0.90788842,0.96869414,1.0084645,0.97033047,2.6433556,0.27984969,0.38973416,0.11950932,0.13509637
"2284",0.89244467,0.88366313,0.86755295,0.91800029,0.983493,2.6982797,0.27495067,0.38467248,0.11758503,0.13596628
"2285",0.88107244,0.89656004,0.85889498,0.96793814,0.95249783,2.6729879,0.23356737,0.43582505,0.11791442,0.14063548
"2286",0.85458242,0.89640505,0.91829801,0.92155395,1.0482268,2.9159391,0.27465675,0.39895285,0.11282743,0.14341534
"2287",0.8721456,0.91000342,0.88892997,0.92260833,0.97341857,2.89344,0.30321236,0.39226779,0.119908,0.14581448
"2288",0.83410552,0.90629923,0.95918185,0.92215342,1.0177683,2.6622614,0.32854497,0.37096641,0.12641385,0.14517178
"2289",0.88076015,0.96791014,0.89109512,0.95697767,0.99413445,2.9058858,0.33469575,0.33602591,0.12862946,0.14891318
"2290",0.84616057,0.94935885,0.919,0.90259137,0.98842852,2.8466511,0.28057185,0.3601811,0.12648287,0.14888931
"2291",0.86660969,0.93440325,0.94953891,0.95554273,1.0107996,3.0825947,0.2892263,0.35084954,0.12737423,0.15196211
"2292",0.90948695,0.8883918,0.94915365,0.95063158,1.0193325,2.4138201,0.35930403,0.36808875,0.1333991,0.14093429
"2293",0.90296369,0.91976925,0.92780996,0.9551672,1.0147372,2.5484365,0.32795661,0.35789014,0.14430508,0.13572369
"2294",0.88716921,0.81662637,0.85798864,0.91767282,0.96705135,2.5901157,0.43147225,0.32282036,0.13761357,0.14401855
"2295",0.90222318,0.9090685,0.94883796,0.91383911,1.0122327,2.3173512,0.36700635,0.35155539,0.14429447,0.1428915
"2296",0.87461948,0.9082358,0.87408347,0.93084356,0.99464395,2.2410715,0.44852192,0.36841775,0.13677264,0.14010368
"2297",0.8601573,0.93057728,0.97023729,0.992156,0.98331364,2.2554113,0.45373876,0.34155461,0.13292561,0.14214642
"2298",0.85274641,0.83386263,0.92943222,0.92512995,0.98211311,2.3459117,0.39710712,0.35647325,0.15315639,0.14128684
"2299",0.88955499,0.86111165,0.91181179,0.95133112,0.93018688,2.4144663,0.37909735,0.38223495,0.14905106,0.13990258
"2300",0.87525436,0.8891837,0.96136362,0.99981838,0.96877396,2.5491269,0.39472816,0.3786843,0.14431473,0.1431605
"2301",0.90730779,0.89120485,0.93369487,0.98478032,1.016585,2.4510183,0.38934491,0.40348169,0.13335924,0.13488541
"2302",0.87369495,0.92503392,0.92152582,0.98319281,1.0484289,2.3755497,0.37436589,0.38657156,0.13728896,0.13884697
"2303",0.86237475,0.94487525,1.0081162,0.99492141,1.0115808,2.4090235,0.43487126,0.35627713,0.13921327,0.13887716
"2304",0.95401445,0.86057356,0.95347659,0.92312019,1.0124482,2.0421403,0.47427391,0.349854,0.1308911,0.14679217
"2305",0.95990783,0.95867654,0.92010758,0.95711076,0.99405613,2.0089882,0.49030963,0.33637882,0.13102017,0.14875029
"2306",0.93663893,0.87317068,0.93866902,0.90900861,0.9662759,2.238075,0.51613769,0.34260649,0.13167262,0.14698058
"2307",0.90574786,0.91359354,0.92085936,0.96557255,0.99822393,1.9090388,0.51113241,0.36880853,0.13327758,0.14786126
"2308",0.92826174,0.89425904,0.88828732,0.93159733,1.0083778,1.6810358,0.43016076,0.38776217,0.1314069,0.1453605
"2309",0.86966546,0.88865396,0.88565752,0.92400103,0.98479032,1.691281,0.38951205,0.36525449,0.13980467,0.14018307
"2310",0.81965418,0.88322367,0.90044369,0.93674506,1.0111883,1.9410172,0.34029842,0.3624853,0.13664391,0.13920874
"2311",0.88479646,0.94270061,0.89039479,0.98212015,0.99970779,2.147873,0.49731954,0.38904639,0.13479685,0.134047
"2312",0.89294984,0.90143779,0.9392333,0.9975317,0.99114063,2.2801022,0.41023317,0.38017533,0.13857285,0.14475183
"2313",0.89360674,0.85912905,0.90869413,0.92621984,1.0170308,2.6193558,0.321524,0.37878817,0.13007754,0.14505697
"2314",0.88536575,0.90210987,0.94045595,0.99293233,1.0110799,2.3542181,0.29601111,0.3754741,0.13204729,0.14166176
"2315",0.78877952,0.90495377,0.94737339,0.9872132,0.99497772,2.3501811,0.26838813,0.39632741,0.12861916,0.14046823
"2316",0.87438097,0.91737942,0.93388035,0.97041476,0.97865462,2.3570999,0.3432168,0.37646351,0.12650876,0.14270296
"2317",0.87095844,0.92280811,0.92923601,0.97552034,0.96242881,2.3950649,0.34122177,0.3824296,0.12728959,0.14393547
"2318",0.84456239,0.90811301,0.91651686,0.94925331,0.9531054,2.326753,0.39871895,0.36622245,0.13293387,0.14598156
"2319",0.85060335,0.90590868,0.90819226,0.94991232,1.0281454,2.3633752,0.39811458,0.39047601,0.12530677,0.1400641
"2320",0.79292106,0.88606795,0.90574854,0.93026765,0.9795843,2.4263651,0.44329226,0.39923246,0.12878268,0.14047562
"2321",0.82542337,0.84687022,0.87138678,0.8911897,0.97266691,2.5624853,0.44232952,0.46310671,0.12609656,0.15096874
"2322",0.80162147,0.91186137,0.88212476,0.88710749,0.9747594,2.3913666,0.51781546,0.42721236,0.12601955,0.15093241
"2323",0.78842419,0.91844313,0.89285914,0.90672801,0.95805293,2.2854512,0.49346523,0.44530273,0.12821461,0.14908577
"2324",0.8913651,0.8400088,0.91533909,0.95213887,0.95771293,2.2165353,0.47907834,0.39795345,0.12435834,0.1553112
"2325",0.84118425,0.86908978,0.95027983,0.96129249,1.0346052,2.1935345,0.40704393,0.40480657,0.12196695,0.15875315
"2326",0.87376112,0.86682269,0.95874815,0.98122539,1.0236424,2.1964075,0.42476528,0.38108386,0.12346207,0.16217871
"2327",0.91151113,0.92710273,0.9249291,0.91891486,0.96663845,2.1374303,0.38305689,0.39055338,0.1187701,0.1651124
"2328",0.87560952,0.9618877,0.92359215,0.95424211,1.0524771,2.3095006,0.29614727,0.37747972,0.12749479,0.16452255
"2329",0.90192329,0.86707507,0.92033012,0.98252609,0.99286018,2.3632828,0.28684665,0.42731107,0.12588638,0.16315762
"2330",0.91694053,0.86739178,0.91304104,0.99207954,0.99354381,2.2741851,0.27274014,0.45355075,0.12115083,0.1639654
"2331",0.83322736,0.89063365,0.88601952,0.92803141,0.99059735,2.5244429,0.3459717,0.44210954,0.11226848,0.15157148
"2332",0.81058634,0.91464858,0.91427976,0.96774931,1.0167599,2.3242351,0.33999988,0.41193853,0.10978023,0.15412948
"2333",0.91306269,0.9543565,0.96232854,0.99363304,0.96277225,2.2607032,0.30694346,0.3623154,0.12319887,0.15597132
"2334",0.88950308,0.92787977,0.93877429,0.9842533,1.0371319,2.3089372,0.31589838,0.34999473,0.12385104,0.15371461
"2335",0.87433613,0.8706498,0.88983504,0.94340227,0.93121721,2.3693271,0.29050915,0.35839874,0.11186079,0.15266016
"2336",0.86324013,0.90736593,0.97433614,0.9493779,1.0728297,2.2946423,0.36660279,0.34544106,0.11590366,0.1543462
"2337",0.89439685,0.89998108,0.96698824,0.96547338,1.0559963,2.2987874,0.35634736,0.33739022,0.11557334,0.15396002
"2338",0.88560564,0.93036726,0.93623284,0.97098334,0.95725576,2.6320941,0.30288853,0.35303468,0.11080595,0.153901
"2339",0.89399979,0.89241407,0.96562625,0.98523066,1.0324945,2.7256192,0.32689496,0.37878422,0.10876933,0.14981773
"2340",0.84211071,0.91660607,0.88921198,0.9610507,0.95115359,2.6865216,0.31591038,0.37963403,0.10905045,0.15224407
"2341",0.84392509,0.88307021,0.92377784,0.92866144,0.98772243,2.1933474,0.32513144,0.36674623,0.10297183,0.15179302
"2342",0.85144322,0.94378176,0.91535615,0.89260282,1.010061,2.436203,0.36215943,0.36623757,0.10117031,0.15475388
"2343",0.84480855,0.93090318,0.94252772,0.97190497,0.97166518,2.2678417,0.24599101,0.41005951,0.10231629,0.14531843
"2344",0.79229692,0.8994852,0.90639126,0.91742451,0.95957082,2.3506172,0.27386254,0.36010602,0.10089706,0.14640178
"2345",0.85900253,0.845839,0.92047532,0.90842987,0.97437997,2.2469687,0.24203753,0.33010606,0.11351312,0.14298873
"2346",0.86046159,0.91273583,0.91590493,0.93831515,1.0288957,2.3200968,0.24086225,0.33520567,0.1393262,0.14648334
"2347",0.83193046,0.92935663,0.88483768,0.96587336,1.0405886,2.5284377,0.20417335,0.33840825,0.14666526,0.14394666
"2348",0.91175408,0.91912688,0.86738952,0.93505111,0.9632425,2.5756798,0.20818121,0.34454098,0.13180759,0.14551509
"2349",0.82863001,0.90338158,0.85176121,0.93347489,0.98346148,1.9599723,0.26856544,0.36024098,0.12742284,0.15248517
"2350",0.84571353,0.84619477,0.87265302,0.94097615,1.0105933,2.0752215,0.23732294,0.35138267,0.126965,0.15435919
"2351",0.77511769,0.84939501,0.87151713,0.89732818,0.98297733,2.2831374,0.16767958,0.37948244,0.11040252,0.15656044
"2352",0.84328174,0.85941276,0.87943447,0.90374564,0.98352617,2.3194582,0.16309244,0.36652584,0.11287159,0.15537252
"2353",0.79083089,0.86060808,0.89967392,0.85792537,0.93531461,2.5135311,0.17749553,0.35244725,0.11341445,0.16034576
"2354",0.80642551,0.86737537,0.88617217,0.88730331,0.9583869,2.5881855,0.18677031,0.38026509,0.11427632,0.16036131
"2355",0.83722097,0.90526748,0.94426174,0.95254414,0.99576908,2.4487902,0.1832231,0.37732195,0.11529894,0.15672517
"2356",0.87550529,0.9124227,0.93727692,1.0143425,0.99048588,2.4660978,0.22873612,0.37631946,0.11775567,0.15697063
"2357",0.91801382,0.93104914,0.92644993,0.98882965,1.022592,2.4231595,0.19904438,0.40109847,0.11541524,0.15348515
"2358",0.89541103,0.88479853,0.9071039,0.98291639,0.96614024,2.4834091,0.34938194,0.40622641,0.12308251,0.15267632
"2359",0.92535846,0.96354408,0.95972604,0.99499773,1.0519542,2.4378984,0.34426531,0.39996056,0.12334568,0.14747909
"2360",0.89612562,0.91183487,0.92860883,0.99188483,1.1207332,2.2915175,0.27799576,0.39884336,0.11903001,0.14764398
"2361",0.90818703,0.87264176,0.90816836,0.97311322,0.94567458,2.5424141,0.34033816,0.41159943,0.12900544,0.15505929
"2362",0.91045404,0.89953332,0.87754104,0.97832226,0.98152543,2.2806822,0.31960742,0.43054444,0.13129448,0.15114276
"2363",0.83945504,0.92292952,0.92273879,0.92392868,1.0281643,2.2834593,0.26413138,0.46519407,0.13929291,0.14800066
"2364",0.91214202,0.9356202,0.91507992,0.95776842,0.95594753,2.2967211,0.32059488,0.46678396,0.1263714,0.15033093
"2365",0.78003653,0.92310669,0.93262878,0.91286546,0.98278283,2.4144212,0.32801235,0.45001342,0.12599693,0.15546957
"2366",0.85208045,0.89581433,0.90876219,0.95026839,1.0271072,2.4598991,0.33519534,0.4639891,0.12729106,0.15543025
"2367",0.85646172,0.90965828,0.99891284,0.95297886,1.0572338,2.0491034,0.39405226,0.50520534,0.12347881,0.14981749
"2368",0.88387188,0.92170235,0.92341587,0.91886597,0.99632005,2.1745652,0.52248477,0.51253969,0.12821384,0.14517741
"2369",0.93169662,0.91637874,0.89950415,0.96725044,1.0193321,2.1061298,0.44360892,0.47761062,0.1347445,0.15170672
"2370",0.86919931,0.8995384,0.94671741,0.95458264,1.0345958,1.8881163,0.34009891,0.51773529,0.13667182,0.15161888
"2371",0.91484808,0.84426867,0.88031465,0.92958027,0.95404547,1.8842953,0.27418317,0.44829892,0.14293824,0.148247
"2372",0.91937779,0.92915642,0.91148033,0.94115931,1.0281643,2.0947714,0.31105891,0.43901407,0.13455743,0.14912878
"2373",0.90955297,0.85714047,0.92547104,0.96051853,1.0078209,2.0812415,0.38837454,0.41150446,0.14307915,0.15694799
"2374",0.87204134,0.88846916,0.93862981,0.92006558,1.0008427,2.2369337,0.42056685,0.38848049,0.14121698,0.16458276
"2375",0.87739548,0.84869519,0.91358252,0.93318447,1.0413671,2.3340944,0.43399154,0.40789998,0.12897166,0.17034994
"2376",0.84896905,0.91500845,0.88282902,0.94696823,1.039315,2.4178539,0.32982684,0.42428205,0.10870438,0.17353177
"2377",0.8577994,0.93950637,0.89534562,0.9775727,1.0292233,2.4194716,0.30615507,0.41235803,0.11027575,0.17771009
"2378",0.86578245,0.88911363,0.88463199,0.92571717,1.0392103,2.5629568,0.28132762,0.3898093,0.10719759,0.16966807
"2379",0.92631891,0.87235549,0.95586641,0.95028974,0.9974713,2.3137275,0.1964721,0.47320646,0.12145172,0.16137934
"2380",0.89435223,0.90755322,0.96907889,0.97071559,1.0008945,2.6239741,0.16943029,0.4322617,0.12863672,0.1623296
"2381",0.91925908,0.88653921,0.92655056,0.95532023,1.0161062,2.7407037,0.22317468,0.41206765,0.12573774,0.15605405
"2382",0.88784694,0.92664867,0.96195512,0.97292715,0.96186576,2.6335484,0.25257108,0.42232803,0.13276666,0.15792392
"2383",0.9168931,0.95025446,0.96669824,0.99363167,1.0345959,2.4994092,0.21658672,0.40047316,0.13215728,0.15546525
"2384",0.90808864,1.0139576,0.94270111,1.0034018,0.99002639,2.7278057,0.22216743,0.37134885,0.13070003,0.15972677
"2385",0.86045075,0.81705217,0.96175769,0.95110597,1.0267696,2.5378125,0.2715568,0.41623477,0.12256868,0.16249633
"2386",0.85509655,0.91177899,0.88102947,0.97298238,0.99357959,2.4529714,0.19318052,0.41597022,0.11656335,0.15344969
"2387",0.85333485,0.87581619,0.9288533,0.92767675,1.0048153,2.397322,0.20416072,0.39780268,0.11326625,0.14695531
"2388",0.90725542,0.9314197,0.91456401,0.94148317,0.98644322,2.193533,0.19910992,0.36614253,0.10820816,0.15283942
"2389",0.83645935,0.91275795,0.96006521,0.94796122,1.0145653,2.3629597,0.2685567,0.38049928,0.11464428,0.15064692
"2390",0.8749144,0.8909829,0.89887082,0.95517829,0.94776186,2.566012,0.21276784,0.35724474,0.12874446,0.14672982
"2391",0.86230985,0.8890072,0.92710123,0.97057846,0.96520861,2.2842333,0.24729991,0.39489708,0.11217254,0.14445933
"2392",0.87429197,0.88661058,0.93218014,0.94869713,1.031343,2.6142501,0.2361441,0.39501194,0.10912119,0.15242937
"2393",1.0039677,0.95145307,0.98318508,0.99415794,1.0214252,2.6378024,0.20158983,0.38806279,0.11170047,0.15283301
"2394",0.98222707,0.93686418,0.9725281,1.0086937,1.0532365,2.582541,0.24536916,0.37093726,0.10090566,0.14891385
"2395",0.88376315,0.87497225,1.0123076,1.0181071,1.0369214,2.3125285,0.24259053,0.38792671,0.10574688,0.15162962
"2396",0.87083296,0.88713165,0.88462141,0.89888395,0.96504276,2.5775378,0.25240151,0.40573082,0.11700395,0.14664418
"2397",0.90843386,0.88745351,0.96661395,0.90359059,0.98123381,2.4593211,0.28721039,0.38418829,0.090473457,0.14215339
"2398",0.93415725,0.84381995,0.87105455,0.95127967,0.95382645,2.0685526,0.26130521,0.40234668,0.1049505,0.14081832
"2399",0.87577629,0.88451766,0.89258068,0.92015407,0.9822737,2.1598,0.21604595,0.35484551,0.10711485,0.1372031
"2400",0.85368786,0.88699123,0.87709836,0.92048387,0.99096802,2.0326374,0.25264605,0.34495175,0.10767599,0.14084149
"2401",0.8795308,0.95142137,0.97619666,0.9548193,1.0151836,2.2552777,0.28118365,0.45307144,0.14040388,0.13935339
"2402",0.87328423,0.90418359,0.94088398,0.94575848,1.0113694,2.2567657,0.27064855,0.44415827,0.13421806,0.14135502
"2403",0.8574658,0.92805873,0.92778942,0.93983378,1.0500366,2.3051492,0.25349005,0.44135732,0.13952752,0.13885029
"2404",0.85993579,0.88763038,0.95471661,0.95570966,0.97441762,2.2648915,0.37479135,0.46839423,0.14204337,0.14691964
"2405",0.83223234,0.92499585,0.96280728,0.97198983,1.0573821,2.4025248,0.38971636,0.49034712,0.14861222,0.13436303
"2406",0.88208337,0.8912217,0.96522392,0.93916753,0.98185411,2.2843517,0.39915086,0.45980412,0.14795751,0.13726606
"2407",0.89337623,0.91892939,0.91638178,0.94075042,1.0357777,2.0630265,0.44396089,0.49893526,0.14430106,0.14636431
"2408",0.94170274,0.9219718,0.91093335,0.96916701,1.0527921,2.0221112,0.36957283,0.42587793,0.15738342,0.13130194
"2409",0.93652817,0.94561093,0.93958124,0.94314735,1.0634473,2.1651545,0.37465111,0.44165751,0.1594383,0.13494808
"2410",0.90882707,0.97123627,0.96871513,1.0125303,1.036931,1.8549314,0.32679966,0.44001505,0.16390361,0.13542894
"2411",0.78655442,0.89593893,0.86195257,0.95763786,0.99658376,1.9649053,0.3658886,0.3557849,0.15140382,0.13725558
"2412",0.83975048,0.89215329,0.9035487,0.99438503,0.98968626,2.1209324,0.37038849,0.36182954,0.14812983,0.14578778
"2413",0.86847234,0.89721946,0.94774237,0.96905938,0.97634372,2.3965991,0.20448689,0.36311118,0.14827844,0.14202484
"2414",0.82619832,0.91727592,0.89263104,0.93406374,1.0090975,2.4319008,0.15814168,0.36848643,0.15127224,0.14039068
"2415",0.8335803,0.91544866,0.90187655,0.93720854,0.9917187,2.4047745,0.18760143,0.38162725,0.14900052,0.14125871
"2416",0.80465259,0.88364223,0.93653171,0.99897043,0.97235674,2.4823057,0.2911436,0.37959763,0.15513057,0.14347861
"2417",0.87336998,0.92105011,0.91296196,0.97300615,1.0097128,2.5663529,0.38418308,0.39931724,0.1447787,0.14182431
"2418",0.85173138,0.96468785,0.94744738,0.97541038,1.0540515,2.4736196,0.3248332,0.3871549,0.13851349,0.14479358
"2419",0.84577147,0.8847245,0.86227806,0.93505653,0.90227169,2.3587473,0.24858856,0.32453535,0.12424488,0.14201577
"2420",0.86472594,0.88828028,0.95350611,0.9417574,0.9685716,2.2005272,0.29633247,0.34171744,0.12498191,0.14244644
"2421",0.89523422,0.90670332,0.96059014,0.97623091,1.0789331,2.1897808,0.21406402,0.25939605,0.13889976,0.13516767
"2422",0.90693326,0.94153987,0.95340197,0.95004157,1.0704421,2.4623004,0.3099207,0.30842004,0.1444405,0.12860233
"2423",0.86011291,0.92573312,0.87662083,1.0017933,0.9682246,2.7849908,0.32289033,0.23370572,0.12802579,0.13018713
"2424",0.88079569,0.92545877,0.8718627,0.99275094,0.98964303,2.8754276,0.28935299,0.26027726,0.12733498,0.13015104
"2425",0.87123073,0.90912263,0.91741136,0.97384461,0.99213101,2.702937,0.23847048,0.25323416,0.12110683,0.1308627
"2426",0.9072112,0.8769938,0.94209559,0.93084537,0.99048801,2.2928596,0.32925731,0.35403153,0.10871173,0.13493441
"2427",0.87690443,0.90095843,0.8951784,0.92107821,0.97438414,2.4777096,0.29250021,0.30909514,0.1048546,0.13305181
"2428",0.87268404,0.81996937,0.87856078,0.93447732,1.0067429,2.2855715,0.27267746,0.33482357,0.11316334,0.13345867
"2429",0.84141639,0.82937272,0.86737227,0.91537681,0.97122246,2.4832934,0.24149394,0.35728651,0.11431937,0.13532941
"2430",0.88536914,0.87886914,0.84893107,0.93395259,0.98884151,2.4275232,0.30517725,0.3792751,0.1118303,0.13723256
"2431",0.88858277,0.87906239,0.86743894,0.93394714,0.96913572,2.589192,0.31664442,0.37712312,0.1123947,0.13901508
"2432",0.88131858,0.9016744,0.88619522,0.9725449,1.0213698,2.3158085,0.30977725,0.3678048,0.11674367,0.14427962
"2433",0.92886512,0.92446966,0.92392776,0.94783692,0.99628151,2.4845154,0.18762533,0.38949842,0.10569887,0.15327591
"2434",0.86044474,0.90055178,0.91420211,0.93829116,0.95638498,2.4532112,0.26357581,0.40205146,0.10541299,0.15762505
"2435",0.86123917,0.86913961,0.88737696,0.90426909,0.95515891,2.7327079,0.26988221,0.3892787,0.1015998,0.15542946
"2436",0.89291357,0.8554223,0.89547922,0.92986658,0.97958384,2.6240467,0.21245265,0.39751146,0.10553806,0.15533324
"2437",0.91176618,0.90835464,0.92128696,0.98242052,1.0057747,2.6629285,0.14027945,0.37055154,0.10477419,0.14473364
"2438",0.84812212,0.90147541,0.90808008,0.93595081,1.0220834,2.5394074,0.14097834,0.35150545,0.11101245,0.1440641
"2439",0.91181725,0.96278764,0.92178539,0.94971245,0.97912071,2.2876132,0.11382983,0.38115108,0.1129986,0.14274667
"2440",0.92351295,0.92339917,0.93171383,0.95357182,1.0386373,2.4959039,0.14693392,0.48613476,0.10920482,0.14399454
"2441",0.95348167,0.99392171,1.0027094,1.0397006,1.1023256,2.5365357,0.13188916,0.46857059,0.10391676,0.14617485
"2442",0.99289596,0.96969135,0.97783394,1.0242256,1.1038938,2.5876741,0.17452593,0.45565789,0.10746902,0.14843456
"2443",0.96069189,0.98636443,1.0369129,0.9968721,1.0505753,2.550226,0.15237873,0.45520345,0.10252079,0.14816024
"2444",0.96691038,0.98204481,1.028215,1.0332809,1.0262907,2.5652766,0.13274407,0.42310493,0.10335016,0.14664623
"2445",0.94935309,0.91658674,0.95835422,0.95347488,0.926793,2.4426803,0.16733226,0.48805926,0.10032986,0.14728147
"2446",0.88564518,0.89510966,0.97864576,0.97427228,1.0311358,2.0675669,0.1400219,0.51950169,0.10022673,0.15233404
"2447",0.9167409,0.87868152,0.89807573,0.94633072,0.98581539,2.1550601,0.21118952,0.57604778,0.096799746,0.1511164
"2448",0.86743509,0.88449987,0.97610112,0.93998362,0.98908362,2.3362984,0.26186648,0.54170656,0.10949488,0.15363679
"2449",0.86046008,0.9050032,0.97617518,0.97742639,0.96229235,2.2892692,0.31288449,0.59942275,0.11530852,0.1508161
"2450",0.82679589,0.92572442,0.9500417,0.9619232,1.0447114,1.9140848,0.31976139,0.56231185,0.11816567,0.15396545
"2451",0.83643957,0.93196279,0.96957103,0.93023985,1.0002049,2.0346657,0.33758765,0.50323364,0.11751115,0.15269266
"2452",0.85262578,0.88871062,0.90385319,0.95325049,0.97386449,2.7202786,0.29503098,0.51930983,0.12077238,0.14626859
"2453",0.95681267,0.98911301,0.9708612,0.97791993,1.0266417,2.5966564,0.30409116,0.52084237,0.11335756,0.1471252
"2454",0.89552059,0.91397626,0.96926591,0.99261951,1.0594243,2.6379956,0.24736558,0.56779974,0.12002454,0.15200668
"2455",0.92465217,0.89340434,0.91878901,1.0022366,1.0376151,2.6378998,0.23534002,0.55458017,0.1155289,0.15548276
"2456",0.85908238,0.88580808,0.91866612,0.97492387,1.042655,2.5960316,0.27373319,0.54404384,0.12585342,0.14463198
"2457",0.92823018,0.90261322,0.93528898,0.95037177,0.99840468,2.565361,0.16789159,0.54844171,0.12117999,0.14509058
"2458",0.89904643,0.85973552,0.91837792,0.97873612,0.98795163,2.4564212,0.18216766,0.51825385,0.12843206,0.14414774
"2459",0.87417145,0.85848288,0.88524464,0.96562052,0.99070045,2.2573836,0.18168066,0.54272942,0.12768729,0.14587509
"2460",0.84583076,0.86881354,0.88789987,0.97137144,0.99105482,2.4363483,0.18767519,0.54506459,0.12594028,0.14435851
"2461",0.98080116,0.85875716,0.84257097,0.9360732,0.97479728,2.5052157,0.21358926,0.49888393,0.12908771,0.14578632
"2462",0.94588961,0.86725868,0.87326681,0.97211059,1.007866,2.4116569,0.23960461,0.47808813,0.12949085,0.14269622
"2463",0.92908338,0.9003413,0.88565536,0.9718565,1.0063526,2.5664975,0.26694076,0.45491429,0.13080118,0.1451859
"2464",0.94688974,0.90514436,0.89217087,0.98702216,0.97747265,2.3625668,0.26745671,0.46056153,0.12968378,0.14671004
"2465",0.87795019,0.8777866,0.91823098,0.89159053,1.0066946,2.3773318,0.23715346,0.44537449,0.12258096,0.14588425
"2466",0.89771176,0.94821073,0.92684118,1.0548164,1.0445365,2.0592926,0.27452943,0.53107544,0.12195554,0.13980125
"2467",0.85417512,0.9789511,0.92660876,0.93153363,0.99254749,2.2190803,0.27790484,0.47392922,0.11425635,0.14320428
"2468",0.8991743,0.88957856,0.96133289,1.0049618,1.0284816,2.0059617,0.19840807,0.46654823,0.11783625,0.14102356
"2469",0.84553819,0.86473353,0.91740228,0.9076894,1.0020334,2.2374172,0.15991367,0.37945805,0.12644091,0.13828338
"2470",0.8517243,0.88688329,0.89125078,0.93354338,0.96239261,2.0978613,0.20112133,0.3950146,0.12117719,0.13858501
"2471",0.87227514,0.91689351,0.9533418,0.88514467,0.99621821,1.969869,0.16322817,0.37146611,0.13478079,0.13906227
"2472",0.85562024,0.89443442,0.93068218,0.93143902,1.0304989,2.0439843,0.12183457,0.38025186,0.12801282,0.14204966
"2473",0.86260293,0.90349971,0.97440141,0.99154278,1.0212879,1.9693347,0.14151635,0.39821091,0.12442256,0.1374642
"2474",0.8181838,0.90310078,0.8734635,0.9478223,0.98027328,1.9557866,0.1858618,0.4700901,0.13155478,0.13612848
"2475",0.87316815,0.9121777,1.002087,0.96168159,1.0168207,1.5367101,0.22854036,0.45339567,0.13318156,0.13956954
"2476",0.84515901,0.90623345,0.94632673,1.0110604,1.0168533,1.7244553,0.31399272,0.45246226,0.134195,0.14121377
"2477",1.00291,0.97252686,0.93203135,0.93502187,1.0093273,1.8453078,0.22765379,0.45486414,0.13322722,0.13691896
"2478",0.90038701,0.9202458,0.97250529,0.9900611,0.99793961,1.993555,0.24803266,0.44634502,0.1260545,0.13695076
"2479",0.95469269,0.94959735,0.92854852,0.9629901,0.96859499,1.9433377,0.25483734,0.46123909,0.12411573,0.13848555
"2480",0.93706581,0.96078831,0.96712485,0.96023335,0.99744433,2.0770564,0.25021652,0.45029426,0.12631668,0.13625182
"2481",0.81943853,0.86918148,0.88428273,0.90486765,0.99351132,2.2186611,0.24344372,0.46208825,0.15000016,0.14034315
"2482",0.93646512,0.93981337,0.98142009,0.9920788,1.0502935,2.5220129,0.22515734,0.43152914,0.14683134,0.14395267
"2483",0.86610921,0.96207035,0.96291135,0.99661339,1.0204389,2.6118811,0.26540816,0.45058811,0.15017431,0.14700256
"2484",0.92437972,1.0582848,0.96709985,1.0079288,1.0465089,2.3780903,0.18930366,0.41098669,0.14889176,0.14773881
"2485",0.98216765,1.1165155,0.96289479,1.0096805,1.0520164,2.2930363,0.17253523,0.39769721,0.13863505,0.14524704
"2486",0.92497682,1.0780293,0.97751947,1.0380873,1.0460125,2.1518635,0.18950044,0.4147177,0.13564563,0.14900294
"2487",0.88116108,1.0238647,0.94543158,0.97841695,0.99510938,2.2661897,0.20849629,0.43834186,0.13843575,0.13512272
"2488",0.88520618,1.0030713,0.90088942,0.98395435,1.0350579,2.2231475,0.23767919,0.43665386,0.13580735,0.13672123
"2489",0.95373463,0.94332202,0.99097589,0.97448233,0.99378426,2.2514952,0.20774508,0.39613367,0.1355447,0.14196233
"2490",0.91200333,0.93716494,0.97839362,0.96287395,0.96789482,2.5925359,0.23024148,0.41989021,0.12866348,0.13530426
"2491",0.89081194,0.88465245,0.9108435,0.91554974,1.0116726,2.4385167,0.24807467,0.40062803,0.12368804,0.13792608
"2492",0.93593172,0.92275729,0.93317381,0.96744582,0.97273356,2.3169498,0.18266108,0.38791954,0.13236536,0.13522536
"2493",0.91272185,0.88728303,0.88073471,0.99003661,1.0112048,2.1768146,0.2062548,0.40658082,0.1311569,0.13621452
"2494",0.8605681,0.92908379,0.92829315,0.96012273,1.0206778,1.9197009,0.20664557,0.41386844,0.13216783,0.13628053
"2495",0.84102468,0.93285166,0.9108945,0.99831359,0.99667569,2.0557125,0.1951568,0.41093468,0.13658081,0.13801911
"2496",0.91456272,0.94731348,0.96910827,0.94894487,1.0296342,1.9309884,0.23326893,0.39657559,0.12606865,0.1394219
"2497",0.85555191,0.93374113,0.98138762,0.97035381,0.9792018,2.4044296,0.28013992,0.43880012,0.13594019,0.14234893
"2498",0.93845923,0.97947169,0.97014516,0.98759624,1.0416242,2.2369409,0.28254585,0.43057243,0.12823955,0.13992498
"2499",0.95499848,0.94957901,0.94866556,0.94909584,1.0426001,2.2803655,0.28410195,0.40571292,0.12525994,0.14175282
"2500",0.89802502,0.94324198,0.94616784,0.95191803,1.035719,2.4090546,0.26468904,0.3820261,0.12475216,0.14080105
"2501",0.89509898,0.99609316,0.95566945,0.98563627,1.0718033,2.2199495,0.2593532,0.41762055,0.12712243,0.14103978
"2502",0.87615964,0.96859916,0.96601137,0.98860008,1.0500174,2.2091285,0.22449423,0.40247185,0.12969661,0.14076053
"2503",0.87082013,0.95666513,0.92247689,0.97906924,0.9900245,2.4328903,0.35330053,0.45547947,0.12919541,0.1434298
"2504",0.90119227,0.86229972,0.94425733,0.91955717,0.96109874,2.7252614,0.39417809,0.44892091,0.12806825,0.14878642
"2505",0.86657603,0.88840552,0.92670405,0.92721297,0.98193094,2.5743639,0.38577149,0.42770848,0.1298838,0.14577244
"2506",0.82431718,0.8550633,0.90773142,0.891718,0.95214101,2.497765,0.34286991,0.45191878,0.12453851,0.14453673
"2507",0.89692857,0.91360019,0.92844773,0.97622469,1.0332116,2.543652,0.37411413,0.42478915,0.13513458,0.14559726
"2508",1.0122151,0.90445759,1.0353529,1.0024921,1.0229361,2.1641612,0.42516081,0.38103965,0.13513544,0.14939549
"2509",0.79358838,0.91947453,0.9149532,0.9237379,0.99767676,3.0775119,0.26794186,0.40286042,0.13419009,0.15030431
"2510",0.85748697,0.92145855,0.95360992,0.97224218,1.0391364,3.1270802,0.33206375,0.42960947,0.11959599,0.14988628
"2511",0.82757751,0.85901592,0.92354459,1.0030043,0.9962402,2.7641414,0.32161864,0.43374085,0.12163693,0.15215039
"2512",0.79326835,0.84637158,0.95693269,0.97350872,0.95389082,2.7633902,0.31657492,0.43834536,0.12176264,0.15082245
"2513",0.83670054,0.90382191,0.93054188,0.98463829,0.95275667,2.5765655,0.27435515,0.43119263,0.12348614,0.15784567
"2514",0.88840485,0.92024388,0.90041161,0.97166974,0.97887815,2.683872,0.30019505,0.37267025,0.12923402,0.1548423
"2515",0.88509972,0.91535663,0.90397766,0.97728176,0.98905424,2.5792754,0.26738391,0.37460453,0.1334288,0.15954223
"2516",0.88229362,0.89061571,0.90447095,0.95624907,0.99074722,2.67441,0.2639141,0.35074759,0.13480235,0.15871287
"2517",0.85037863,0.88584829,0.94326753,1.0081663,0.9881207,3.028846,0.25749693,0.37650843,0.12864781,0.15636769
"2518",0.88389862,0.91728106,0.90713426,0.98321148,0.94397311,2.906836,0.32922319,0.31059737,0.12972746,0.15458934
"2519",0.8280027,0.87026112,0.92052586,0.91937734,0.98022231,2.7767339,0.33022768,0.44063255,0.13174873,0.15407623
"2520",0.89298795,0.91875585,0.86256364,0.94582673,0.95951812,2.4213147,0.37805408,0.38828028,0.1218893,0.15188033
"2521",0.91001168,0.95835767,0.94123464,0.95274696,1.0196609,2.4896387,0.41946882,0.38984478,0.11800582,0.15605861
"2522",0.87986496,0.90866654,0.93621821,0.9827626,0.98733804,2.4066249,0.53319635,0.40506273,0.11912327,0.15694063
"2523",0.86963469,0.94251184,0.91549352,0.98504705,1.0186372,2.2576463,0.39345793,0.36752608,0.12030498,0.1530739
"2524",0.91655344,0.89561964,0.98858342,1.0099585,0.98346976,2.0960458,0.35492694,0.35025584,0.12010706,0.15389206
"2525",0.91818496,0.88232699,0.95286884,0.90453364,1.003486,2.4762658,0.47645044,0.38099878,0.13626733,0.15500927
"2526",0.86282197,0.90943257,0.94173317,0.90722072,1.0513815,2.5259459,0.55840613,0.38363963,0.13095241,0.15472122
"2527",0.88427869,0.89083342,0.96066543,0.95863665,0.99187546,2.4759188,0.54617891,0.42401568,0.13716003,0.15146536
"2528",0.8863023,0.90956523,0.92314978,1.0211431,0.98961942,2.3424691,0.40195402,0.38202418,0.1248849,0.1447343
"2529",0.875262,0.90918667,0.95396793,1.0061099,0.98824653,2.3714342,0.42309699,0.35365274,0.12171381,0.15042464
"2530",0.87789331,0.91253595,0.89351338,0.96926788,1.0087882,2.2578491,0.49057478,0.38737188,0.12037432,0.14981659
"2531",0.85544742,0.93254394,0.9429084,0.99862749,1.0365718,2.3367442,0.42489445,0.34053999,0.11759605,0.14698065
"2532",0.88459356,0.88525392,0.93916943,0.99716702,0.96850855,2.7697762,0.35362143,0.3689307,0.12123384,0.1464789
"2533",0.86788956,0.90117176,0.8793626,0.96277669,0.96838181,2.7258263,0.3828345,0.34007912,0.12172777,0.14864783
"2534",0.90037743,0.89157966,0.93171865,0.96104953,1.0033475,2.7986192,0.35612397,0.23992983,0.13673235,0.15606047
"2535",0.95232273,0.9747597,0.93804434,1.0453528,1.0513106,2.3597362,0.33164454,0.28099266,0.12603195,0.15247811
"2536",0.90354793,0.99323161,0.94977966,0.95225317,1.0294111,2.4727464,0.31878705,0.28537743,0.12536898,0.15895209
"2537",0.88752862,0.85840715,0.87790845,0.8976744,0.94051642,2.3855733,0.30433373,0.29786255,0.14157952,0.15779769
"2538",0.87384793,0.93708411,0.88659,0.94454601,0.97428642,2.4470212,0.28512544,0.29511321,0.13370995,0.16467002
"2539",0.80788129,0.88963939,0.90573374,0.95631634,1.0407411,2.5729817,0.33230441,0.30415962,0.12891464,0.16354471
"2540",0.87507748,0.88741235,0.96116777,0.96289509,0.99005778,2.6111639,0.28741569,0.30770394,0.12979712,0.16166677
"2541",0.83564868,0.90749354,0.96148832,0.97015038,1.0320843,2.6221349,0.26821341,0.30635822,0.12877382,0.16279568
"2542",0.83500499,0.93200882,0.92153579,0.91944915,0.99982483,2.8790461,0.18234208,0.34011194,0.1294799,0.1648723
"2543",0.86365363,0.89079664,0.90769231,0.9073039,0.95379413,3.4059966,0.11725386,0.39000317,0.13725284,0.15668292
"2544",0.85557393,0.92188565,0.90483075,0.94100324,1.0145303,2.9144283,0.15099647,0.33071114,0.14236424,0.15470678
"2545",0.85279667,0.8700407,0.92264009,0.99067208,0.96986301,3.017744,0.10441093,0.38520864,0.14712507,0.15593495
"2546",0.83769229,0.89235139,0.91540517,0.97819585,0.99580008,3.1150609,0.15432851,0.39217794,0.1535293,0.15208205
"2547",0.83482646,0.90339644,0.86049598,0.89766547,0.96405063,3.4171372,0.3903878,0.34191552,0.14181441,0.15842769
"2548",0.87777739,0.88571745,0.92363401,0.93368579,1.0107674,3.2343591,0.43879782,0.32952329,0.14175809,0.16242449
"2549",0.79906163,0.91588063,0.93495786,1.0015563,1.0031811,2.7953303,0.42293433,0.33692696,0.13275133,0.16031215
"2550",0.80584064,0.86875606,0.89306023,0.94464097,0.97818952,3.1471368,0.42570623,0.41699816,0.1240373,0.15902235
"2551",0.88841196,0.95159438,0.95043776,0.96101509,0.96582268,2.7712826,0.28097285,0.36487423,0.11291075,0.14402656
"2552",0.91840828,0.87682148,0.92964914,0.9752157,1.0120102,2.7765609,0.24591833,0.37612472,0.12229825,0.14238405
"2553",0.91469208,0.86810713,0.9279635,0.97763668,1.0027862,2.7726901,0.23357989,0.40114607,0.11995957,0.14175766
"2554",0.85578399,0.89232911,0.90322795,0.96398336,0.99099784,2.4676731,0.21447792,0.36416479,0.12795226,0.13993831
"2555",0.85797016,0.89879376,0.91393428,0.93930795,0.9846862,2.2767153,0.2457898,0.38751472,0.13021933,0.13702508
"2556",0.90792096,0.87246402,0.87119322,0.92887181,0.98199105,2.4290799,0.13068899,0.41022203,0.11485511,0.14104362
"2557",0.89029337,0.87888742,0.84021627,0.93307796,0.94758382,2.5489908,0.079521648,0.38006398,0.11318569,0.1429092
"2558",0.89917468,0.85894445,0.8430043,0.93531076,0.95836854,2.3529428,0.12778561,0.38812019,0.11591537,0.14234158
"2559",0.87565046,0.86150555,0.84789321,0.89650766,0.9234686,2.5189894,0.091885355,0.382802,0.11238203,0.14110902
"2560",0.91492254,0.89173473,0.90481791,0.89012057,1.0441524,2.2966455,0.12762911,0.40338938,0.10539489,0.14453804
"2561",0.8884775,0.90835722,0.92746677,0.89220491,1.0729812,2.2023135,0.11249368,0.39296966,0.11008874,0.1443278
"2562",0.86073461,0.85641298,0.94622936,0.91343513,1.0160472,2.2961383,0.094309658,0.38828597,0.10636809,0.14267408
"2563",0.88434139,0.86487384,0.93029505,0.89483853,0.99528399,2.3240826,0.14609741,0.36766689,0.10879601,0.14515463
"2564",0.85550041,0.88483585,0.89281115,0.96734682,1.0133336,2.3339911,0.11057266,0.40442362,0.10186259,0.14214785
"2565",0.87182404,0.87337658,0.86375577,0.9527947,0.96379996,2.4195917,0.18158064,0.40166024,0.10750079,0.14461301
"2566",0.91310886,0.89383315,0.91177418,0.89896651,0.95629383,2.5190224,0.21408805,0.35974104,0.1069378,0.14330124
"2567",0.92413482,0.93662252,0.94440473,0.95332478,0.9972754,2.0054365,0.23031899,0.34112346,0.10890894,0.13699779
"2568",0.89247366,0.90512136,0.86072029,0.97817634,1.0495067,1.9416966,0.23919199,0.33811199,0.11394251,0.14309742
"2569",0.92378489,0.92507176,0.89329155,0.94570777,1.0391707,1.9416032,0.24891463,0.33736173,0.11631486,0.14287874
"2570",0.9485414,0.93102029,0.92208451,0.98733004,1.0172079,2.1905321,0.18270285,0.36992197,0.13011037,0.13818963
"2571",0.92878153,0.91349636,0.9327399,1.0646787,1.0243787,2.296307,0.18004162,0.33052823,0.13296294,0.13900245
"2572",0.9396376,0.886676,0.89319451,0.97884193,1.0377693,2.2894004,0.17957238,0.34990613,0.12457903,0.14406168
"2573",0.94241184,0.9224808,0.92064174,0.99008319,1.0472403,2.3895286,0.23082069,0.3499713,0.12497475,0.13587008
"2574",0.94080429,0.92405276,0.91680192,1.0173213,1.0938515,2.2897681,0.21727977,0.36761929,0.12254861,0.13708905
"2575",0.8988416,0.88484152,0.95866577,1.0015849,1.0447446,2.3694342,0.26677323,0.36696696,0.1243715,0.13679486
"2576",0.96040467,0.93301294,0.99434108,0.99478233,1.007862,2.2063578,0.32622549,0.37627341,0.11788139,0.14278925
"2577",0.86157876,0.90246463,0.96033698,0.95960829,1.0299447,2.0904199,0.35027523,0.37438209,0.11491912,0.15252746
"2578",0.91066644,0.95897135,0.9592179,1.0694118,1.0778483,2.2394188,0.34041878,0.36403183,0.12042926,0.15044696
"2579",0.89592352,0.90321959,0.89098181,0.88439846,0.97975683,2.2612334,0.30994437,0.42451718,0.1160876,0.14244109
"2580",0.94456702,0.8658547,0.90035505,0.95360451,0.99376075,2.2755497,0.34820429,0.42959329,0.12480778,0.14298746
"2581",0.8128017,0.84119687,0.82804319,0.95223795,0.99744497,2.4304753,0.41433711,0.48384883,0.13565696,0.1442394
"2582",0.90889095,0.91560665,0.9348774,0.99764217,1.0493522,2.6365478,0.28330302,0.49382529,0.13999726,0.14017144
"2583",0.87232726,0.9548405,0.91039817,0.947645,1.043598,2.6072094,0.19680592,0.48239282,0.13251825,0.14444662
"2584",0.83648537,0.84144552,0.92229319,0.96747589,0.97482141,2.7709082,0.18561227,0.45664549,0.12955519,0.14851741
"2585",0.85734193,0.88707861,0.88704759,0.90870968,0.96700461,2.9462487,0.15984319,0.45334493,0.1358329,0.15317935
"2586",0.90307139,0.89999391,0.93746444,0.95614172,0.99370357,3.2660677,0.16203958,0.43306772,0.13541001,0.15096707
"2587",0.88858376,0.88816951,0.90205827,0.94055608,1.006918,3.1423747,0.15647597,0.47869602,0.12782729,0.15017157
"2588",0.90517281,0.90914716,0.8993547,0.96464472,0.99190597,3.1381231,0.20549075,0.49265728,0.13259128,0.15413854
"2589",0.9529521,0.97039261,0.9342312,1.0342999,0.98918627,3.029913,0.22143438,0.41065521,0.12329609,0.14984847
"2590",0.92945846,0.96991141,0.9491858,1.0399761,0.98604231,3.028406,0.2348302,0.40114068,0.11904739,0.15082926
"2591",0.881678,0.89570156,0.93362261,0.95244095,1.0557019,2.3440926,0.28678664,0.36935133,0.12181569,0.1447679
"2592",0.87293215,0.88115239,0.92025018,0.96431289,1.0338148,2.3630865,0.25475045,0.37614606,0.12037248,0.14684603
"2593",0.94372103,0.88897078,0.9192006,0.93285439,0.93706938,2.5856407,0.28597439,0.35188441,0.13393254,0.13965296
"2594",0.84847106,0.95336702,0.98908053,0.91491173,1.0166268,2.4574814,0.23725603,0.39915424,0.12482595,0.14363174
"2595",0.90141686,0.90579128,0.92448088,0.93310161,1.0424595,2.5936287,0.23033584,0.3429101,0.13594924,0.1423363
"2596",0.89551379,0.88496459,0.91937418,0.97535951,1.0294954,2.3872192,0.23772826,0.31802382,0.12841649,0.14596013
"2597",0.87551489,0.93000125,0.97537965,0.99630665,1.0319709,2.4428052,0.20107989,0.32620311,0.11949718,0.13862211
"2598",0.93611767,0.93088256,0.95761201,0.97312639,0.97240909,2.4375254,0.20283808,0.29026436,0.10035459,0.13253639
"2599",0.9857197,0.90772467,0.93628181,0.98221882,1.0225861,2.4772033,0.18261251,0.28628531,0.098621201,0.1333451
"2600",0.92452907,0.91167887,0.93981709,0.9543556,1.0095857,2.4862504,0.2389012,0.28921066,0.11023487,0.13287299
"2601",0.88361697,0.86383859,0.92072338,0.97246252,0.98926737,2.2952069,0.2468275,0.31721161,0.11537954,0.13145793
"2602",0.88725523,0.86229009,0.92260025,0.98011351,1.0035915,2.1920555,0.27752036,0.33239434,0.11387313,0.12987576
"2603",0.89648511,0.93317582,0.93795647,0.96777306,1.0245867,2.4683963,0.24756567,0.32422444,0.13191413,0.14226947
"2604",0.89468763,0.85480131,0.89363929,0.95869593,0.98171929,2.7484764,0.32201131,0.34101703,0.14080103,0.14399311
"2605",0.85724428,0.87363209,0.87512935,0.93856243,0.98280872,2.7569463,0.29102319,0.35359579,0.13838081,0.1460768
"2606",0.88542995,0.84951328,0.98860442,0.94182399,0.96580372,2.7787212,0.2660056,0.3097967,0.12617698,0.13982678
"2607",0.86268851,0.91006198,0.93305679,0.95960346,1.0173489,3.0367503,0.27612255,0.30159434,0.12187677,0.14189227
"2608",0.88139056,0.89226716,0.9113077,0.97042725,1.0315652,2.7054133,0.25226725,0.30209129,0.12661197,0.13773629
"2609",0.88146493,0.93452501,0.98504615,0.99803118,0.99391608,2.6581208,0.19211753,0.29427384,0.12657486,0.13626455
"2610",0.90901382,0.93836963,0.94253247,1.0055807,0.98078538,2.6373082,0.21275549,0.30890736,0.1189086,0.13406919
"2611",0.8778294,0.92402245,0.92168979,0.91807199,0.99652419,2.8411247,0.2176908,0.34502946,0.10932297,0.13740345
"2612",0.89503492,0.89729515,0.92592015,0.94009629,1.0232849,2.6902345,0.23219779,0.38763489,0.10359635,0.13034209
"2613",0.89952921,0.8950375,0.90168348,0.93500291,1.0195304,2.7897163,0.35800836,0.34965545,0.10472344,0.14005232
"2614",0.943241,0.86720526,0.95024791,0.92527459,1.0030705,2.4470528,0.38026539,0.36712413,0.10611399,0.13486156
"2615",0.95915478,0.94068659,0.96465629,0.94960704,1.0286626,2.3902134,0.41437539,0.30710938,0.10811103,0.13548036
"2616",0.97421851,0.90732327,0.99439393,0.96775778,1.0038229,2.5242755,0.45078214,0.31075118,0.098910613,0.13590893
"2617",0.84456159,0.88455896,0.90066993,0.93018136,1.0027037,2.614383,0.41213657,0.28094419,0.091020245,0.13503074
"2618",0.88950716,0.87629152,0.8921717,0.93935315,0.96787501,2.6804699,0.42012258,0.28213945,0.09196851,0.13451322
"2619",0.85681344,0.92142436,0.90066987,0.9610351,0.99181496,2.3391316,0.32616278,0.24381518,0.101073,0.13713494
"2620",0.99539008,0.90488103,0.85523286,0.97574271,0.98914725,2.4477263,0.3406706,0.34464697,0.11263314,0.12566134
"2621",0.97666339,0.91613485,0.88680936,0.99437456,1.0083518,2.4414739,0.42098559,0.34478989,0.11754988,0.12930822
"2622",0.90632726,0.90199779,0.82636892,0.97022274,1.0086843,2.4615517,0.36995964,0.32799084,0.11405178,0.13231774
"2623",0.89293511,0.91163702,0.90592196,0.92540355,0.99309208,2.4507815,0.3401578,0.3281463,0.12028124,0.12946469
"2624",0.83953889,0.87248175,0.9224155,0.90107155,0.99728535,2.2705375,0.36638708,0.30958867,0.12170402,0.13605141
"2625",0.846623,0.88252171,0.82682009,0.96142505,0.92894806,1.9960091,0.34991588,0.28680458,0.11861924,0.13871215
"2626",0.8300746,0.91759893,0.88569614,0.93196469,0.99486839,2.1177851,0.37242923,0.28375506,0.11781824,0.14147251
"2627",0.79534206,0.89487918,0.91407857,0.90416219,1.0030335,2.2612239,0.45042517,0.28611284,0.12000236,0.14202849
"2628",0.86729953,0.87837022,0.94516098,0.87156316,0.97081161,2.4460765,0.40062261,0.31039944,0.11588739,0.14659975
"2629",0.9051916,0.93750259,0.932787,0.95006241,1.0326843,2.2752622,0.39900975,0.29844565,0.11303659,0.15151536
"2630",0.90255377,0.93999578,0.92550792,0.95579506,1.0235892,2.2484845,0.3647709,0.29109291,0.11305252,0.14650387
"2631",0.93782881,0.95560488,0.9115648,0.98263528,1.0204375,2.4321392,0.37086725,0.28649597,0.11560835,0.14804007
"2632",0.96043764,0.94071301,0.92483928,0.93468292,0.97277113,2.5013239,0.36091171,0.26775257,0.11919811,0.14440781
"2633",0.95595643,0.93129004,0.94547909,0.98037144,1.0005175,2.7079081,0.27048863,0.25693948,0.11896507,0.14521929
"2634",0.89921131,0.93368749,0.9500326,0.95536597,1.0451202,2.5944735,0.2839706,0.28815626,0.11381114,0.13988559
"2635",0.85245634,0.84406009,0.86181244,0.95630798,0.92315828,2.5963804,0.28977275,0.24272891,0.11713266,0.13845625
"2636",0.92617246,0.88441191,0.88358835,0.93100468,1.0131514,2.3304173,0.27642892,0.30418838,0.11379457,0.13191246
"2637",0.84452815,0.87018145,0.85411129,0.97475636,0.97316523,2.163079,0.24500374,0.29821962,0.10916121,0.13292742
"2638",0.83137918,0.86002361,0.88630933,0.94177461,0.97825438,2.158325,0.27419908,0.27968162,0.11642566,0.13445848
"2639",0.90656002,0.97280789,0.97653309,0.9599358,1.0512527,2.2062025,0.20312391,0.27753163,0.11268783,0.13332648
"2640",0.95919987,0.92431628,0.98016282,1.0062814,1.0489611,2.0342201,0.22154122,0.26766173,0.11818309,0.12961444
"2641",0.97873729,0.9875128,0.99611238,1.0231475,1.0508121,2.1643641,0.21891,0.3199111,0.12549309,0.13749887
"2642",0.87237562,0.89556538,0.89235715,0.95778947,0.97985203,2.0794173,0.26823617,0.28514925,0.12842244,0.13930814
"2643",0.92718104,0.88054225,0.93497554,0.96957215,1.0219569,2.0711121,0.25510676,0.29250437,0.1256798,0.14542133
"2644",0.91681277,0.89461376,0.92282541,0.99951283,1.0010338,2.2420917,0.25027435,0.28767683,0.12749855,0.14180557
"2645",0.90748523,0.87162326,0.94580478,0.9903446,0.99154478,2.2810685,0.25762164,0.33864435,0.12132909,0.14383674
"2646",0.86474495,0.89772207,0.88733311,0.96372241,0.96773432,2.3394938,0.24590987,0.34028458,0.13372995,0.14463287
"2647",0.8744947,0.86384465,0.92976072,0.93694815,0.98092342,2.6631528,0.27477485,0.33121826,0.1326607,0.14110838
"2648",0.94590425,0.86549924,0.86001417,0.99333006,0.98227653,2.6286346,0.27445495,0.3387943,0.13743921,0.13686891
"2649",0.93938919,0.86388457,0.88146807,0.97189836,0.99869562,2.8162451,0.30912511,0.30533906,0.13676304,0.13535279
"2650",0.93406584,0.89944118,0.89707566,0.9798611,0.99848781,2.7052681,0.26007381,0.29078062,0.13434009,0.13406432
"2651",0.92570637,0.89563728,0.89777514,0.95372531,1.0203987,2.8419118,0.278855,0.28735602,0.13410566,0.13718491
"2652",0.99102367,0.92811098,0.92372807,0.90345826,1.0342153,2.6869392,0.44341016,0.35197918,0.1461064,0.14096165
"2653",0.84047998,0.87847455,0.90538839,0.92660799,0.97792578,2.8827736,0.29756004,0.38988806,0.15634822,0.14548798
"2654",0.93857147,0.93841101,0.95738769,1.0391135,1.0595823,2.8754639,0.26119486,0.39413239,0.14654045,0.13988255
"2655",0.91486899,0.94554045,0.97549486,1.0306947,1.0809737,2.9387532,0.26814685,0.3632849,0.15011277,0.14004201
"2656",0.85554482,0.86433758,0.91833046,0.95902253,0.9190704,2.8674538,0.32404727,0.3493221,0.1312086,0.14133666
"2657",0.89765766,0.93056974,0.9401058,0.98627975,1.0043817,2.4612616,0.3236491,0.38312134,0.10755578,0.13723284
"2658",0.85027184,0.9391759,0.89539621,0.93430527,1.0771994,2.4186895,0.32475177,0.36627448,0.1171586,0.13936121
"2659",0.84889902,0.91402401,0.91244488,0.97200163,1.0616605,2.315242,0.30329205,0.3690416,0.11142375,0.14247584
"2660",0.8145578,0.92950178,0.90329437,0.94986655,0.98276001,2.5250699,0.27741243,0.38396508,0.11021108,0.14104472
"2661",0.85365569,0.90917896,0.88491025,0.98088121,0.97559862,2.6082042,0.27804589,0.37974178,0.1126472,0.14215829
"2662",0.87794122,0.91196521,0.96341553,0.89542791,1.0432979,2.2211291,0.23926226,0.43625699,0.098557891,0.14764755
"2663",0.86906305,0.89875214,0.94452061,1.0027247,1.0132183,2.5142267,0.225886,0.39133627,0.11503985,0.15419451
"2664",0.84477431,0.90647296,0.91958636,0.98602894,1.010553,2.5710133,0.2763501,0.42918597,0.11266346,0.15095295
"2665",0.90968932,0.89415405,0.93027593,0.99320037,1.0326773,2.383669,0.18630519,0.45179475,0.11373924,0.15155751
"2666",0.91905365,0.89072962,0.91921186,1.0030185,0.99225271,2.3795267,0.21047234,0.4657015,0.10939364,0.1512434
"2667",0.86493377,0.91936691,0.98998861,0.96670399,1.0377413,2.7345673,0.13659634,0.44662634,0.10973497,0.14391787
"2668",0.87589273,0.90096705,0.92032133,0.9244866,1.0225559,2.5801904,0.23438707,0.45602519,0.11466981,0.13765699
"2669",0.93769519,0.92494929,0.9537837,1.0122498,1.0007887,3.0568425,0.21235508,0.45380054,0.10949371,0.13784808
"2670",0.84358232,0.93794948,0.88773676,0.99739741,1.005058,3.2687763,0.18598208,0.44589819,0.10417081,0.13701096
"2671",0.87255846,0.91207006,0.90512828,0.95575068,0.98831337,3.0523113,0.15702268,0.45544652,0.10324517,0.13824933
"2672",0.86649752,0.91203914,0.90666468,0.95745315,0.98722241,3.0378096,0.14913182,0.45367643,0.10391295,0.13861078
"2673",0.85124913,0.87403036,0.92574978,0.95512345,1.0173407,2.7018887,0.17114863,0.44592016,0.097948537,0.13887839
"2674",0.84723164,0.90445019,0.92274138,0.94503557,1.0322101,2.7184833,0.22394834,0.43000477,0.099186362,0.13989607
"2675",0.80288119,0.85970242,0.88423475,0.96040098,0.97770555,2.6220355,0.19746655,0.42693588,0.1015637,0.1440224
"2676",0.88897694,0.8580932,0.91833027,0.92453062,0.97212818,2.7748116,0.14551152,0.44082227,0.10274733,0.13822799
"2677",0.84642568,0.88494709,0.92691122,0.93937428,0.96719617,2.7785819,0.17185771,0.41226292,0.11370291,0.13105925
"2678",0.84927402,0.86904947,0.88965378,0.93132046,0.97360959,2.9559889,0.15414683,0.39966722,0.1118607,0.13302119
"2679",0.87934508,0.89919369,0.91543726,0.93966014,1.0051754,2.8656309,0.18419218,0.40983672,0.11622726,0.12466947
"2680",0.79526162,0.85299629,0.8336846,0.88229679,0.94454711,3.0119136,0.15200681,0.37548378,0.13026602,0.13006218
"2681",0.83423872,0.95165432,0.96851443,1.0242419,1.0300728,2.539435,0.17039706,0.41264784,0.13168291,0.13233431
"2682",0.85981737,0.90509907,0.90063642,0.96144888,0.97365924,3.050718,0.22084337,0.440298,0.12071084,0.13548642
"2683",0.90293297,0.87481506,0.87735931,0.88076949,1.0093638,2.5561079,0.31278593,0.48288076,0.12075357,0.13656004
"2684",0.80964851,0.87470869,0.89956282,0.88094271,0.96898002,2.7033392,0.27668442,0.46746059,0.13505481,0.13818557
"2685",0.85676123,0.87993859,0.90950196,0.89043302,0.96887925,2.7252809,0.28387095,0.4620986,0.13102276,0.13813353
"2686",0.92541583,0.91985075,0.90602169,0.96623286,0.99470137,2.8268485,0.38242289,0.47982527,0.12982218,0.14086835
"2687",0.84561778,0.89294723,0.96684317,0.88959767,0.94418255,2.4476161,0.38889471,0.42769095,0.13148102,0.14360542
"2688",0.98345997,0.90712944,0.92807598,1.0221366,1.0154386,2.2743578,0.34592268,0.40507191,0.12305869,0.14599199
"2689",0.99076024,0.90505306,0.89172949,0.96170682,1.0200831,2.4776841,0.45044784,0.40034729,0.12572062,0.14699353
"2690",0.93684984,0.89137314,0.95431201,0.93947894,1.013065,2.5103579,0.42884546,0.39103056,0.12975761,0.14207306
"2691",0.886579,0.93518337,0.93708214,0.95956452,1.0274345,2.4738116,0.35232698,0.42255316,0.11857976,0.14344457
"2692",0.90456319,0.89827533,0.95389261,0.99250788,1.0026414,2.5006404,0.32378105,0.43207491,0.11482488,0.1489032
"2693",0.89406784,0.88702146,0.94283143,0.92840046,1.021542,2.3889255,0.36874535,0.43102127,0.11630259,0.14857624
"2694",0.90827394,0.9362897,0.93144592,0.99482741,1.0280479,2.2268778,0.29092234,0.431456,0.1204651,0.150727
"2695",0.90301371,0.88796549,0.93630686,0.95900716,0.95178841,2.2246281,0.32606344,0.41984198,0.12896691,0.14948959
"2696",0.82842407,0.89596172,0.93898154,0.93282344,1.0128896,1.7695021,0.28050975,0.4030366,0.11981135,0.15392792
"2697",0.83709858,0.93811746,0.92590078,0.91262471,1.006079,1.8279351,0.30628014,0.40605194,0.11935832,0.15092096
"2698",1.0049301,0.92459824,0.96891468,0.98508724,1.0699418,2.0738947,0.17538989,0.39330776,0.1151983,0.14984068
"2699",0.98295257,0.91336233,0.95066094,1.0542125,1.063402,2.1929164,0.19333876,0.37405459,0.1115835,0.14828261
"2700",1.0338577,0.89408638,0.95135626,0.96530654,1.0375513,2.3124343,0.16962965,0.40569049,0.10963389,0.1480132
"2701",0.92426967,0.93001349,0.90823231,1.0071544,1.0346977,2.5413706,0.20065645,0.37423563,0.11518978,0.14979123
"2702",0.85788174,0.88941182,0.92217189,0.95729352,0.95880016,2.5308304,0.20936516,0.42486748,0.11330852,0.14971993
"2703",0.84946934,0.87871931,0.8717567,0.93698881,1.025909,2.4640539,0.24050389,0.46250945,0.10802445,0.14419469
"2704",0.84015563,0.85658067,0.91651893,0.96420131,0.95665822,2.489311,0.2007819,0.44452184,0.1119198,0.14649453
"2705",0.90090781,0.86066267,0.87892337,0.97135722,1.003652,2.0804061,0.21488459,0.44580007,0.11540994,0.14699976
"2706",0.91325402,0.89319487,0.97598984,0.98927152,0.96248144,2.3736962,0.20601768,0.39745926,0.11425833,0.14860415
"2707",0.88386331,0.89099376,0.90229114,0.94925866,1.0042093,2.4990511,0.20799609,0.42173119,0.12618325,0.14441933
"2708",0.82515091,0.85528164,0.90380919,0.91495253,0.98563412,2.6026223,0.26452866,0.422923,0.12822472,0.14020883
"2709",0.84699679,0.84193129,0.92021023,0.92425834,0.98018083,2.6100936,0.3249599,0.42948267,0.13293477,0.13795324
"2710",0.91897375,0.95927238,0.98732605,1.0107373,1.0035015,2.5124555,0.28120652,0.4131346,0.12893163,0.13872682
"2711",0.91894895,0.92506442,0.90786174,0.92998859,1.0090054,2.7338656,0.31276258,0.41216679,0.12740979,0.14051335
"2712",0.91431901,0.86836816,0.95800676,0.92600433,1.0171924,2.9780616,0.3087855,0.40824061,0.12917377,0.14704726
"2713",0.94979255,0.88289033,0.95599844,0.95168555,1.0397574,2.8800303,0.47156139,0.31868415,0.12484357,0.15251509
"2714",0.88615945,0.91066144,0.93269048,0.93989478,0.99640376,3.0523216,0.46508629,0.32718025,0.13217351,0.15158356
"2715",0.89510409,0.91070095,0.91036571,0.95237235,1.0089931,3.0291474,0.47315666,0.31461033,0.13127432,0.153823
"2716",0.79246048,0.91291335,0.90116849,0.91665467,1.0265028,2.6247288,0.35754808,0.33641185,0.13309815,0.14765203
"2717",0.88635746,0.87808126,0.94177777,0.93789233,1.0271091,2.4251625,0.30625308,0.31381648,0.14448262,0.14937566
"2718",0.93566214,0.95253958,0.90568552,1.0041414,0.99319737,2.409161,0.27534348,0.30226231,0.13763838,0.15411534
"2719",0.87696119,0.87717401,0.89130474,0.92593595,0.98887642,2.702957,0.34399673,0.33777763,0.13687252,0.15304789
"2720",0.88612222,0.90458258,0.92340795,0.90183819,1.0101386,2.1950258,0.30760415,0.31672929,0.13798629,0.15608105
"2721",0.94789763,0.90187413,0.90467921,0.95539447,1.007797,2.5539257,0.2405593,0.34413326,0.12941387,0.15141981
"2722",0.92158382,0.9055678,0.89135408,0.95302138,0.98066765,2.5063589,0.27699003,0.34312023,0.12992879,0.15232523
"2723",0.85654385,0.89126004,0.93040074,0.94294878,1.0138155,2.4560054,0.25459545,0.3706007,0.1231548,0.1540258
"2724",0.85635604,0.93246806,0.95195268,0.99740551,1.0241058,2.3223015,0.33589593,0.37386669,0.12493537,0.15529131
"2725",0.85646345,0.9353268,0.94205828,1.0107859,1.0194322,2.4346732,0.29282257,0.34777982,0.12744721,0.15832251
"2726",0.85262275,0.92751954,0.9861271,0.98395552,1.0169318,2.6147573,0.28688144,0.37440738,0.12881222,0.15372741
"2727",0.86904733,0.94032167,0.90958088,0.92330176,1.0405307,2.7291618,0.27451351,0.37070673,0.11258631,0.15089957
"2728",0.86160232,0.87199328,0.90110573,0.89949496,0.99661702,2.8662509,0.26314504,0.38272,0.1137976,0.13889347
"2729",0.83642711,0.91532494,0.91044611,0.96680963,0.99794097,2.6179255,0.31697773,0.35671781,0.11154214,0.14172336
"2730",0.90765537,0.87423147,0.94898906,1.001036,1.0120241,2.778432,0.36872325,0.3658813,0.12518575,0.14859749
"2731",0.91890704,0.86148536,0.96696922,0.96464297,1.0064451,2.5515631,0.46085265,0.35305105,0.12739286,0.15561849
"2732",0.90857863,0.86993908,0.89473937,0.99147416,1.018391,2.6403794,0.51251086,0.38417492,0.12278461,0.15501116
"2733",0.89970682,0.91939152,0.9015008,0.97361297,1.0453564,2.5894246,0.40251924,0.39248005,0.12307975,0.15350317
"2734",0.86732018,0.90512619,0.90749909,0.99600565,1.0314107,2.6691547,0.4530861,0.39968392,0.12879495,0.15342635
"2735",0.84883693,0.93188586,0.92488891,0.97498391,1.0050616,2.2540766,0.43527911,0.33418341,0.13024194,0.14845177
"2736",0.88782089,0.88232473,0.95184392,0.97338308,0.97979051,2.4017179,0.41218908,0.34350107,0.12944533,0.15491813
"2737",0.89769695,0.92951112,0.97269608,0.9648123,0.98050675,2.417623,0.31326441,0.36595834,0.13070043,0.14837876
"2738",0.87558528,0.83138257,0.86202992,0.92730588,0.94750137,2.5857575,0.38849895,0.36099027,0.12257108,0.15418151
"2739",0.87657587,0.86796755,0.86434171,0.94546401,0.9093747,2.4876013,0.36747207,0.37900664,0.12427129,0.15233724
"2740",0.83503683,0.86032637,0.89734952,0.9037754,0.96845968,2.3882424,0.36315466,0.36540878,0.12821313,0.15189704
"2741",0.85500034,0.88598607,0.87478364,1.0011032,0.97103426,2.2673841,0.34504833,0.37812288,0.12194484,0.15399636
"2742",0.83319765,0.88769497,0.88605597,0.88330807,1.0046357,2.0306496,0.36807977,0.43619653,0.12871255,0.15127249
"2743",0.82602049,0.8712879,0.8874123,0.87743934,0.99580254,2.0261049,0.35504872,0.43777561,0.12968998,0.15276787
"2744",0.87184765,0.88338948,0.97649835,0.91714239,0.99600183,1.9519244,0.37546088,0.41639109,0.13060775,0.1506494
"2745",0.89417202,0.88386491,0.93457461,0.94114881,0.96826537,2.0279106,0.39719375,0.39193748,0.12863516,0.14964068
"2746",0.89237641,0.8415175,0.90877192,0.95272457,0.95674074,1.9614721,0.35675415,0.44095453,0.10944934,0.14069467
"2747",0.85429814,0.90686971,0.96125065,0.93153162,1.022294,2.1117867,0.26676834,0.39594829,0.095918983,0.13833334
"2748",0.81437306,0.89114755,0.86116846,0.98298067,0.9646932,2.5772928,0.24395314,0.34131241,0.10720395,0.13880782
"2749",0.79761197,0.93759206,0.91238735,1.0503571,1.0203407,2.6815079,0.26182076,0.2863563,0.081117939,0.14043349
"2750",0.83230916,0.85652741,0.86989909,1.0327635,1.0237803,3.0666236,0.18283054,0.26141762,0.089890153,0.13546287
"2751",0.81500933,0.88062892,0.85897609,0.96288763,0.99127208,3.3819654,0.20589825,0.29144454,0.093618499,0.13615531
"2752",0.94071615,0.90069553,0.97075381,0.93503723,1.0057187,3.2658353,0.20903262,0.2863518,0.093630033,0.13516473
"2753",0.89458449,0.91016989,0.89962207,0.89186003,1.0075172,3.2048164,0.17520554,0.27885071,0.095084028,0.13131377
"2754",0.85934063,0.8869749,0.96398727,0.95050903,1.0276408,3.0078163,0.14062936,0.28391047,0.093771937,0.1354948
"2755",0.91203461,0.9257759,0.88359713,1.0179582,1.0080401,3.1439433,0.10749983,0.31254773,0.10146513,0.1340997
"2756",0.87796111,0.93180023,0.89637297,0.95452964,1.0431943,2.5886218,0.26197352,0.31618516,0.11428776,0.14020953
"2757",0.90465392,0.9349048,0.91873327,0.92229231,1.048146,2.500827,0.20929918,0.32815112,0.11345605,0.14205999
"2758",0.84163828,0.87670998,0.88508677,0.92562739,0.9607732,2.4775393,0.19344837,0.36368369,0.11552774,0.13748867
"2759",0.8770136,0.89700482,0.92971095,0.96135151,1.0041902,2.4861048,0.16399468,0.34026886,0.11407394,0.14070537
"2760",0.92079773,0.910855,0.91609979,0.92171201,1.0038093,2.405525,0.2421564,0.30981694,0.10785325,0.13540568
"2761",0.93512719,0.85223957,0.8955094,0.9912525,1.0042526,2.3973838,0.28314676,0.33007048,0.10786529,0.13485684
"2762",0.86062685,0.86975676,0.91373845,0.8901327,0.9650138,2.6141708,0.27367744,0.30345038,0.11408193,0.1376929
"2763",0.88111794,0.86197896,0.91290036,0.96949201,0.9654895,2.4282184,0.29961922,0.30328769,0.11024239,0.14146505
"2764",0.8420889,0.90480044,0.91742228,0.94794318,0.99891191,2.5328415,0.25834714,0.24729432,0.10707794,0.1474555
"2765",0.86595462,0.82977829,0.8923848,0.97399927,0.99074152,2.28397,0.21840315,0.25762729,0.10600824,0.14908432
"2766",0.86224212,0.9379041,0.90364865,0.96076407,1.023609,2.5212517,0.16011787,0.20932162,0.12138762,0.14824392
"2767",0.83245947,0.86641706,0.86869547,1.0036265,1.0295768,2.5387018,0.2292723,0.22864478,0.12461878,0.15330559
"2768",0.91252022,0.90466631,0.94330763,0.89848242,1.0018468,2.4424968,0.22216496,0.29645171,0.14801326,0.14762019
"2769",0.86094652,0.88241283,0.88385442,0.96275861,1.0045259,2.3766222,0.19458449,0.32035021,0.15456391,0.14744149
"2770",0.86652583,0.89493874,0.90603372,0.93852358,0.98862918,2.6278614,0.20232475,0.35345632,0.15571485,0.14877464
"2771",0.84021077,0.86269786,0.93378446,0.92566447,0.97470768,2.8364207,0.20923191,0.34851699,0.15716472,0.14411288
"2772",0.83237597,0.92351008,0.90584907,0.93899001,1.0126255,2.6639907,0.19141643,0.36984738,0.14899588,0.15025428
"2773",0.85491869,0.89409504,0.95358662,0.96049368,0.99198283,2.5921566,0.16808786,0.36785909,0.14627941,0.14908135
"2774",0.9094872,0.92590683,0.95951855,1.0024523,1.0384726,2.4261649,0.18042669,0.32772477,0.14563091,0.15604909
"2775",0.90774458,0.91836641,0.96066846,0.96225832,1.0264387,2.4990463,0.17049529,0.3304035,0.1427677,0.1551241
"2776",0.91030005,0.9239422,1.013998,1.0021346,1.0157408,2.2953241,0.19895777,0.37248453,0.14179117,0.15559634
"2777",0.87095709,0.95723403,1.0009682,1.0128441,1.0509032,2.3336673,0.17797131,0.36386155,0.14509615,0.15562288
"2778",0.83503355,0.9171458,0.92769881,0.95638006,0.99010481,2.2624298,0.19680712,0.3833335,0.13635187,0.15748846
"2779",0.83159877,0.86518016,0.81673752,0.90182273,0.94833576,2.2769515,0.16136621,0.3710494,0.13412651,0.15628271
"2780",0.88267264,0.91777479,0.91059447,0.97075468,1.0077609,2.0509627,0.16340105,0.34463091,0.14641767,0.14710718
"2781",0.90921718,0.90819327,0.92785895,0.99793802,0.98920746,1.7758872,0.21241524,0.36766058,0.14592361,0.14797621
"2782",0.84355997,0.91548712,0.95384723,0.98244355,1.0339743,1.8981623,0.23547317,0.37073866,0.13861873,0.15231161
"2783",0.86264897,0.89133106,0.92689109,0.97514875,1.0009644,2.1152094,0.23096733,0.36842566,0.13959597,0.14817685
"2784",0.87159072,0.85474688,0.91353143,0.91164322,0.95840279,2.0277994,0.19714721,0.34897842,0.14983447,0.14139643
"2785",0.92335788,0.94221395,0.95673723,1.0167866,1.000972,1.641308,0.18502145,0.35108006,0.14811847,0.14381647
"2786",0.92842188,0.949597,0.95515697,0.99438268,1.0363844,1.804899,0.19586403,0.35638586,0.15143408,0.14142093
"2787",0.94349967,0.88876556,0.94082859,0.94885924,1.0156155,2.3217687,0.17751856,0.39524446,0.13542252,0.14458856
"2788",0.93501455,0.88206084,0.94542063,0.92794253,1.0045239,2.1145334,0.20641028,0.39907273,0.13616664,0.14463997
"2789",0.90494492,0.9198115,0.90065024,0.94991802,0.99672435,2.2045942,0.2377797,0.40418948,0.14326755,0.14565868
"2790",0.91993155,0.8791842,0.89191083,0.91678069,0.99850047,2.2529018,0.23161618,0.36664473,0.15081991,0.14574411
"2791",0.81377112,0.88459957,0.87575914,0.92279935,0.99415307,1.9794737,0.31001056,0.33655371,0.15063693,0.14208026
"2792",0.92792875,0.8799556,0.9892155,0.95970166,0.98028716,2.3110928,0.21467966,0.27804019,0.14562621,0.14653365
"2793",0.88518335,0.89174185,0.95250767,0.94711448,0.97714234,2.3572702,0.18413192,0.25730364,0.14587311,0.14723789
"2794",0.88595288,0.89060994,0.95580316,0.96379692,0.98209911,2.3027099,0.25224678,0.23475596,0.1452139,0.14529893
"2795",0.87712157,0.86504625,0.90393901,0.99383659,0.97839336,2.3974007,0.24872347,0.27892173,0.14136553,0.14691602
"2796",0.8933031,0.95423854,0.94626714,1.0004884,1.0595223,2.4881386,0.26411286,0.29366666,0.15832399,0.14616809
"2797",0.93013016,0.94784699,0.98504911,0.9702327,0.99723859,2.3760753,0.26118968,0.30881252,0.15769214,0.14471069
"2798",0.96013905,0.91715056,0.95131849,0.97271921,1.0308768,2.2443142,0.27973288,0.30542687,0.14822725,0.14693284
"2799",0.95452957,0.9538441,0.91519455,0.96633488,1.0355006,2.3869998,0.21595092,0.24563506,0.15306954,0.14621308
"2800",0.85994639,0.91622605,0.93098315,1.0075002,1.0184973,2.6170052,0.30716147,0.19827952,0.15746792,0.14986915
"2801",0.87060314,0.98026958,0.93681417,0.97160977,1.0147211,2.7069654,0.30100581,0.20835507,0.14568957,0.1493935
"2802",0.8692685,0.99229022,0.92889889,0.96483288,0.99748127,2.5573839,0.32431188,0.18301097,0.14647014,0.14524491
"2803",0.94813335,0.89513842,0.89690974,0.92717757,1.0053774,2.7871366,0.25203625,0.25373227,0.1551888,0.15160192
"2804",0.89403385,0.87793268,0.87936327,0.91973904,0.9825828,2.3813649,0.30584997,0.2232783,0.14863159,0.15535516
"2805",0.85896055,0.88380505,0.97178581,0.9344914,1.0149043,2.3635652,0.28925111,0.20567437,0.14632252,0.15219823
"2806",0.84640831,0.91189073,0.93677558,0.93822288,1.0158578,2.4176447,0.31489534,0.19999734,0.13908421,0.14973962
"2807",0.82918584,0.89030902,0.87101363,0.92825813,0.98332642,2.4683758,0.19630252,0.31509737,0.12422946,0.14445103
"2808",0.91105861,0.89619036,0.89443693,0.95184523,0.98287442,2.2337332,0.29020817,0.34527312,0.12648663,0.14629433
"2809",0.86880658,0.94845202,0.91104099,0.99229984,0.99845651,2.1571563,0.26187653,0.33567173,0.13101793,0.14385918
"2810",0.84465417,0.89721143,0.9155145,0.97640619,1.005204,2.2165165,0.29156263,0.37271624,0.1253325,0.14234937
"2811",0.8816993,0.92399383,0.91740618,0.9808947,0.99345501,2.4343315,0.25699549,0.37694182,0.12196828,0.1382164
"2812",0.88025742,0.89035599,0.93429964,0.95674609,0.96976703,2.5036696,0.24147937,0.37100217,0.13859409,0.14563864
"2813",0.92801697,0.911442,0.8987911,0.96032682,1.0296253,1.91802,0.35134313,0.32136669,0.13328274,0.1459779
"2814",0.90124081,0.92707283,0.94613498,0.96484542,1.0578933,1.8985459,0.31643594,0.33482147,0.12566163,0.14418246
"2815",0.99196126,0.93328049,0.90856368,0.92857084,0.96623148,2.2361252,0.26158808,0.37377358,0.1300989,0.14830238
"2816",0.89812088,0.89014798,0.94653652,0.9790969,1.0948832,2.4621065,0.29649061,0.3533267,0.12684564,0.14345343
"2817",0.93343042,0.94376431,0.94978488,1.003256,1.0211255,2.2574767,0.26276658,0.35159882,0.12481398,0.14649868
"2818",0.97439375,0.95082138,0.97051996,1.0022383,1.0661366,2.24726,0.27693566,0.33924227,0.11830036,0.14705977
"2819",0.84921067,0.90686658,0.91410167,0.94155476,0.98157384,2.3998977,0.24389671,0.36337488,0.12052371,0.15254199
"2820",0.87160637,0.88116464,0.94101813,0.93342708,0.99369921,2.5365258,0.14719115,0.38864635,0.1175661,0.15237523
"2821",0.85646547,0.93448409,0.92244069,0.93172878,0.9726459,2.5487737,0.17224179,0.35116637,0.12445621,0.14840696
"2822",0.93493947,0.88864577,0.93361135,0.88909782,0.93442391,2.6412466,0.15185514,0.3220837,0.12891809,0.14223872
"2823",0.85708477,0.93111471,0.94676272,1.0040769,1.0672346,2.208319,0.20016168,0.39014371,0.12039469,0.13758574
"2824",0.85828144,0.90770364,0.89537032,0.94897664,0.96522825,2.2523285,0.2642795,0.38063743,0.11557151,0.13791214
"2825",0.85479308,0.90802308,0.90554727,0.95158748,0.94819979,2.333502,0.2863846,0.34770224,0.11205506,0.13763051
"2826",0.85027341,0.86369129,0.94254112,0.95528971,0.94018685,2.4539553,0.3885027,0.35511584,0.12319586,0.13633628
"2827",0.89392487,0.94047888,0.98597448,0.93807405,1.0086511,2.7454855,0.34346396,0.3913673,0.12381832,0.13933158
"2828",0.90360019,0.93651866,0.98084154,0.93946743,1.0094244,2.7049193,0.33136091,0.38613484,0.125509,0.14169144
"2829",0.80990533,0.85570965,0.86218694,0.97407572,1.0267722,2.6921848,0.34814189,0.43724098,0.13988942,0.14283593
"2830",0.87396932,0.96610536,0.87991295,1.0345239,1.0345564,2.4393916,0.37500153,0.43682269,0.14000986,0.14142066
"2831",0.85332405,0.96477145,0.87951553,1.0273246,1.0153238,2.5080044,0.33749349,0.42900432,0.13895594,0.1372402
"2832",0.84191128,0.94468721,0.89333824,0.9649658,1.0436713,2.4996027,0.25790443,0.45634016,0.13809318,0.13841055
"2833",0.87187544,0.94670957,0.83518639,0.96949167,1.015562,2.5428359,0.31888478,0.43188035,0.13773727,0.13962945
"2834",0.90469672,0.97933469,0.92520957,0.9780546,1.0620662,2.4643978,0.28398516,0.43831847,0.14169144,0.13770971
"2835",0.91468716,0.9088646,0.93164174,0.97238177,1.0093339,2.4190908,0.24832689,0.43894946,0.14155915,0.13922461
"2836",0.85543807,0.87778074,0.91166173,0.99397633,0.97143681,2.3457699,0.25351711,0.45383499,0.13779597,0.13443642
"2837",0.90746321,0.86763365,0.90989584,1.072604,1.0340318,2.3735899,0.28385732,0.40728068,0.13561069,0.13956873
"2838",0.83483744,0.88306196,0.94250964,1.0916708,0.98504796,2.4395073,0.26781511,0.42053199,0.13345666,0.13510389
"2839",0.91470151,0.92213609,0.92328972,1.0264681,1.0533538,2.4583644,0.26516226,0.40358623,0.13159314,0.13622204
"2840",0.89550072,0.92640881,0.94430439,0.97758869,1.0734441,2.5438075,0.21649071,0.38146151,0.1234784,0.13259739
"2841",0.86058425,0.8409615,0.91458037,0.93738501,0.97133007,2.1972799,0.22196639,0.35119535,0.12721541,0.12989687
"2842",0.92554665,0.88097822,0.88352973,0.94578695,0.9851684,2.1528101,0.22251957,0.38037828,0.12232786,0.13002995
"2843",0.96423802,0.97094364,1.0061762,0.9801375,1.020932,1.9962201,0.17040923,0.48938171,0.11802248,0.14275343
"2844",0.94233114,0.94967291,1.0390781,0.9775314,1.0169058,1.8290472,0.23367029,0.49651551,0.1194398,0.14346946
"2845",0.91045225,0.93470133,0.88808841,0.92407692,0.96378993,2.3725051,0.26739089,0.44204603,0.12483551,0.14718804
"2846",0.86528088,0.90696068,0.96402619,0.90926677,0.97073204,2.0711639,0.28364495,0.49073989,0.11711169,0.15171113
"2847",0.86246624,0.97446758,0.90260274,1.0093635,1.0120176,2.1633167,0.26844457,0.45466191,0.10841268,0.14466794
"2848",0.87445204,0.88323869,0.88746943,0.92968755,0.97352959,1.9615497,0.26159227,0.5060095,0.10338642,0.14275004
"2849",0.89827137,0.90228024,0.90020462,0.86295898,0.93881782,2.1899993,0.31067441,0.47712828,0.10569516,0.14698196
"2850",0.85399202,0.89794396,0.89460895,0.90797885,0.98243976,2.3129455,0.29263615,0.43395262,0.095533368,0.14717894
"2851",0.87793679,0.88255878,0.92603638,0.93948104,1.0053398,2.2377682,0.29643571,0.45682953,0.093876495,0.14478256
"2852",0.94034809,0.95953601,0.96104441,0.96513483,0.97870662,2.3107946,0.30947349,0.46144085,0.098791702,0.15833195
"2853",0.81672247,0.89604016,0.92250259,0.94582339,0.99160034,2.1165845,0.18252252,0.49641279,0.096191723,0.14426419
"2854",0.94920007,0.88268295,0.91910801,0.97697498,1.0043082,1.978669,0.26612253,0.4228423,0.093223105,0.1440967
"2855",0.85808984,0.90078715,0.91814708,0.96025299,1.0142367,2.2303274,0.31528951,0.41410481,0.09884886,0.14043181
"2856",0.91571299,0.90209748,0.88982872,0.94890456,0.99436452,2.3567413,0.23312977,0.45989924,0.099894077,0.14358848
"2857",0.8803972,0.88950436,0.88008508,0.96810093,0.9268613,2.3475858,0.3047274,0.42688034,0.11328534,0.14716286
"2858",0.83842402,0.92570046,0.90874308,0.92512533,0.96316975,2.2585571,0.33289188,0.42237927,0.11433625,0.15043548
"2859",0.85968913,0.93901916,0.90928038,0.91459245,0.96645097,2.3494901,0.3019564,0.40421783,0.11691157,0.15356318
"2860",0.83362299,0.90163063,0.9278609,0.96200998,0.93457504,2.0899476,0.34252639,0.40875048,0.1202913,0.1555111
"2861",0.81805035,0.91397504,0.93365548,0.9100593,1.0117285,2.5738035,0.35425603,0.40112424,0.11963527,0.15747201
"2862",0.89247769,0.92040279,0.87416684,0.92807064,1.0001511,2.6080628,0.33850097,0.41780655,0.1321228,0.15517873
"2863",0.82004858,0.83721623,0.89154815,0.97571568,0.95862327,2.9464874,0.31459053,0.3762848,0.14050677,0.15268842
"2864",0.83657255,0.85382204,0.88251676,0.95589139,1.0096565,2.9140159,0.35659917,0.37746357,0.14409115,0.15167619
"2865",0.88444665,0.91807149,0.88543783,0.97942921,0.99917728,2.2854151,0.27277801,0.38907446,0.14529809,0.1384177
"2866",0.92438737,0.91473634,0.93489367,0.95645023,0.99637017,2.4381359,0.30775117,0.38514119,0.13792918,0.14016987
"2867",0.92203998,0.93747299,0.90347118,0.96771502,1.0159117,2.4863169,0.27409894,0.37363985,0.13500182,0.13946024
"2868",0.99132745,0.95602348,0.96951673,1.0115845,1.0461628,2.3634063,0.27530177,0.34793987,0.12545295,0.14179903
"2869",0.97234075,0.91878856,0.97299433,1.030603,1.0443066,2.4122122,0.30540709,0.37188072,0.1286036,0.14333241
"2870",0.97506208,0.91208618,0.95465567,1.0573164,1.037452,2.3657933,0.32807492,0.35501233,0.13028931,0.14190933
"2871",0.95311238,0.95456074,0.9966277,1.047727,1.0651141,2.3692549,0.29242788,0.37118851,0.12873793,0.14712527
"2872",0.95466685,0.93315433,0.94511988,0.99462398,1.0197606,2.3414337,0.37410499,0.38544799,0.12692548,0.14479351
"2873",0.89882017,0.91777455,0.89437848,0.99065504,1.0079873,2.3453347,0.41071293,0.33550375,0.13115646,0.14516733
"2874",0.8774703,0.84680331,0.93228289,0.92782177,1.0156835,2.1686462,0.45593428,0.29360587,0.13298317,0.14357002
"2875",0.90565544,0.94485647,0.97248223,1.0101584,1.0440549,2.4016868,0.31034013,0.32091435,0.12817223,0.14313412
"2876",0.81993992,0.95219409,0.92835015,0.9670624,0.95912838,2.5443059,0.31752319,0.30898605,0.12460916,0.14171152
"2877",0.85750625,0.89724219,0.90814666,0.9649863,1.0607074,2.7656861,0.36834695,0.37395822,0.12258802,0.14498215
"2878",0.90860018,0.86903749,0.91372247,0.94633561,0.93821797,2.4839918,0.3695146,0.39855467,0.13833785,0.14345652
"2879",0.87234625,0.90175184,0.95583378,0.97424468,1.0498832,2.2430998,0.34133675,0.39730282,0.14455824,0.13892896
"2880",0.87098757,0.96059412,0.94848196,1.0111811,1.0261538,2.5200447,0.34660057,0.39657094,0.13574346,0.13590535
"2881",0.93132329,0.89180966,0.9218403,0.93967166,0.96872455,2.4811857,0.31972837,0.41569139,0.13146716,0.13544228
"2882",0.90594951,0.8590608,0.99433197,0.98101907,0.97113108,2.1600581,0.3092474,0.43571331,0.13316202,0.13266605
"2883",0.92477318,0.86137367,0.98525786,0.98205799,0.98836152,2.1842675,0.30735563,0.43522103,0.13131056,0.1327607
"2884",0.92177331,0.89417977,0.94504694,0.99862365,0.99059623,2.2912063,0.30834354,0.38920517,0.13555695,0.1338584
"2885",0.89118534,0.91741761,0.85593686,0.96324087,1.0068616,2.1843254,0.31182299,0.38112716,0.12889459,0.13084609
"2886",0.8981625,0.92339491,0.95213201,0.96314599,0.98745746,2.2054294,0.27452331,0.42382829,0.12831277,0.13110188
"2887",0.91818126,0.90038504,0.92087249,0.98512561,1.0140815,2.4279663,0.30373673,0.3694493,0.11755536,0.13730393
"2888",0.8178543,0.92159517,0.96080235,0.96597278,0.97659071,2.5192528,0.26142635,0.34218742,0.14313414,0.12639396
"2889",0.86604632,0.93370927,0.96134196,0.93542026,0.96780481,2.5430056,0.26664015,0.34491777,0.1432297,0.1286458
"2890",0.89120383,0.94349007,0.92413024,0.94222818,1.0066965,2.4517198,0.26375504,0.38626608,0.13763534,0.13487621
"2891",0.87413805,0.93806029,1.0003198,0.96384439,1.0186388,2.7569654,0.19123455,0.40398891,0.141344,0.13443579
"2892",0.81869377,0.88569316,0.91157666,0.95467081,0.98149771,2.3575748,0.20932335,0.36467925,0.14535705,0.13099402
"2893",0.81674812,0.9070387,0.95449824,0.91738862,1.0069178,2.3186703,0.19459494,0.38834605,0.14936532,0.13369059
"2894",0.92627709,0.90655932,0.89386074,0.916535,0.95083361,2.1897134,0.25392461,0.354694,0.1512527,0.13773692
"2895",0.77704314,0.82886461,0.843531,0.93276258,0.99320811,2.1450019,0.23528958,0.34574557,0.14924324,0.13044747
"2896",0.91230177,0.9078402,0.94477816,0.95249384,1.0673388,2.3460861,0.24227411,0.31193382,0.13125871,0.14458813
"2897",0.93788253,0.93954457,0.9216956,0.91963658,1.0137997,2.2421758,0.28079878,0.29442152,0.1280135,0.14597712
"2898",0.93754585,0.8889582,0.97265887,0.98152045,0.99536586,2.3608803,0.1968433,0.32879072,0.12608101,0.14909909
"2899",0.91886266,0.92068386,0.94083367,0.95273493,1.0180152,2.2718948,0.28679822,0.35681709,0.12632247,0.14806494
"2900",0.931596,0.89623578,0.92225628,0.96026414,1.0094315,2.1183137,0.26869621,0.36482453,0.12776331,0.14574506
"2901",0.88124226,0.90064447,0.8758585,0.90742343,0.96150295,2.3316913,0.23737223,0.34860776,0.12692719,0.14328325
"2902",0.84285442,0.84721324,0.90388447,0.89797937,0.97812655,2.2286223,0.21797955,0.34408883,0.13074644,0.14711501
"2903",0.91247799,0.89680128,0.91065207,0.98528501,1.0169335,2.3155065,0.22879144,0.35231694,0.12277651,0.15207024
"2904",0.83104539,0.92085965,0.89635514,0.94184601,1.0067166,2.4188959,0.2252276,0.35251182,0.10650602,0.14978132
"2905",0.80523289,0.931276,0.85764013,0.94462845,1.0056373,2.5364717,0.26342322,0.34930067,0.1113484,0.14685236
"2906",0.93091825,0.90281786,0.96864846,1.001831,1.0104709,2.534365,0.22771481,0.42147335,0.10106119,0.14982514
"2907",0.95700727,0.85850509,0.9191064,0.99047535,1.0158403,2.7396276,0.23947231,0.40173644,0.096021258,0.14893197
"2908",0.95148984,0.96092338,0.91008125,0.9423548,1.0007554,2.7299023,0.20879276,0.42360146,0.097165797,0.1486944
"2909",0.86050809,0.89882811,0.95148857,0.9611507,0.9896979,2.8466153,0.23233671,0.38336402,0.10194296,0.14731455
"2910",0.93355081,0.88235355,0.95698737,0.96144564,1.0400629,2.4892134,0.2850439,0.37538494,0.11161243,0.14936602
"2911",0.93692723,0.90358252,0.9709622,0.95786941,0.97791003,2.3958434,0.30566486,0.38398355,0.109666,0.14960381
"2912",0.87050355,0.86371669,0.92451808,0.93357624,0.98398287,2.3468606,0.35581025,0.33793844,0.11707293,0.14533645
"2913",0.91835967,0.94499426,0.96373538,1.0042506,1.0026575,2.2404514,0.38830703,0.34244809,0.12670689,0.15007845
"2914",0.86174741,0.85457598,0.91185142,0.95869553,1.0098971,2.0900845,0.3232633,0.32329507,0.13451874,0.15042631
"2915",0.86809239,0.87433149,0.91776799,0.93082704,0.98431635,2.2335831,0.2883219,0.33640149,0.12936903,0.14775222
"2916",0.77591328,0.86278055,0.85704414,0.93835771,1.0391344,2.4151486,0.26696779,0.33705994,0.1336601,0.14309148
"2917",0.82613329,0.87072393,0.85701891,0.92464172,1.0370246,2.3292562,0.27260218,0.35032851,0.13329112,0.14543255
"2918",0.83470208,0.91628013,0.91448788,0.94293053,0.9797603,2.3745763,0.1820435,0.35379257,0.14018495,0.14189128
"2919",0.8089482,0.90854413,0.90946631,0.95523484,1.0278097,2.3717425,0.19600689,0.35633706,0.14004482,0.14217075
"2920",0.83088881,0.85536099,0.92001818,0.91237419,0.97883956,2.3706791,0.16005642,0.36012848,0.14666854,0.14018442
"2921",0.84356666,0.87573034,0.9201831,0.92120218,0.970879,2.4114245,0.17627327,0.35828608,0.14218265,0.13793884
"2922",0.82713047,0.93027455,0.90809493,0.94404716,0.99793941,2.7122234,0.10902529,0.36678191,0.13902089,0.13716304
"2923",0.88450303,0.86651446,0.9141293,0.95059996,1.0146327,2.5240833,0.24579391,0.29921594,0.13447099,0.12939323
"2924",0.88490194,0.90080552,0.87349667,1.0179763,0.99783375,2.4477552,0.25236136,0.38001093,0.13483752,0.13333775
"2925",0.90040012,0.89458114,0.97381277,0.95603231,1.0020461,2.3223177,0.20237644,0.37361441,0.14276187,0.13322305
"2926",0.83347434,0.89143506,0.9092091,0.92907348,0.95622127,2.450344,0.24359763,0.35546521,0.14039368,0.13917229
"2927",0.89565052,0.86672712,0.92795767,0.94006549,1.0044247,2.2378258,0.24953955,0.36105667,0.14363648,0.14287094
"2928",0.89162175,0.87297137,0.93267245,0.94154913,1.0042966,2.2912419,0.23293411,0.34952888,0.14709643,0.14188858
"2929",0.85235665,0.90636682,0.88067925,0.94468055,0.96152556,2.3129716,0.25858915,0.3594461,0.14484672,0.14307186
"2930",0.81898721,0.87858486,0.91436845,0.92309137,0.92670242,2.1872761,0.13557853,0.39636662,0.15099954,0.1463306
"2931",0.77643553,0.86751585,0.88703177,0.91782303,0.92957749,2.1590487,0.21362067,0.37374468,0.15041518,0.14610059
"2932",0.81569808,0.92703509,0.90572584,0.92896508,0.94428078,2.0610633,0.19922736,0.36581977,0.14718449,0.14707716
"2933",0.83303774,0.92404408,0.88763966,0.93787663,0.98247868,2.1171786,0.23026084,0.36913487,0.15015758,0.1444419
"2934",0.76020549,0.90124668,0.9218597,1.0115821,0.96264638,2.0931258,0.1523745,0.3613111,0.14974752,0.14518688
"2935",0.81597125,0.93101123,0.87638594,0.95607398,0.99679552,2.3343118,0.2322682,0.36839779,0.14875612,0.13846791
"2936",0.78703225,0.86977301,0.93674758,0.97342769,0.98258168,2.4341452,0.30188329,0.36732309,0.14231673,0.1441274
"2937",0.80328992,0.83462555,0.9424767,0.97318096,0.98585671,2.2389441,0.27626444,0.36714352,0.14975045,0.14329591
"2938",0.86531834,0.88465425,0.9044553,1.0014527,1.0106969,2.307469,0.28171976,0.38225926,0.14475344,0.14444662
"2939",0.86690457,0.94212695,0.94488344,0.9850659,0.97035614,2.0679094,0.3141745,0.38420816,0.13677691,0.14815446
"2940",0.84755463,0.92355508,0.93020455,0.94557385,0.96723298,2.1716695,0.31102586,0.39278823,0.13467199,0.14664537
"2941",0.82859244,0.8762073,0.90698228,0.91255367,0.94374953,2.1973149,0.30805858,0.40222471,0.13637352,0.15055526
"2942",0.90569714,0.90012145,0.91696498,0.98193714,1.0949448,2.3396969,0.28520906,0.40033798,0.13810981,0.1456657
"2943",0.89944716,0.91241787,0.92387874,0.9801902,1.0750971,2.2449239,0.26197944,0.41640506,0.136439,0.14708852
"2944",0.86114618,0.9239109,0.9760852,0.97480389,1.0605213,2.2369275,0.25918434,0.41218098,0.13693816,0.14323525
"2945",0.89159336,0.93193481,0.89536139,0.99193709,1.0009393,2.3832618,0.29417965,0.42732008,0.12535955,0.14256326
"2946",0.93153738,0.92099353,0.95229282,0.99583595,1.0444847,2.2779649,0.30510073,0.44065177,0.12741902,0.14275571
"2947",0.92755065,0.97268187,0.91236655,1.0091593,1.0219327,2.2631654,0.26324854,0.47712974,0.12311076,0.14595068
"2948",0.90833206,0.91149826,0.94158019,0.98620686,1.0470902,2.2921452,0.21812365,0.44711961,0.1314456,0.14438589
"2949",0.84036534,0.9067423,0.95893565,0.98912838,1.0091897,2.2254454,0.26183083,0.40776347,0.12602032,0.14044916
"2950",0.82702556,0.91347471,0.85804848,0.96130563,0.98832941,2.4423517,0.30418208,0.40304663,0.12624496,0.13868242
"2951",0.81985904,0.91301364,0.85383547,0.96324854,0.98678092,2.3916231,0.37661094,0.38285471,0.12140732,0.13869629
"2952",0.84866578,0.87063555,0.8543989,0.92415293,0.95606851,2.4132921,0.40051044,0.38407038,0.12019942,0.13646172
"2953",0.91874487,0.88178197,0.90027517,0.92821652,0.94447897,2.3694443,0.31206704,0.354684,0.11275752,0.14358682
"2954",0.92347654,0.92190753,0.88704342,0.97234467,0.99957881,2.238935,0.25846103,0.3819571,0.11625212,0.14109391
"2955",0.96931223,0.85347622,0.96683814,0.94941425,0.97767828,2.2628903,0.27602444,0.39068505,0.10853951,0.14457033
"2956",0.9345224,0.90996653,0.89037373,0.98337223,1.0161405,2.3122141,0.27455173,0.38045465,0.11073423,0.14385035
"2957",0.95224426,0.9281314,0.91287128,0.95547326,1.056008,2.4125969,0.15418374,0.41643267,0.10817898,0.13842193
"2958",0.88174935,0.94295802,0.93269175,0.99152535,1.0103599,2.6033377,0.2208279,0.36876774,0.11866884,0.14044901
"2959",0.89505121,0.93523736,0.92719955,0.98289091,1.0179085,2.7473311,0.22036441,0.35939973,0.11648162,0.14330219
"2960",0.8800216,0.88601152,0.92681719,0.9862018,0.98550304,2.6246181,0.24319535,0.38018711,0.12554454,0.14962103
"2961",0.86671118,0.89259932,0.94542731,0.96659203,1.0568093,2.4850442,0.28051545,0.37143072,0.12297777,0.15532015
"2962",0.8684781,0.94188018,0.91468437,0.92781421,1.0167751,1.7780623,0.2956726,0.30620839,0.12707799,0.15241479
"2963",0.92684489,0.98529161,0.96485202,1.0403259,0.98809704,1.8700765,0.23143376,0.28589145,0.12581233,0.14676595
"2964",0.88377441,0.91192933,0.92194479,0.98746681,1.0222962,2.0198775,0.27892645,0.33813744,0.120652,0.14382746
"2965",0.93772883,0.92292838,0.99240248,0.99436119,1.0725026,2.1626503,0.29599667,0.30026386,0.12601285,0.14433215
"2966",0.94375143,0.93535869,0.88420561,0.9253769,1.066977,2.0354574,0.3132904,0.34766707,0.12195505,0.14429117
"2967",0.96881164,0.92935193,0.95845614,0.92587695,1.0174029,1.967604,0.33759359,0.34821225,0.12096872,0.14848069
"2968",0.85314651,0.97261853,0.91508804,0.95528806,0.97530836,2.2009095,0.39584121,0.37923664,0.12437221,0.15342655
"2969",0.80522618,0.88693357,0.92960371,0.94955814,0.97360308,2.3034821,0.36389754,0.38818828,0.1239055,0.15252226
"2970",0.85409291,0.86469783,0.88517441,0.92788284,0.91942842,2.2941096,0.33431282,0.40650296,0.1219328,0.14726477
"2971",0.88466043,0.92647542,0.92692942,1.0198876,1.0310442,2.2258515,0.28462261,0.45707505,0.13063957,0.14049039
"2972",0.88842679,0.88312848,0.94998126,0.96593033,0.97179144,2.1407431,0.28099875,0.42301263,0.13686592,0.13498007
"2973",0.87844077,0.92178896,0.88867539,0.88723943,0.95544869,2.4249455,0.23426019,0.46414174,0.14282789,0.13908819
"2974",0.91106826,0.8814007,0.89960655,0.90848253,0.98659604,2.3045069,0.16699047,0.48475647,0.15111223,0.14613047
"2975",0.87859339,0.89562181,0.94464552,0.90945211,0.95935541,2.2509732,0.16907789,0.5070985,0.1387137,0.14599024
"2976",0.87767171,0.89718397,0.94376159,0.9243184,0.95388055,2.2518671,0.17283465,0.49279938,0.13704623,0.14669176
"2977",0.91801224,0.90637672,0.97651601,0.95173443,1.0258113,2.0688639,0.16746341,0.54085426,0.1348251,0.14789047
"2978",0.9369711,0.90578674,0.95149984,0.97309608,1.0181785,2.2064173,0.17201348,0.49227122,0.13420866,0.14290598
"2979",0.91883163,0.88883181,0.97147507,1.0033039,1.0284663,2.072613,0.18853745,0.49897098,0.13728155,0.14576612
"2980",0.80565469,0.91064264,0.88128942,0.93960382,0.97065026,2.3210536,0.31520326,0.48160487,0.12834988,0.14697402
"2981",0.89330909,0.88184,0.92115877,0.98587333,1.0134453,2.1403011,0.30031874,0.45717239,0.12913092,0.14296455
"2982",0.89349115,0.94435861,0.86481575,1.0014115,0.97574671,2.7042451,0.32447919,0.4413163,0.13166996,0.14199651
"2983",0.96250918,0.8960273,0.92031193,0.9587057,1.0368264,2.5708506,0.30504126,0.39545228,0.14417194,0.14074296
"2984",0.85641798,0.93421471,0.94890007,1.0194673,0.97899718,2.6302146,0.17134783,0.39847058,0.14533092,0.1420417
"2985",0.88891551,0.90374494,0.92404228,0.94961703,0.98903334,2.432071,0.16424438,0.39203243,0.14954388,0.14676068
"2986",0.80385105,0.89655481,0.91845867,0.97704745,1.0121887,2.0278599,0.20364886,0.38786565,0.1462544,0.14440475
"2987",0.9268773,0.94788742,0.95359802,1.0175205,1.036466,1.8462074,0.15601635,0.36123729,0.1550366,0.14355658
"2988",0.94288698,0.95970848,0.9315154,0.92603238,0.99532858,2.0131194,0.18778436,0.3755982,0.14982083,0.14176888
"2989",0.9591658,0.90687698,0.96247925,0.94316299,1.0165525,2.2493781,0.17108649,0.34676336,0.15100025,0.14342658
"2990",0.9055711,0.92551537,0.91185478,0.92575315,0.96748435,2.2842277,0.14673191,0.40565934,0.13909344,0.1443042
"2991",0.91088256,0.94092944,0.8950718,0.95019601,1.0401434,2.2601714,0.1461269,0.38472632,0.13841385,0.14386108
"2992",0.92231721,0.95375227,0.91286928,0.93250059,1.019206,2.2632122,0.14388611,0.39864661,0.13725019,0.14199473
"2993",0.88239646,0.89504761,0.93612563,1.0100511,0.98314618,2.2742739,0.18333534,0.37863295,0.13123433,0.14136129
"2994",0.87618139,0.9026553,0.92910878,0.89555378,0.98359897,2.2801172,0.13987919,0.36538464,0.12348156,0.14349446
"2995",0.86447154,0.9328149,0.93339502,1.0182932,1.0067378,2.1639911,0.12532057,0.33855917,0.1338393,0.14611529
"2996",0.8536945,0.92236338,0.87856164,0.94608692,0.91890291,2.1643121,0.19223359,0.38885717,0.14031906,0.13929587
"2997",0.92483347,0.93571586,0.99683321,1.0257754,1.1011183,2.6196119,0.22121867,0.45390041,0.16716969,0.14173234
"2998",0.86734656,0.91008875,0.9189811,1.0168288,1.024802,2.5609394,0.20748311,0.44940158,0.15288487,0.13644613
"2999",0.90083155,0.90136498,0.96752368,0.93168256,0.99373352,2.2759637,0.25023114,0.42995746,0.15684911,0.13799429
"3000",0.88005629,0.88916739,0.93046814,0.9452888,1.0101556,2.1273236,0.29744573,0.38616685,0.15717668,0.13570774
"3001",0.88777173,0.89856898,0.96239919,1.009473,1.0094374,2.244761,0.17248706,0.42561541,0.11853875,0.1454673
"3002",0.88008264,0.91119262,0.95373352,0.94095668,0.97036076,2.2397978,0.19386291,0.39542419,0.11515,0.14723616
"3003",0.9127763,0.91649774,0.93710416,0.94120905,1.0561656,2.5474346,0.28823633,0.44669935,0.12208946,0.14719006
"3004",0.89398036,0.95214475,0.86006066,0.95396011,0.97412436,3.2797509,0.24169414,0.42028793,0.11701161,0.14719417
"3005",0.8325099,0.87935134,0.88901784,0.93439027,1.0077344,2.8024375,0.27507308,0.44616267,0.11304708,0.1460013
"3006",0.87757509,0.89959763,0.8761631,0.94245869,0.98814059,2.9036814,0.25262101,0.439106,0.11513469,0.14824481
"3007",0.84053657,0.87906796,0.89546445,0.9312984,0.97334801,2.7334226,0.21605742,0.40475006,0.11520986,0.14615311
"3008",0.93432773,0.87353323,0.92276009,0.97935349,1.0021273,2.5015632,0.18260344,0.40736402,0.10663794,0.14349827
"3009",0.84151839,0.92138541,0.91910648,0.95357433,0.99678082,2.04886,0.12526567,0.34155412,0.10801264,0.13729213
"3010",0.91891611,0.9466171,0.9087999,0.90870863,1.0131602,1.923693,0.17530608,0.34637446,0.094401942,0.14292943
"3011",0.90648554,0.90150165,0.95237417,0.9814989,1.0222684,1.7481162,0.21553748,0.33995928,0.10437912,0.14475125
"3012",0.93819373,0.88994891,0.95016803,0.96106031,1.03129,1.8071571,0.21098998,0.3494314,0.1013708,0.14106423
"3013",0.97988711,0.95498729,0.9280098,0.98946127,0.99751848,1.9368022,0.16965121,0.35539587,0.097713582,0.13991936
"3014",0.93993869,0.9081344,0.93141154,0.93055912,1.103356,2.1000395,0.21682929,0.41301691,0.089196384,0.14386616
"3015",0.88359477,0.91248676,0.95490252,0.94093897,1.0994415,2.2012941,0.24064783,0.41125152,0.090675591,0.14282
"3016",0.94605747,0.92399965,0.9401742,0.95465454,0.98864029,2.0287978,0.17614919,0.40634257,0.10690719,0.14334593
"3017",0.85724726,0.88040681,0.90133496,0.91159375,1.0227966,2.2323141,0.17189635,0.3845461,0.10519901,0.13985545
"3018",0.8602205,0.87194313,0.92529867,0.91340167,0.97893679,2.0887927,0.16474664,0.37834151,0.10503258,0.13996547
"3019",0.91785902,0.94460074,0.87900625,0.96704903,1.0139749,2.2095655,0.097308397,0.36606884,0.1129437,0.13705695
"3020",0.87155766,0.94181968,0.86968959,0.96627706,0.99180703,2.3181748,0.1492291,0.34373316,0.11620737,0.13372092
"3021",0.82872484,0.89599098,0.93157055,0.97608458,0.97254277,2.2961676,0.23479465,0.33484231,0.11434762,0.13976774
"3022",0.79760616,0.89881041,0.91910878,0.99661276,0.97370075,2.2581065,0.22526571,0.33923575,0.11887157,0.14090962
"3023",0.84481384,0.90015426,0.8846345,0.89401854,1.004784,2.191864,0.26146278,0.35761653,0.11332882,0.14211661
"3024",0.86332331,0.90390494,0.93694341,0.94022627,0.98892288,2.2154388,0.25604437,0.34129528,0.11611475,0.14871529
"3025",0.87459146,0.9389251,0.90630871,0.97822163,1.0248345,2.1593539,0.24567651,0.33168787,0.11943742,0.14295783
"3026",0.90321812,0.89848357,0.92308249,0.92926417,1.000924,2.1040627,0.25082733,0.33477472,0.11905095,0.13519318
"3027",0.86156528,0.90766944,0.88444413,0.9595553,0.97925634,2.3033416,0.2542223,0.35607339,0.11476431,0.14229374
"3028",0.90386693,0.90070789,0.96220154,0.94969687,1.0382631,2.5436581,0.26374706,0.37287493,0.12398554,0.14356345
"3029",0.83277099,0.92535301,0.92158921,0.97628475,0.99167951,2.5965995,0.38716872,0.37583895,0.12820594,0.15430307
"3030",0.84745917,0.86528533,0.88092533,0.97449802,0.9941152,2.880228,0.34809088,0.40538972,0.12581663,0.14617108
"3031",0.82509392,0.92957713,0.85672064,0.94488804,0.95876092,2.5922054,0.32817644,0.44326091,0.11261649,0.13989864
"3032",0.86070299,0.86958303,0.88006695,0.95925305,0.95540048,2.5233867,0.33694301,0.46044997,0.11105232,0.14251911
"3033",0.84426416,0.90307295,0.86609822,0.96416926,0.96857052,2.5294392,0.31768265,0.4431413,0.11143154,0.14049568
"3034",0.81066195,0.87798166,0.89447938,0.92594747,0.96819734,2.4408943,0.29858017,0.46239754,0.11788196,0.13639168
"3035",0.84090873,0.93330629,0.86928012,0.96423081,0.97242032,2.3855233,0.28631301,0.41528242,0.12473463,0.14217028
"3036",0.86329132,0.90664879,0.88386639,0.91686976,0.97756454,2.6478547,0.13549821,0.42983715,0.12085046,0.14404241
"3037",0.89441974,0.9021514,0.93738277,0.97602581,0.99463655,2.5596943,0.16274861,0.44996422,0.11464937,0.14634111
"3038",0.85771038,0.9194338,0.89503037,0.95086369,0.99484736,2.6247813,0.13657222,0.43048076,0.12374716,0.14531597
"3039",0.85413948,0.92764064,0.90556625,0.95288479,1.0096028,2.4408151,0.15804257,0.41236052,0.12363178,0.14517272
"3040",0.8737541,0.86828707,0.88417816,0.90430069,0.94511652,2.8265588,0.24584982,0.4049767,0.11476822,0.14883831
"3041",0.90257686,0.88921631,0.90261096,0.99171615,0.98348675,2.8633062,0.20949032,0.43055703,0.11542557,0.14076475
"3042",0.86615665,0.90957273,0.87778481,0.95205857,1.0267495,2.7636846,0.22656726,0.41919848,0.11861289,0.14607639
"3043",0.83036544,0.87418259,0.84757858,0.95697044,0.97561736,2.9392838,0.25775644,0.43254645,0.1133147,0.1403874
"3044",0.83211916,0.8806238,0.87227918,0.95413748,0.98431493,3.0585188,0.23803153,0.41859309,0.10835454,0.14129261
"3045",0.86054067,0.91425833,0.95170116,0.96276904,1.0094052,2.5372357,0.20037923,0.43723988,0.11098428,0.14523684
"3046",0.8640212,0.86626804,0.90645295,0.86817891,0.99194702,2.7394181,0.24257304,0.40768473,0.1267474,0.1536891
"3047",0.85685783,0.87821951,0.89147123,0.89871006,0.99090884,2.6311135,0.22451963,0.41171263,0.12705816,0.15082494
"3048",0.84944199,0.87374479,0.8989024,0.90118001,0.99206924,2.6267086,0.25535174,0.40425981,0.12483819,0.15347244
"3049",0.93492284,0.93364125,0.96713399,0.91300884,0.99139322,2.0237866,0.19101505,0.47080018,0.12784026,0.14477817
"3050",1.0400412,0.92024253,0.96238761,0.9562591,0.99978468,2.0431393,0.2329779,0.4380715,0.12410559,0.14610268
"3051",1.0277643,0.96981242,0.96876594,0.95041,1.0191881,1.8675351,0.28314024,0.42323546,0.12958892,0.14368257
"3052",0.97633289,0.93073383,0.85959476,0.93591441,0.98190146,2.0980743,0.23852616,0.39975448,0.12862577,0.14343671
"3053",0.94235973,0.91572179,0.88657992,0.94803707,1.0118287,2.0086556,0.26099448,0.39288112,0.12706774,0.1448445
"3054",0.9866904,0.90817395,0.93542298,0.95187963,0.96980735,2.2819344,0.2416625,0.3937252,0.12703057,0.14537127
"3055",1.0122784,0.91733458,0.96798645,0.95753528,1.0498596,2.0420905,0.24014357,0.36916205,0.12872385,0.14073346
"3056",0.88355553,0.89577012,0.8779104,0.92020219,1.0185025,2.2109151,0.24613766,0.4016961,0.14024048,0.15095591
"3057",0.91605588,0.91028128,0.90879705,0.9180269,0.98482629,2.2982881,0.28277251,0.40557623,0.13279689,0.15404705
"3058",0.90882677,0.89503737,0.88626124,0.92276804,1.0064317,2.4230355,0.26551199,0.40523727,0.12813309,0.15352772
"3059",0.92225348,0.88286311,0.87197639,0.95369179,1.0038142,2.2305637,0.27913273,0.4162634,0.12986579,0.1552667
"3060",0.88046689,0.89149254,0.95969112,0.94333849,0.93275098,2.1103801,0.35247257,0.36221693,0.13997218,0.14905012
"3061",0.82228058,0.92422058,0.9711235,0.96020653,0.9404812,2.1960567,0.32012919,0.39134649,0.14111922,0.14196882
"3062",0.85344591,0.88322415,0.86904364,0.92920183,1.0389773,2.1536727,0.49048777,0.39044954,0.14204944,0.13566076
"3063",0.82419736,0.8896324,0.9456665,0.93639066,0.97267195,2.1329598,0.43844392,0.34993559,0.14586212,0.12913466
"3064",0.83346867,0.8763087,0.91526827,0.95348961,0.98829238,2.2436774,0.41186437,0.33514617,0.14892861,0.13066723
"3065",0.90990255,0.91236709,0.84721999,0.93706395,1.0119812,2.023594,0.3925581,0.34323028,0.14084352,0.13997954
"3066",0.87672548,0.93624359,0.88303549,0.90750555,0.99678004,2.3464208,0.37282313,0.31611855,0.13428197,0.14069728
"3067",0.80811938,0.90884047,0.89713061,0.9977049,0.96220938,2.196437,0.13941964,0.32062332,0.13475776,0.13264195
"3068",0.85196037,0.92796923,0.86706213,0.9862495,0.99325489,2.256925,0.13376905,0.32916157,0.14194527,0.13450094
"3069",0.82813822,0.92527119,0.87843774,0.99503287,0.99403806,2.1061154,0.11954938,0.35186945,0.14197481,0.13442052
"3070",0.83250675,0.90537146,0.9495612,0.94704921,0.97903508,1.9627059,0.20352357,0.3465507,0.14028049,0.13087014
"3071",0.80250397,0.8768812,0.88611913,0.96878084,0.98722237,2.2190367,0.16137746,0.32428172,0.13652141,0.12861282
"3072",0.88105326,0.85853436,0.88736068,0.91635165,0.98340081,2.3673687,0.15853573,0.29858792,0.13043603,0.13025314
"3073",0.89527421,0.95675729,0.85446011,0.89066184,0.97224873,2.6033368,0.21774941,0.30453555,0.13651795,0.14048563
"3074",0.86533794,0.90894311,0.91055409,0.94732103,0.98754093,2.8700439,0.18418633,0.31990461,0.13426428,0.14185381
"3075",0.8703487,0.8814713,0.85278462,0.92022273,0.97309144,2.772163,0.24830533,0.38620051,0.13206724,0.14321385
"3076",0.90023106,0.87637364,0.88099,0.91489867,0.99001789,2.81648,0.24592748,0.35737052,0.13298401,0.14417799
"3077",0.91207361,0.89884704,0.87402797,0.94476075,1.0074654,2.5920814,0.26058838,0.3821445,0.12494053,0.1430052
"3078",0.91070468,0.82997467,0.86511385,1.0028369,0.98516494,2.4937304,0.20082014,0.3468928,0.13595536,0.13243814
"3079",0.90304726,0.89312543,0.86098411,0.92018377,1.0279482,2.908473,0.23885469,0.3084587,0.13998286,0.13531429
"3080",0.9079654,0.87239415,0.87559297,0.98093396,0.99353829,2.7338448,0.25139614,0.3359651,0.14583241,0.13311074
"3081",0.85400323,0.94023941,0.96271381,0.96581336,1.0039523,2.3378004,0.24459312,0.33743696,0.14731118,0.1353793
"3082",0.91672131,0.92850778,0.94804366,0.98487654,1.0333583,2.1644891,0.17910511,0.35324287,0.14227759,0.12833138
"3083",0.84816611,0.95794849,0.93588211,0.92062525,1.0569333,2.2263738,0.1951711,0.35349502,0.13859409,0.1273476
"3084",0.87390914,0.84880991,0.89849421,0.98787055,0.98949439,2.3026915,0.22636154,0.3173787,0.14646666,0.13336947
"3085",0.85752812,0.91356232,0.89030635,0.92026396,1.0400847,2.1674236,0.31341096,0.31695417,0.14514246,0.13420683
"3086",0.87709065,0.90765033,0.88554745,0.92402937,1.0310997,2.1436907,0.31796877,0.3199388,0.14483276,0.13264768
"3087",0.89409325,0.86521097,0.84736049,0.9444622,1.0052818,2.3749416,0.31510155,0.33292305,0.15045324,0.13224685
"3088",0.93197629,0.91524908,0.902947,0.98602034,1.0164738,2.2775588,0.29015189,0.29856947,0.14943144,0.13707997
"3089",0.94119956,0.8755187,0.92925776,0.95935809,0.95866037,2.1845273,0.24753924,0.24531816,0.15172645,0.13630834
"3090",0.92883456,0.88076056,0.9227469,0.96445304,0.9858697,2.1100291,0.23965489,0.23927245,0.15512835,0.13946308
"3091",0.91898853,0.90676513,0.97243451,1.0022149,1.0284128,2.4687145,0.32398009,0.2173289,0.1340059,0.14211092
"3092",0.89562556,0.92500408,0.97620058,0.966103,0.96749664,2.3445528,0.32467622,0.26388676,0.12649227,0.1442326
"3093",0.90106712,0.92265861,0.96096864,0.89825285,1.0015103,2.1830488,0.32229317,0.2825498,0.11464369,0.13988088
"3094",0.85969321,0.86092826,0.9571012,0.96781034,0.98844984,2.0119757,0.31637543,0.30670064,0.10675581,0.13578636
"3095",0.82470621,0.89656005,0.93725064,0.95864023,0.97791979,2.2246575,0.29216286,0.29616009,0.10414956,0.13692433
"3096",0.89346229,0.91314913,0.91265708,0.95540007,0.98845527,2.300112,0.28447959,0.29037214,0.10782789,0.13485099
"3097",0.7869095,0.87377732,0.9186469,0.90419868,1.0163936,2.1899517,0.2502987,0.3226796,0.10341518,0.12978248
"3098",0.81415957,0.88194233,0.90427948,0.86800632,0.98963956,2.1511096,0.26551005,0.31298701,0.10463286,0.13345734
"3099",0.8355537,0.91113845,0.94926289,0.97411588,0.93204306,2.0609865,0.27997901,0.27892374,0.10397253,0.13391375
"3100",0.84202468,0.90571174,0.90570118,0.89241925,0.95608375,2.1307348,0.25015002,0.31890643,0.1066968,0.13232328
"3101",0.89886428,0.87244077,0.92408543,0.93800652,0.98377747,2.1819314,0.26158845,0.34873793,0.10554646,0.13472729
"3102",0.88640666,0.84552095,0.92746686,0.94105943,0.99333104,2.1459941,0.24095532,0.32095626,0.10125128,0.14263756
"3103",0.83843638,0.90122438,0.94239802,0.99361167,0.97801433,2.382525,0.19798055,0.38144205,0.098252244,0.14903097
"3104",0.81593073,0.93943721,0.91154768,0.96038005,1.0268799,2.3546183,0.25135453,0.40279927,0.10059438,0.14641966
"3105",0.87666221,0.91442041,0.95349574,0.98938554,1.0032675,2.2545872,0.26228544,0.38730477,0.10815574,0.1480071
"3106",0.86002356,0.89406696,0.94500434,0.96010351,1.012959,2.1413987,0.25695496,0.41473168,0.11109167,0.1562921
"3107",0.87590557,0.89825395,0.89870422,0.97022879,1.0158173,2.1131019,0.23441637,0.4602846,0.11269564,0.16110349
"3108",0.76214523,0.9734625,0.94948847,0.93973966,1.0200091,2.1440414,0.2761778,0.44315694,0.097176201,0.15483918
"3109",0.82492961,0.92226817,0.91890326,1.0078022,1.0385172,2.0940066,0.32738306,0.41622357,0.10577237,0.15141192
"3110",0.86071704,0.87813739,0.86897493,0.99505045,0.98904523,2.5339616,0.3210791,0.36973068,0.1132421,0.14492089
"3111",0.90101703,0.94677378,0.90336651,1.0193485,1.0307689,2.585909,0.38949745,0.41530345,0.1221897,0.14602111
"3112",0.89376119,0.92284767,0.93174115,1.0690416,1.0327401,2.4684531,0.30586764,0.38921778,0.12763951,0.14794435
"3113",0.89878354,0.94659509,0.87917688,0.95504107,0.9496412,2.539823,0.37717663,0.39120417,0.13115821,0.14083278
"3114",0.89075173,0.85062858,0.97183864,0.94173177,1.0486227,2.5902488,0.32844227,0.40806917,0.13486407,0.13953286
"3115",0.87219938,0.83439696,0.97716523,0.98063315,1.0459149,2.6293388,0.30558754,0.42643776,0.13106085,0.14057085
"3116",0.82555486,0.86769311,0.92106298,0.95636026,0.95358012,2.385595,0.25198832,0.42741162,0.13525587,0.14099755
"3117",0.84254846,0.87474929,0.92467731,0.96409727,1.0789937,2.3207361,0.26115906,0.43794542,0.14050963,0.14227319
"3118",0.87862028,0.88154875,0.917651,0.95288621,0.96142387,2.3470566,0.31003498,0.42321176,0.13884872,0.1489228
"3119",0.90266272,0.87879308,0.93267789,1.0163883,1.0375328,2.1035498,0.35374057,0.38578166,0.13783605,0.15823718
"3120",0.91171598,0.93723221,0.84207162,1.0558239,1.0524693,2.1447201,0.32002668,0.36627777,0.13578582,0.15462792
"3121",0.9304958,0.93927028,0.8961035,1.078013,0.97836173,1.6847588,0.28311569,0.45176975,0.12683238,0.15572521
"3122",0.90215336,0.91098175,0.94433002,1.0282243,1.0501228,1.9641731,0.27072551,0.42598886,0.12283244,0.15691824
"3123",0.91557702,0.90973536,0.96485659,0.99464354,1.0056032,2.1468351,0.2444987,0.42098795,0.12122892,0.15180102
"3124",0.87480658,0.87523776,0.89159292,1.0376545,1.0030541,2.2302602,0.27982236,0.3842976,0.11601824,0.15269244
"3125",0.86894468,0.90750566,0.88320811,0.95005827,0.94000683,2.3047978,0.24556205,0.3136395,0.12359615,0.15257396
"3126",0.90411356,0.85444544,0.9236938,0.97444406,1.045969,2.3233062,0.24668001,0.38187932,0.12150561,0.15077701
"3127",0.88625152,0.92773923,0.85640024,1.087064,0.96150039,2.1238025,0.30595216,0.39753288,0.1201858,0.14934594
"3128",0.9553433,0.90308692,0.8897995,0.95390624,1.0309045,2.1860545,0.31621284,0.38630199,0.11622488,0.15530939
"3129",0.92225651,0.89521312,0.91287883,0.96411334,0.96440307,2.2782348,0.33415059,0.41212255,0.10829483,0.15231069
"3130",0.97747731,0.92687861,0.91963922,0.90711221,1.0344801,2.0003592,0.27745635,0.3565493,0.10364006,0.15331049
"3131",0.97948144,0.89580702,0.91595613,1.0347452,1.0161128,1.8441681,0.25704235,0.33662369,0.10408441,0.1525463
"3132",0.87807995,0.88442251,0.8618806,0.94799442,1.0028813,1.7997599,0.3474908,0.35718487,0.10019319,0.15142758
"3133",0.90094733,0.89227208,0.92034249,0.96816252,0.99089966,1.9908704,0.34677956,0.32851525,0.10017734,0.14911867
"3134",0.89021301,0.91600793,0.95117051,0.96484404,0.9833372,2.0588631,0.33193235,0.44517534,0.11570581,0.15005089
"3135",0.84501923,0.91846334,0.95053403,0.95359544,0.99650035,2.0150696,0.3717984,0.44146348,0.11870672,0.15332604
"3136",0.89595182,0.91400543,0.9657008,0.98524692,0.99172842,2.2431866,0.31598469,0.42839881,0.12073294,0.15037926
"3137",0.89240732,0.89094188,0.90046773,0.98115475,0.98746192,2.4733985,0.26513302,0.43250583,0.12218423,0.14188135
"3138",0.88186786,0.86616543,0.87562121,0.99743366,0.97926432,2.8930252,0.16924244,0.41494613,0.1230173,0.14876855
"3139",0.88021036,0.8866357,0.90013895,0.96953218,0.97662267,2.7178586,0.18684478,0.41195301,0.12306704,0.14295978
"3140",0.87215607,0.89341162,0.90803199,0.95011891,1.0094971,2.5714506,0.23354717,0.38251214,0.12759936,0.1409515
"3141",0.84532765,0.86629047,0.91444163,0.94469783,1.0187911,2.5404055,0.21641019,0.40281798,0.13063843,0.13468659
"3142",0.89500765,0.90894976,0.93190975,0.91280204,0.99598536,2.6165065,0.20012677,0.42081773,0.13162127,0.14411493
"3143",0.84989195,0.90523532,0.93843778,0.89485988,0.97076077,2.8523901,0.21611095,0.39417679,0.14642845,0.15002972
"3144",0.91956878,0.88476194,0.9478415,0.9211379,1.0261486,2.7559911,0.22516347,0.4198659,0.14244798,0.14806921
"3145",0.91848834,0.92425964,0.96798435,0.92347736,1.0026975,2.5435568,0.27068473,0.39461912,0.14018881,0.14911607
"3146",0.87120915,0.87293776,0.89317299,0.91269098,1.0126345,2.7453158,0.23234138,0.43790009,0.13210397,0.15311656
"3147",0.87436749,0.87931136,0.94493242,0.94485627,1.0122937,2.826457,0.22346185,0.44530667,0.12931228,0.15290466
"3148",0.92344671,0.930323,0.93821542,0.99131009,1.0691607,2.6307475,0.22774384,0.46326255,0.13564577,0.15303667
"3149",0.89944704,0.92390559,0.97630223,0.98252736,1.0527916,2.8171714,0.24598691,0.44093819,0.13157602,0.14260523
"3150",0.89417839,0.92988109,0.97038701,0.98584961,1.0352662,2.8309928,0.22852876,0.43919166,0.13522975,0.14249312
"3151",0.89213764,0.90746319,0.9654724,0.94934055,1.0682748,2.6123963,0.28770257,0.43091632,0.13531584,0.14285909
"3152",0.92528462,0.95536128,0.99845208,0.95953152,1.0223735,2.4376453,0.24693529,0.45888251,0.13134425,0.14362161
"3153",0.94154258,0.96578477,0.96085264,0.96584542,0.99424085,2.4482357,0.2321644,0.45565488,0.12873414,0.14244051
"3154",0.8971765,0.93706622,0.92107677,1.0014766,0.97316767,2.7192283,0.23555391,0.4732562,0.13000851,0.14133205
"3155",0.89469994,0.90171424,0.95262018,0.96638367,1.0308583,2.6551605,0.2140206,0.43202298,0.13492209,0.1415577
"3156",0.85236568,0.92057228,0.9305802,1.0076545,0.99971823,2.4968686,0.25491026,0.42047582,0.13486836,0.13816425
"3157",0.86375623,0.89583353,0.94261059,0.92314638,0.95437612,2.7664631,0.27708841,0.39892889,0.13819038,0.13938984
"3158",0.92144054,0.89303497,0.94479988,0.95973628,0.98732751,2.6055319,0.22477841,0.36718187,0.13209694,0.1433448
"3159",0.8573005,0.85235798,0.9238605,0.90640702,1.0080067,2.7080034,0.31977707,0.39324778,0.13310419,0.14452951
"3160",0.92060715,0.96385328,0.95113196,0.97788079,1.0205276,2.4726279,0.23136238,0.34555228,0.12316024,0.14379972
"3161",0.96099767,0.9363937,0.94989601,1.0038151,0.98611941,2.4068759,0.23730367,0.29336639,0.1188841,0.14286185
"3162",0.97116054,0.9827055,0.97223316,0.98472211,1.0996258,2.3259962,0.34203145,0.28300973,0.11433615,0.13978762
"3163",0.92324358,0.87454517,0.94085558,0.99229352,0.97030237,2.2401285,0.36667279,0.30942456,0.11081427,0.13227579
"3164",0.87687546,0.88890574,0.873484,0.91068094,0.98310958,2.3528182,0.36648074,0.33198957,0.11703001,0.13491489
"3165",0.83343761,0.86683179,0.9259783,0.99616293,0.98912645,2.1428562,0.37051896,0.31432148,0.1251152,0.13473945
"3166",0.88226462,0.88020158,0.91775794,0.96585589,1.00195,1.9725102,0.35534323,0.30221611,0.12820178,0.13277986
"3167",0.87090997,0.93583232,0.99997689,0.96662125,1.0319218,2.1151628,0.30920858,0.35430065,0.13486922,0.13668156
"3168",0.86060867,0.94231272,0.97475538,1.0496674,1.0627378,1.9077267,0.28558784,0.33807215,0.13736096,0.1411838
"3169",0.82519099,0.85911634,0.89199393,0.91703168,0.93315061,2.1163168,0.26452639,0.34568286,0.13025116,0.13967864
"3170",0.9324557,0.96847334,0.9664339,1.0165916,1.0114933,1.8985104,0.34684629,0.35643187,0.13302725,0.14229226
"3171",0.91594187,0.89887509,0.92586667,0.99267737,1.0199587,1.7968029,0.28904921,0.35720413,0.12776216,0.14247935
"3172",0.86854567,0.90615117,0.92546619,0.93144439,1.0111939,2.3770382,0.15621185,0.42425399,0.12958632,0.14174981
"3173",0.88249846,0.90545678,0.93526586,0.95077877,1.0040697,2.8252507,0.19118902,0.37232809,0.1209545,0.1338278
"3174",0.80722346,0.85884184,0.87832408,0.94495915,0.93662459,2.9742002,0.18013875,0.37092352,0.12808911,0.14264144
"3175",0.87794332,0.91975207,0.92175265,0.96823408,1.0532089,2.3764603,0.20153962,0.3938009,0.11455944,0.14523096
"3176",0.85096967,0.90437367,0.91945944,0.9440625,0.98006438,2.4053173,0.14108016,0.42605616,0.10080936,0.14543622
"3177",0.84405604,0.90048423,0.92452304,0.93648879,0.97715193,2.4749134,0.11142397,0.4198478,0.10299901,0.14616924
"3178",0.84740744,0.89913341,0.94650306,0.96594409,1.0270231,2.4044785,0.098240489,0.3888848,0.11209745,0.14875827
"3179",0.84158632,0.88344681,0.93959617,0.96698233,1.0311435,2.2495917,0.11090065,0.36930341,0.11625788,0.14812744
"3180",0.88448584,0.92710766,0.939192,0.96532572,0.96677556,2.2011118,0.1201052,0.38833125,0.10961192,0.14335002
"3181",0.97566786,0.93156902,1.0096006,1.0442685,1.0876494,2.0740682,0.18728837,0.38947414,0.10895435,0.14378635
"3182",0.97291344,0.95089887,0.97363431,0.99177989,1.0640909,2.0318929,0.15982671,0.41104807,0.10488653,0.14535931
"3183",1.0089131,0.93613612,1.0099031,0.96551059,1.0452268,2.0786182,0.23240767,0.35621633,0.10907509,0.14310078
"3184",0.96536526,0.92957346,0.99843218,0.96693809,1.050811,2.1445082,0.21859878,0.36631312,0.11054385,0.14501985
"3185",0.94946673,0.93210061,0.93861332,0.98565079,1.019717,2.5017234,0.17412849,0.38131936,0.10136866,0.14504068
"3186",0.92687806,0.89764448,0.96482076,0.94783875,0.98858283,2.4438191,0.072751714,0.38526949,0.098760259,0.1436392
"3187",0.92720005,0.91591504,0.8979572,0.99612763,1.0394592,2.4809061,0.17966083,0.37743771,0.099668609,0.14186465
"3188",0.88456131,0.85457022,0.85101345,0.88355104,0.94330005,2.6028413,0.090004315,0.33599632,0.097463338,0.14166901
"3189",0.9275513,0.84372245,0.88414849,0.91466764,0.96001386,2.669432,0.13508634,0.34815138,0.097157905,0.14386635
"3190",0.9669187,0.95914709,0.8781552,0.98334076,0.98334748,2.1662558,0.14078647,0.36769515,0.094708046,0.15153481
"3191",0.89149941,0.87586671,0.91783936,0.97917065,1.0120446,2.2691769,0.14202571,0.3573805,0.097050535,0.15976669
"3192",0.89069837,0.88939067,0.91973096,0.98818164,1.0133862,2.2137267,0.17613123,0.36496539,0.095914953,0.16282406
"3193",0.8632133,0.95579687,0.86511364,0.98121311,1.0003449,2.3454469,0.17536103,0.3616943,0.098159453,0.15334464
"3194",0.86904222,0.95897562,0.86441517,0.9810494,1.0036725,2.3553808,0.18646848,0.3684394,0.097679561,0.15552481
"3195",0.87203342,0.87175894,0.8962087,0.90119807,1.0113028,2.0445077,0.19018799,0.35914359,0.097613486,0.15611023
"3196",0.92874932,0.88854443,0.95813519,0.92255845,0.98316241,2.0622559,0.17873021,0.34185341,0.10127547,0.16198643
"3197",0.91670808,0.93954158,0.92757693,1.0230749,1.0538005,2.3299397,0.26253376,0.31431838,0.1008345,0.14876455
"3198",0.8767291,0.9128628,0.98376462,1.0764506,1.0189186,2.2723354,0.16089815,0.30765728,0.11308603,0.14518445
"3199",0.94697776,0.91917089,0.9732547,1.077335,1.0649173,2.3527711,0.17702062,0.28503446,0.11317637,0.14742249
"3200",0.94622334,0.89732417,1.0013863,1.1105828,1.0617971,2.4105841,0.1679659,0.30240199,0.1145475,0.14669612
"3201",0.85104751,0.92881832,0.97603473,0.99480906,1.0153516,2.2847552,0.17945677,0.32276553,0.10739944,0.14414936
"3202",0.9126555,0.91021271,0.97517388,0.98752265,0.98226446,2.4325029,0.19176367,0.30678665,0.10963143,0.1460415
"3203",0.90737859,0.91634714,0.97674954,0.98824874,0.98630048,2.4346463,0.18541617,0.31373958,0.10932189,0.14623141
"3204",0.86766352,0.90424712,0.90494043,1.0150129,1.0275166,2.2421365,0.16970399,0.24501074,0.10571724,0.15125806
"3205",0.86599152,0.91496553,0.92234684,0.90256942,0.97243793,2.3519576,0.18481527,0.22558031,0.10783536,0.15217684
"3206",0.81847341,0.86882039,0.91294225,0.97299989,0.98983538,2.1759697,0.22788417,0.27686809,0.1053022,0.14800588
"3207",0.82275389,0.85499305,0.92414538,0.88921542,0.96323111,2.2386366,0.17798903,0.26713155,0.10819132,0.14734122
"3208",0.80398765,0.86615566,0.94320921,0.87961837,0.92117419,2.419778,0.12403992,0.27121732,0.10753446,0.14943203
"3209",0.88692071,0.92541971,0.97537512,1.0402946,1.0317382,2.2654485,0.16384367,0.25617625,0.10405485,0.15346132
"3210",0.9230341,0.94102162,0.96774188,1.0076179,1.0571624,2.2729986,0.18849215,0.27250193,0.10638197,0.16048484
"3211",0.92008937,0.94045247,0.89082265,0.99965242,1.0093953,2.1333612,0.23820332,0.25973557,0.11504581,0.16022692
"3212",0.85268239,0.83370205,0.88596785,0.94568547,0.96579666,2.172533,0.23153715,0.34856046,0.1175443,0.17289392
"3213",0.89214165,0.94837716,0.93316415,0.92266593,0.99533429,1.9925332,0.28218781,0.31470599,0.11376235,0.16803833
"3214",0.91963461,0.87665435,0.96850181,0.9363196,0.97778984,2.2362925,0.27688124,0.28482628,0.11021568,0.16592001
"3215",0.88697983,0.8836691,0.99663838,0.93384668,0.98335172,2.1529443,0.31658418,0.2997905,0.10688366,0.17111279
"3216",0.84244056,0.91587722,0.949697,1.0003442,1.0245666,1.8701102,0.34944538,0.30435066,0.10972766,0.15908644
"3217",0.95930757,0.8872549,0.98307418,0.99546603,1.0525445,2.2155204,0.36682551,0.24367115,0.1162702,0.15744371
"3218",0.91049213,0.88654808,0.93307504,0.97161397,0.99057032,2.3155186,0.37852292,0.26789616,0.11283349,0.15977408
"3219",0.84449926,0.91341875,0.93297208,0.95156733,0.99714225,2.399482,0.29379639,0.28628255,0.11652114,0.16741091
"3220",0.83536584,0.92707198,0.89980957,0.92673432,0.99945194,2.3016067,0.37770751,0.31705668,0.11808367,0.16893924
"3221",0.85422153,0.92788301,0.89356694,0.92422132,0.98889147,2.4443864,0.40974221,0.31135906,0.1141225,0.16659863
"3222",0.8670966,0.92080091,0.98258642,0.95123993,1.0613897,2.1638263,0.32262446,0.3275819,0.12863045,0.16597842
"3223",0.85636171,0.88003419,0.87970824,0.96065052,0.96366446,1.998612,0.34346927,0.3305376,0.12824237,0.16155893
"3224",0.82727118,0.8825279,0.88938723,0.97790913,0.94748872,2.0566786,0.37005789,0.33154441,0.1262864,0.15998486
"3225",0.93926999,0.8677765,0.96469761,0.96635125,0.99395803,2.0867981,0.33871698,0.34241712,0.1347739,0.15489527
"3226",0.93873526,0.86870325,0.9574975,1.0045778,0.99370959,2.0430428,0.30839305,0.33697786,0.13427818,0.15123215
"3227",0.90626925,0.89159939,0.98132042,1.0033472,0.95186259,2.0974599,0.34430747,0.35051322,0.14107497,0.14932839
"3228",0.9026315,0.87932425,0.9864611,1.0066983,0.94202609,2.1020359,0.34136049,0.34323824,0.13843924,0.14883332
"3229",0.91119735,0.92700331,0.91597126,0.92077852,0.91647098,2.4779221,0.3436294,0.31245706,0.12528764,0.14423971
"3230",0.94181272,0.83530015,0.89367018,0.9830033,0.93801387,2.3891345,0.31749851,0.30981549,0.12986177,0.14518621
"3231",0.85194209,0.95348095,0.9466298,0.98234644,1.0232421,2.4109177,0.28341278,0.35516086,0.14260792,0.13918689
"3232",0.86136255,0.93615632,0.95274685,0.97462198,1.0198919,2.299615,0.24948585,0.35442382,0.14609279,0.13843808
"3233",0.87536443,0.88624149,0.91737735,0.96253309,0.99468425,2.6763262,0.25232917,0.40683181,0.13821294,0.14334756
"3234",0.89375908,0.93190757,0.9219646,1.0093047,1.0347385,2.5668918,0.26327126,0.44918435,0.13570214,0.1476497
"3235",0.91150954,0.90279965,0.91204195,0.9244887,0.96179528,2.1954387,0.29996642,0.44204774,0.13383593,0.15039322
"3236",0.86869534,0.88195453,0.88097269,0.91095545,1.0040603,2.5720631,0.31597573,0.43766503,0.13185331,0.14603117
"3237",0.88582787,0.88817622,0.9012065,0.95278649,0.99513258,2.3604797,0.27777256,0.48781494,0.13262666,0.14937526
"3238",0.90980514,0.87570385,0.94444542,0.96805738,1.0216558,2.469501,0.28875716,0.41598449,0.12867284,0.14989568
"3239",0.8683835,0.95776984,0.93718765,0.98085425,0.98344497,2.482113,0.22726973,0.41461529,0.12876065,0.14993424
"3240",0.88285322,0.94299635,0.95336134,0.97423925,0.98773817,2.4649735,0.23649183,0.42893897,0.12527685,0.15165878
"3241",0.90996362,0.94723631,0.90241045,0.92806705,0.99965337,2.2905785,0.16952231,0.39794011,0.12789892,0.14753262
"3242",0.89161362,0.93570095,0.94782545,0.93988627,1.0227294,2.2500483,0.21169189,0.3938613,0.12492819,0.14673213
"3243",0.95723941,0.91098558,0.94221797,0.95238649,1.0556834,2.2736468,0.1455548,0.34326881,0.12845527,0.1491905
"3244",0.88955684,0.88702262,0.89022504,0.9639897,0.97819209,2.4165347,0.24188803,0.36381397,0.13110792,0.15051709
"3245",0.88332312,0.91288285,0.87357812,0.9099642,1.0042978,1.9865589,0.31919622,0.35798986,0.12989172,0.14440187
"3246",0.86912369,0.84670388,0.86202618,0.86872217,0.98692259,2.2194862,0.31807558,0.37258161,0.12968789,0.15039724
"3247",0.83671177,0.88522778,0.8786017,0.90447332,0.94265603,2.2890563,0.30521067,0.36822731,0.12534776,0.15026731
"3248",0.79636594,0.91490472,0.89363088,0.91890292,0.95194832,2.2991721,0.27859655,0.34957634,0.12524235,0.14828042
"3249",0.82740148,0.89535836,0.91982211,0.89306028,0.9981093,2.2858265,0.25922034,0.33987903,0.1279247,0.14874802
"3250",0.87570268,0.93105844,0.94272461,0.93824706,0.98389739,2.1916837,0.29973938,0.33530493,0.12588753,0.14968658
"3251",0.86951578,0.92814983,0.9467081,1.0039105,1.031249,2.028869,0.28649241,0.43370704,0.12690428,0.14615263
"3252",0.91825621,0.90835728,0.96743271,0.98850904,1.060034,2.1360252,0.29834032,0.43217194,0.1249608,0.14238771
"3253",0.92970174,0.94845773,0.99757244,1.0338597,1.0387454,2.2673644,0.260525,0.44954029,0.12543119,0.14525388
"3254",0.90007061,0.9446013,0.95807041,0.99015683,1.0364131,1.8663668,0.14337796,0.43809153,0.13274639,0.13633276
"3255",0.9482578,0.90254631,0.88517714,0.9563382,0.97602233,2.4479132,0.21104485,0.44999385,0.13326597,0.14172009
"3256",0.90709696,0.91639557,0.90505451,0.98800285,1.0015915,2.3917444,0.20310086,0.45126828,0.13142206,0.14188412
"3257",0.92300931,0.90272102,0.94985104,0.95838438,1.0439324,1.9960166,0.28028278,0.40288121,0.12334633,0.14952694
"3258",0.88855036,0.91287606,0.90141372,0.95583233,0.94461315,2.2508895,0.32823199,0.36186508,0.13113976,0.14950923
"3259",0.95490597,0.94392938,0.96298687,1.0358412,1.0587255,1.9965481,0.26048106,0.33570416,0.11336466,0.1479933
"3260",0.91888035,0.93184532,0.94301396,0.94733735,1.0388373,1.7834102,0.30212308,0.3718033,0.11335806,0.14340578
"3261",0.84637931,0.90961463,0.89500753,0.89147642,0.95701999,2.0665233,0.34874197,0.36265955,0.12469721,0.13740011
"3262",0.8621578,0.90542606,0.90300765,0.94218422,1.0198048,2.0452124,0.3024168,0.3893693,0.12009321,0.13808456
"3263",0.91246338,0.87153098,0.90024433,1.051352,1.0104462,2.2714303,0.30461812,0.38741266,0.11409134,0.14298235
"3264",0.95207459,0.96383835,0.98444508,0.98087914,1.0189216,2.2745757,0.40821089,0.34268815,0.11727322,0.148095
"3265",0.89105329,0.85908379,0.86835725,0.94822351,1.0299162,2.0406532,0.26235706,0.35474071,0.11556005,0.14828462
"3266",0.88350849,0.93287438,0.92106386,0.93970964,0.98998494,2.366535,0.2394495,0.3118777,0.12776002,0.1412564
"3267",0.93021033,0.90895512,0.90514468,0.97174714,1.0138682,2.3021937,0.30002706,0.30698791,0.1258755,0.14331756
"3268",0.96237644,0.92394511,0.92856494,0.98860578,1.0679973,2.1983264,0.31239136,0.32736566,0.12869728,0.14190078
"3269",1.0073459,0.96403832,0.9593023,1.0751415,1.0600715,2.0202446,0.33382394,0.32632827,0.12460106,0.14722631
"3270",0.89811137,0.87556776,0.93430159,0.97964126,1.0095387,2.1716852,0.27959077,0.333647,0.11382299,0.14819629
"3271",0.92396071,0.88841819,0.96849296,0.95592824,1.0173587,2.1040574,0.30781986,0.34925278,0.11572618,0.14892756
"3272",0.86752769,0.90132987,0.9242078,0.93564864,0.96815904,2.3868799,0.32944164,0.35159686,0.12626445,0.15024613
"3273",0.93133523,0.89506478,0.88330803,0.96364382,1.0227989,2.3885641,0.32653701,0.35586669,0.12534038,0.14954183
"3274",0.90244349,0.88867424,0.90937126,0.93052498,1.0128792,2.2160202,0.33028732,0.3762572,0.12850283,0.14776357
"3275",0.91626133,0.9051713,0.92140108,0.92435821,1.0056017,2.4023348,0.32700303,0.34921116,0.12731559,0.14701452
"3276",0.915826,0.88210331,0.89867888,0.94753697,1.0394719,2.2449311,0.336541,0.37858365,0.13160213,0.14798206
"3277",0.95425986,0.93954449,0.91873296,0.98084996,0.9675216,1.9955161,0.33045362,0.33834537,0.12460808,0.14929004
"3278",0.88018213,0.91033643,0.87058207,0.97997807,1.0174195,2.0388236,0.32541999,0.37646041,0.12320749,0.14771155
"3279",0.92683922,0.91152777,0.95363435,0.91030538,0.96051677,2.3741802,0.41754896,0.34583636,0.13402083,0.15340531
"3280",0.90855176,0.95030862,0.96389096,1.0191873,1.0451644,2.2571741,0.27508222,0.29659626,0.13583755,0.14197874
"3281",0.82970963,0.84292077,0.88668779,0.89097201,0.97656121,2.4298508,0.28351223,0.34349877,0.13364515,0.14115077
"3282",0.79291493,0.87780747,0.91932692,0.92316635,0.9623858,2.5856773,0.32856215,0.38498848,0.12773791,0.14865112
"3283",0.82693087,0.8789413,0.90810303,0.91966154,0.9843785,2.319774,0.28304207,0.38937614,0.128658,0.14253739
"3284",0.83869661,0.91214472,0.8602785,0.93352146,0.9888154,2.3610556,0.3259802,0.39057318,0.13091596,0.14206575
"3285",0.82733658,0.80188345,0.9162858,0.97770264,0.97104909,2.3707636,0.23135701,0.39070014,0.12890791,0.14160147
"3286",0.91840014,0.92949079,0.9005775,0.91070596,0.95955871,2.2748284,0.21772385,0.32757889,0.12037094,0.15673862
"3287",0.89581731,0.93702941,0.88906334,0.88720494,0.97850841,2.1501808,0.24730291,0.32015859,0.12303801,0.1559854
"3288",0.83700919,0.91998783,0.89364807,1.0003653,1.0438422,2.4554066,0.27197363,0.24244295,0.11122919,0.16650419
"3289",0.83891315,0.87984625,0.92057114,0.95038742,1.0086257,2.6207518,0.29466761,0.28513425,0.11764952,0.15376512
"3290",0.81231264,0.89905007,0.93076596,0.93439509,0.97804022,2.4668406,0.32887286,0.3011778,0.12802728,0.15581179
"3291",0.8452832,0.87746173,0.87831992,0.93071077,0.97715875,2.4397364,0.31095053,0.29372325,0.12528111,0.15771741
"3292",0.91934772,0.83904891,0.91638933,0.92266155,0.97680318,2.3336173,0.28152656,0.30210777,0.12591144,0.15721445
"3293",0.87869835,0.97407521,0.9181766,0.93578424,1.0225613,2.1053161,0.2378039,0.33385764,0.13062407,0.14875235
"3294",0.89041941,0.86427762,0.93545904,0.97993373,1.0162874,2.168597,0.25635887,0.29485186,0.13872648,0.15265592
"3295",0.9401663,0.95201446,0.95837662,1.0171566,0.99967656,2.1408828,0.26667838,0.31018492,0.13839574,0.15505737
"3296",0.91626697,0.92044441,0.95178432,0.99135959,1.020181,2.2883907,0.25135512,0.28416022,0.13679827,0.15540305
"3297",0.94384632,0.92240125,0.97556219,0.97284006,0.99077136,2.287878,0.23924594,0.29282646,0.13044975,0.15900192
"3298",0.9687743,0.88503266,0.94400296,0.99915659,0.99423543,2.4960628,0.28849393,0.30713116,0.13425505,0.16335992
"3299",0.94345383,0.93666851,1.0237613,0.98149568,1.0480326,2.2927999,0.28137479,0.31835683,0.13397477,0.15554225
"3300",0.92442809,0.90035871,0.92665752,0.95704461,1.0159388,2.2029486,0.2399549,0.33763074,0.12914698,0.15463959
"3301",0.86534144,0.94420213,0.95409303,0.94432782,1.0084579,2.0797504,0.21063352,0.31278968,0.1183254,0.1527166
"3302",0.86893497,0.84672125,0.91807445,0.94345139,1.0105603,2.2099351,0.17825477,0.31600068,0.11626346,0.15137701
"3303",0.99384461,0.91792206,1.0190677,1.0095431,1.0363036,2.3351736,0.17925592,0.27088006,0.10957946,0.15725629
"3304",0.90009445,0.928536,0.93430889,0.97299946,0.99943076,2.4083446,0.10242329,0.2545743,0.11515432,0.14950671
"3305",0.84792316,0.91597129,0.95246227,0.93902599,0.97405872,2.5182665,0.11055046,0.30490548,0.12665934,0.13989097
"3306",0.8637546,0.87188322,0.92313114,0.90830198,0.9378589,2.586391,0.12092967,0.29880773,0.12416535,0.13826925
"3307",0.91504418,0.94261023,0.95571232,0.99790919,0.94115521,2.3262117,0.10481705,0.32218095,0.11609846,0.13015569
"3308",0.85490444,0.85799253,0.93561115,0.96626803,0.99083685,2.3776719,0.14401171,0.37468461,0.11946731,0.13810495
"3309",0.85645904,0.88664803,0.96796975,0.99775623,1.0103715,2.3580058,0.17004083,0.38612362,0.10633291,0.13627622
"3310",0.88840961,0.8566127,0.87008192,0.95572886,0.96196384,2.4088361,0.15662735,0.43557589,0.11384955,0.13900538
"3311",0.8518632,0.86249418,0.84003986,0.89667145,0.95101727,2.4921665,0.20235225,0.43846078,0.11960872,0.14200025
"3312",0.90230892,0.92636652,0.95544635,0.97499072,1.0003737,2.3994677,0.21311099,0.43898355,0.12011915,0.1436368
"3313",0.8561158,0.92179248,0.92786688,0.93221716,0.97215385,2.4831468,0.23115717,0.43934035,0.12164108,0.14292343
"3314",0.84799961,0.88705524,0.95929495,0.9371882,1.0022345,2.5101649,0.24211919,0.45623268,0.12395511,0.14353401
"3315",0.87443306,0.87330327,0.9007724,0.98231876,1.0345114,2.3210499,0.26810225,0.48188186,0.11977906,0.14427184
"3316",0.84770921,0.88643607,0.88878608,0.98976781,0.9838721,2.5632315,0.34199642,0.42411461,0.11226219,0.13953452
"3317",0.90682314,0.86407771,0.89647741,0.98364544,0.93446503,2.5874959,0.36174487,0.43286423,0.10236259,0.14417384
"3318",0.93285397,0.86617639,0.93308732,0.97539955,0.96158548,2.4223769,0.35095901,0.42071278,0.1076538,0.14474511
"3319",0.93039234,0.93031409,0.95726789,0.95764499,1.0225386,2.4072728,0.3719081,0.41827916,0.099825263,0.13867729
"3320",0.95862585,0.93386283,0.98049284,0.91351507,0.99690331,2.3035729,0.38613456,0.41613646,0.10480581,0.13778602
"3321",0.9020955,0.95728649,0.96134735,0.93836511,1.025992,2.4179469,0.34270455,0.34910526,0.11631211,0.14903912
"3322",0.87259941,0.93998041,0.96226937,0.90053539,1.0139698,2.5749297,0.37063678,0.34017908,0.12025969,0.15307046
"3323",0.84655137,0.88500072,0.90329149,0.92713802,0.98996798,2.8058559,0.27402678,0.37803394,0.12537068,0.15076267
"3324",0.85012323,0.87000859,0.94514157,0.9398445,1.004315,2.4955566,0.41991551,0.38946464,0.11352071,0.15886039
"3325",0.79524147,0.89980852,0.90758136,0.91357426,0.99252982,2.3240181,0.34896182,0.41442869,0.12956127,0.16140374
"3326",0.83117,0.89500164,0.9134477,0.95165615,1.0096652,2.0969941,0.3603715,0.39791018,0.13378185,0.15486848
"3327",0.86642629,0.90810126,0.9322107,0.95510908,1.0127687,2.2023104,0.3454794,0.38942398,0.13124311,0.15845914
"3328",0.8312818,0.88903783,0.9224546,0.94183864,0.98058204,2.0150299,0.39648659,0.40231436,0.13822211,0.16724347
"3329",0.8569588,0.90998929,0.93098953,0.95734048,0.96877482,2.044804,0.424821,0.38263874,0.14161535,0.16795025
"3330",0.86697463,0.87791598,0.90442632,0.96581982,0.9691989,2.2076652,0.51334833,0.31050544,0.1466412,0.15761147
"3331",0.82840016,0.89342856,0.89795973,0.97468942,0.99648704,2.2747012,0.49811808,0.30551234,0.14008188,0.15679607
"3332",0.86618218,0.84499829,0.9025402,0.90624961,0.98050482,2.4227907,0.48573624,0.31969506,0.13450725,0.15789176
"3333",0.86525465,0.85962445,0.86673964,0.92939312,0.98273761,2.3019999,0.53012769,0.3310746,0.13269819,0.15476867
"3334",0.90002927,0.95950511,0.96101805,0.97964495,1.0111488,2.4036452,0.37652917,0.27764993,0.13371934,0.1513907
"3335",0.86177852,0.90742008,0.95029556,0.96270904,1.0086016,2.6210608,0.47282999,0.31001978,0.13580829,0.14099966
"3336",0.87929161,0.87640187,0.93090978,0.9412619,0.98294374,2.5685663,0.47931256,0.37167064,0.12652288,0.14258979
"3337",0.88437903,0.87860873,0.92704412,0.94152654,0.98350421,2.5882143,0.48228662,0.37500698,0.12324802,0.14402813
"3338",0.87662516,0.91015053,0.90165056,0.96264436,0.93807141,2.6336411,0.42474464,0.4115726,0.11780845,0.14818641
"3339",0.87648091,0.86966539,0.94545068,0.94524279,0.98524213,2.342448,0.35079032,0.44410781,0.13521756,0.14854256
"3340",0.84443318,0.9307067,0.94260504,0.92925784,1.0331028,2.5420108,0.33213804,0.42622486,0.13537872,0.14920323
"3341",0.84057901,0.9109841,0.9333728,1.0003236,0.96266052,2.396863,0.28013244,0.41602767,0.12303025,0.14285716
"3342",0.84928523,0.89015403,0.88617757,0.93042532,1.0077024,2.0967827,0.25299195,0.41807026,0.11957081,0.13897284
"3343",0.87521263,0.91466075,0.96776846,0.95863663,1.0126301,2.1662165,0.28008309,0.42762087,0.12810823,0.14193918
"3344",0.85065927,0.91870166,0.97916864,0.99152211,1.0532153,2.1187273,0.28347857,0.3948506,0.1283805,0.14271075
"3345",0.87721496,0.88426166,0.89445836,0.99004465,0.9992893,2.4406471,0.29425992,0.37369054,0.12774659,0.13354592
"3346",0.83257803,0.92166681,0.93985881,0.96547608,1.0127728,2.4403046,0.27715211,0.38730667,0.12038533,0.1313865
"3347",0.89319725,0.90399716,0.95103543,1.0047817,1.0086838,2.2345937,0.29144154,0.35831537,0.11409086,0.13086342
"3348",0.87095885,0.93124155,0.96920682,0.98438862,1.0395459,2.3983398,0.22479603,0.3929856,0.11030005,0.13136948
"3349",0.88472576,0.88187864,0.90692131,0.97454947,0.99247131,2.2667204,0.25415831,0.39277012,0.12047358,0.12940697
"3350",0.87855255,0.89317884,0.91353879,0.97460598,1.0003283,2.2216569,0.26129366,0.39456364,0.11922466,0.13034291
"3351",0.85996331,0.89259718,0.88847019,0.95360428,1.0058976,2.4300201,0.21041424,0.39427635,0.1213608,0.13513011
"3352",0.80646928,0.952039,0.93012885,0.97848848,1.0087768,2.5365376,0.2563905,0.36344422,0.12563014,0.13398784
"3353",0.86730229,0.87349346,0.94982783,0.96631591,1.0221052,2.2960866,0.28964142,0.43036636,0.126322,0.13569281
"3354",0.8802272,0.89858301,0.9598633,0.96092641,1.0435827,2.202724,0.28141683,0.44115144,0.12570166,0.13663168
"3355",0.86448437,0.96900927,0.94327119,0.94382195,1.0584939,2.3061699,0.31310807,0.35256266,0.12708388,0.12854646
"3356",0.82281382,0.86877635,0.94962832,0.99082898,0.97910832,2.6461113,0.30657619,0.36267995,0.1190739,0.13306728
"3357",0.82197585,0.87822586,0.8542362,0.89941485,1.0060154,2.1879265,0.34637954,0.39142207,0.11853051,0.12918836
"3358",0.84225104,0.86720145,0.85277633,0.88606513,0.95993582,2.3191727,0.30276778,0.37998233,0.11817959,0.13739761
"3359",0.88370439,0.88574572,0.90150376,0.96679629,1.0165216,2.4350254,0.35768004,0.32591628,0.12559149,0.13963196
"3360",0.85203673,0.88760033,0.896006,0.93880369,0.96956698,2.5298794,0.38197209,0.35900408,0.12285688,0.13786279
"3361",0.90391628,0.86352557,0.88115872,0.89639317,0.97405091,2.6345276,0.35556034,0.36013551,0.11924632,0.13497265
"3362",0.86791557,0.91489362,0.8315488,0.85323199,1.0137986,2.6719967,0.37637613,0.36706184,0.11439314,0.13387047
"3363",0.89008815,0.87479819,0.88037617,0.87661658,0.97047021,2.6526181,0.39752211,0.3763913,0.11901198,0.13468449
"3364",0.84516204,0.87791542,0.84242757,0.87977661,1.0045931,2.6547264,0.35675297,0.39214774,0.12589255,0.1371302
"3365",0.87659408,0.84751702,0.85829349,0.96737966,0.96219171,2.3521438,0.42359085,0.32630345,0.1242988,0.14057006
"3366",0.90312071,0.93026913,0.94451226,0.99183379,1.019468,2.1479244,0.39098365,0.32935506,0.1203898,0.13774944
"3367",0.91978503,0.88772118,0.91798233,0.96851068,0.9838175,2.294645,0.33943896,0.3603237,0.11992636,0.13871433
"3368",0.89789203,0.90905338,0.88523854,1.0276715,1.0136571,2.3267984,0.31050434,0.32458491,0.11865699,0.1391915
"3369",0.86059705,0.93521974,0.95524472,0.98279629,1.0088903,2.4623128,0.23779042,0.3418192,0.12505771,0.14419681
"3370",0.9004748,0.88572193,0.8878765,0.95658451,0.98526543,2.3802807,0.27769063,0.34120366,0.12753718,0.15392137
"3371",0.88503273,0.90451629,0.97405917,0.99508055,1.0375503,2.3693634,0.19411632,0.34530062,0.12301694,0.150874
"3372",0.8233092,0.93827279,0.95061527,0.98200083,0.99970358,2.2565989,0.22630817,0.41149731,0.13389911,0.14939181
"3373",0.88066023,0.90478102,0.9318585,0.95865102,0.99234215,2.5431711,0.25463689,0.40506191,0.13282729,0.15394168
"3374",0.83994881,0.89958981,1.0198862,0.98665248,1.0208806,2.3594364,0.24837175,0.35230125,0.13643836,0.14676618
"3375",0.87973511,0.85297694,0.94889564,0.90122157,1.0479804,2.4802542,0.2597519,0.37030723,0.13353115,0.14786542
"3376",0.86590282,0.92379255,0.9291395,0.99629646,1.0290572,2.7229477,0.32097188,0.39334706,0.13274522,0.14883687
"3377",0.85637652,0.86084106,0.89307267,0.91202098,0.95500583,3.1276595,0.2740443,0.41411232,0.13363952,0.13798046
"3378",0.88212517,0.89877767,0.92462416,1.0034911,1.0223505,2.4545297,0.30697115,0.42240676,0.13555278,0.14141524
"3379",0.86127389,0.91916023,0.95444645,0.93283822,0.95783348,2.3005415,0.24307799,0.44532844,0.13278669,0.14545278
"3380",0.89491438,0.93169446,0.92369542,0.92333289,0.96236397,2.3366727,0.24084752,0.43143506,0.1342707,0.14286333
"3381",0.89492091,0.93581553,0.92648034,0.94799128,0.97433129,2.3572956,0.24158367,0.42381474,0.13221898,0.14486538
"3382",0.89363521,0.85695581,0.89742972,0.96048664,0.9668032,2.5577109,0.11296156,0.4342431,0.13124101,0.13957572
"3383",0.91861138,0.92536612,0.89539528,0.96746044,0.99761932,2.5220815,0.024639246,0.4247354,0.12801485,0.13969552
"3384",0.9133264,0.91283079,0.92728673,0.93541195,1.0116913,2.5287246,0.0089879203,0.44598497,0.13019653,0.14268879
"3385",0.9062011,0.93826654,0.95249751,0.96996448,1.0452088,2.4232937,0.013343398,0.41638737,0.13310844,0.14218577
"3386",0.90802092,0.96626688,0.90793796,0.98185275,1.0611649,2.3533406,-0.033221226,0.39620035,0.13004784,0.14001466
"3387",0.83523966,0.94268858,0.95387495,0.97063551,1.0364009,2.2176016,-0.014296168,0.38786883,0.13027796,0.13953817
"3388",0.8887237,0.9612524,0.92683923,0.94294459,1.0519008,2.1168449,-0.037670117,0.39473106,0.13025969,0.13991904
"3389",0.78613981,0.90868283,0.89604331,0.94828986,1.0265788,1.9870975,0.0082692732,0.43421815,0.12544681,0.1390994
"3390",0.90376952,0.8779746,0.93068291,0.9081977,0.99530149,2.0973004,0.06642225,0.46910736,0.11793283,0.14528423
"3391",0.91033301,0.86465949,0.90354966,0.9733331,1.0068486,2.1184057,0.10141898,0.44813227,0.12292402,0.15003346
"3392",0.88451339,0.93505782,0.94012399,0.9555513,1.0390849,1.9442442,0.19977924,0.44851411,0.12076911,0.14566188
"3393",0.87239917,0.92779094,0.91576755,0.94630958,1.0133455,2.0004396,0.19274395,0.48955727,0.11943987,0.14210876
"3394",0.86239613,0.93941461,0.8928337,0.96552436,0.96468587,2.0446335,0.21005883,0.48830348,0.11960755,0.14236379
"3395",0.87296432,0.90662115,0.94004071,1.0267992,1.0164941,2.1208315,0.29353813,0.48550381,0.1269576,0.13779803
"3396",0.87434622,0.93520707,0.90165488,1.0151171,0.97978413,2.0935446,0.29249505,0.48453192,0.12179026,0.14161142
"3397",0.84817789,0.93166315,0.88988485,0.89159788,0.98848043,2.3790206,0.25753207,0.49062404,0.11826708,0.13532559
"3398",0.90189018,0.88783597,0.924082,0.89575942,0.94878431,2.4451862,0.28354673,0.45661389,0.12153207,0.13158868
"3399",0.91016591,0.88813343,0.88622287,0.96698218,1.0029683,2.4779674,0.32092407,0.42842312,0.1281129,0.13134096
"3400",0.82772924,0.87727059,0.92328772,0.9144546,1.0110474,2.5329476,0.33005342,0.44748144,0.12568025,0.13231276
"3401",0.83750071,0.86158729,0.90554272,0.94626547,0.97081935,2.439052,0.35806064,0.44371915,0.1235108,0.13244453
"3402",0.91541189,0.84003746,0.95338273,0.98638349,1.0319409,2.5480339,0.34614434,0.41246322,0.12977496,0.13934948
"3403",0.89388746,0.91461416,0.88779135,0.92228992,1.0020755,2.5626848,0.33362805,0.41695294,0.11815055,0.14521447
"3404",0.88571455,0.89949296,0.9072095,0.89317206,0.97702296,2.5339803,0.28463532,0.40741744,0.11803229,0.13785009
"3405",0.86002649,0.89509633,0.90051118,0.92650216,0.96562307,2.2453769,0.27432516,0.35362679,0.13637784,0.14102021
"3406",0.87376263,0.87201682,0.88993401,0.91455353,0.98474491,2.3873239,0.31844305,0.36444788,0.13642551,0.14380152
"3407",0.87195935,0.8902628,0.89313049,0.97624976,0.99046241,2.3207141,0.2966698,0.37250806,0.14007468,0.15003063
"3408",0.89234781,0.88092333,0.88277459,0.96320797,1.0338691,2.2657375,0.30803878,0.41040869,0.15399689,0.15468965
"3409",0.8530827,0.90575206,0.92089472,0.97749898,1.0473106,2.1818362,0.32264395,0.41902178,0.14841688,0.15238361
"3410",0.89610633,0.89169129,0.90697559,0.87873624,0.96437706,2.256691,0.23388877,0.40291651,0.14737395,0.15531385
"3411",0.91049739,0.92360923,0.9083068,0.96445778,1.0068466,2.1594474,0.24304677,0.39029092,0.14755299,0.16195986
"3412",0.86005383,0.86143241,0.87334165,0.96635114,0.95750093,2.6820444,0.23836489,0.39978809,0.1372119,0.15110382
"3413",0.77519972,0.88650169,0.98847462,0.9564008,0.99845519,3.0921818,0.23385458,0.39342055,0.14105494,0.15082301
"3414",0.81045171,0.88429132,0.94342995,0.97561641,0.98539355,2.9254272,0.24092132,0.39080058,0.1407232,0.14601472
"3415",0.80490136,0.91205459,0.96677329,0.9687916,0.99123312,3.0576283,0.22509661,0.39150059,0.1403602,0.14483712
"3416",0.91907663,0.91513338,0.9243118,0.96304912,1.0241791,2.8310903,0.18632232,0.39024933,0.13933442,0.14854558
"3417",0.95165873,0.92901798,0.89453925,0.96916748,1.0351855,2.6165061,0.17049666,0.43315648,0.13763975,0.15294749
"3418",0.86202411,0.88435862,0.8564212,0.91220976,0.97557133,2.9683543,0.19328004,0.42680339,0.1437228,0.15071951
"3419",0.89300635,0.86537445,0.92530578,0.94911969,0.99722331,2.8514396,0.19320497,0.43332508,0.14366386,0.15287751
"3420",0.83920435,0.87784943,0.88572766,0.94967384,1.0072665,2.7371117,0.26492355,0.44093684,0.13397246,0.14893397
"3421",0.96586481,0.90911576,0.93183961,1.0104671,1.000548,2.7156413,0.27418498,0.42917031,0.1352501,0.14933871
"3422",0.98186741,0.91881688,0.94536754,0.98273592,1.0031748,2.5098204,0.26370618,0.42735659,0.13755606,0.15001586
"3423",0.92083438,0.92404506,0.96922568,0.94722875,1.0305501,2.7325993,0.23800428,0.43288548,0.14702849,0.1426566
"3424",0.91179676,0.94850078,0.98715449,0.99880204,1.0394574,2.7273029,0.20676385,0.40841895,0.14528911,0.13843021
"3425",0.94720089,0.9635737,0.98722632,0.98991643,1.0842701,2.704278,0.19733184,0.42934901,0.12968556,0.13776813
"3426",0.9629622,0.94807548,0.95963365,1.0149046,1.1131522,2.7503153,0.18670415,0.4394827,0.13038928,0.13794859
"3427",0.98485707,0.94327874,0.96728659,1.0091513,1.0796752,2.7221996,0.24359568,0.44704258,0.13240398,0.13474999
"3428",0.93954377,0.9241685,0.97898886,0.98109721,1.0407277,2.8032587,0.22811576,0.46764317,0.12782491,0.13960791
"3429",0.9179838,0.87775106,0.87040691,0.93981638,1.0184378,2.6472222,0.21628524,0.44679491,0.12908732,0.13699461
"3430",0.88246514,0.86739587,0.89991934,0.93166144,1.0076745,2.6960995,0.22278336,0.45122834,0.12632013,0.13816694
"3431",0.85890049,0.91934282,0.90663292,0.99721189,0.94805837,2.5714822,0.22937378,0.42664666,0.12711985,0.14008961
"3432",0.91284755,0.86614105,0.91389126,0.950817,1.0047709,2.4375882,0.19853396,0.41934548,0.12940511,0.13881412
"3433",0.89525183,0.95650546,0.95958633,1.0268759,1.012771,2.0473848,0.22996391,0.37810793,0.12814991,0.14182386
"3434",0.88318006,0.96695067,0.9624464,1.0154417,1.0302753,2.1999658,0.21431571,0.35487833,0.12920147,0.14257533
"3435",0.87317337,0.87397787,0.84643455,0.93407527,0.99007357,2.4543208,0.28295369,0.44612804,0.12544585,0.1452436
"3436",0.84869059,0.88120305,0.87031196,0.97396751,0.99215661,2.3861163,0.31146124,0.41956457,0.1312526,0.14168348
"3437",0.8291095,0.91687491,0.91165217,0.95952821,1.0049204,2.3170866,0.28134846,0.33320301,0.14132115,0.14956244
"3438",0.90738504,0.90565152,0.94892866,0.96276179,1.0335242,2.2839749,0.28969841,0.31473264,0.1443841,0.15101705
"3439",0.86781565,0.87940998,0.9322801,0.96883439,1.0470612,2.2575018,0.2938691,0.31772299,0.14064609,0.1508103
"3440",0.87488405,0.90740728,0.86307306,1.00752,0.98327298,2.2602994,0.24265927,0.3430935,0.13283975,0.15350446
"3441",0.93786846,0.90558671,0.95745051,0.94159971,0.98653172,2.3121489,0.23986691,0.3080258,0.12632239,0.14975616
"3442",0.95468902,0.94891346,0.94278969,1.0665612,1.0433163,2.0216279,0.37444111,0.33170654,0.11880199,0.1407011
"3443",0.9050453,0.89673003,0.93876784,0.93997901,0.98462017,2.2683542,0.34546629,0.38257671,0.1228202,0.14298454
"3444",0.94255438,0.91862974,0.93799909,1.0183488,1.0430771,1.7454848,0.33714268,0.37268654,0.13043134,0.14488418
"3445",0.86385073,0.86363987,0.9311583,0.90593469,0.9646182,1.5185811,0.31778052,0.36258015,0.12583789,0.14480781
"3446",0.85842429,0.84769066,0.93860004,0.92712222,1.0194289,1.6602895,0.31874144,0.36670926,0.12103326,0.1424766
"3447",0.84758064,0.89660452,0.90195995,0.92249133,0.97753637,1.8239335,0.30686805,0.37199933,0.11572703,0.14205621
"3448",0.8816739,0.85599519,1.0140478,0.98544928,1.022919,1.8646819,0.2863824,0.36446984,0.1101222,0.14548972
"3449",0.89712432,0.87831711,0.99984772,1.0106896,1.0418469,1.8988606,0.30154188,0.37432182,0.10985609,0.14538596
"3450",0.86704495,0.92193298,0.94769612,0.95989202,0.97305054,1.7785489,0.3436521,0.37252267,0.10453339,0.14970181
"3451",0.80315903,0.89908177,0.91680783,0.95435284,0.98784754,1.9098117,0.28523203,0.33229724,0.10948186,0.14880533
"3452",0.8186883,0.84423998,0.88708348,0.9130941,0.97848734,2.4542912,0.3198274,0.30230582,0.10729379,0.14348019
"3453",0.95695579,0.91561366,0.98773607,0.99552033,1.0454167,1.8777452,0.3534917,0.29765589,0.12867244,0.13863349
"3454",0.98435698,0.91605202,0.930443,0.99102554,0.99602643,1.8824245,0.34701079,0.30431539,0.129542,0.14496145
"3455",0.90724616,0.89650733,0.89436906,0.96683985,0.97381617,2.3428512,0.36568429,0.30880725,0.11678747,0.14180884
"3456",0.86889541,0.89829785,0.90875897,0.87296464,0.98954505,2.4948898,0.35605074,0.33303748,0.11687072,0.14160333
"3457",0.90354662,0.88703068,0.84296666,0.91958459,1.0184493,2.282086,0.29926915,0.32149488,0.11319532,0.13590482
"3458",0.87138227,0.91074658,0.90301901,0.95758375,1.0240009,2.1720111,0.30792302,0.34442708,0.1176586,0.1371283
"3459",0.88590561,0.93753094,0.94212084,0.93383397,1.0042488,2.6539062,0.33177903,0.34374772,0.11576037,0.13957427
"3460",0.86957276,0.92240625,1.0147617,0.99133141,0.97778908,2.5510372,0.33996322,0.35576747,0.11253215,0.14337226
"3461",0.89396748,0.93535357,0.97918647,0.96302769,1.0080781,2.503659,0.32143899,0.36169156,0.10950889,0.14552217
"3462",0.91239821,0.93221282,1.0376474,0.9612773,1.0136976,2.4559418,0.34572761,0.34859744,0.1231224,0.14641008
"3463",0.94981417,0.96024976,1.0480305,0.98363588,1.0010089,2.4548837,0.35469764,0.35109544,0.12529054,0.14071751
"3464",0.87456966,0.86242472,0.88313656,0.89115403,1.0000668,2.6781831,0.33573105,0.33204358,0.12026295,0.1402049
"3465",0.83998337,0.89418076,0.88850812,0.95233624,0.96512581,2.5455113,0.28108531,0.33556508,0.11710939,0.14604433
"3466",0.86758993,0.90196491,0.96033605,0.97656604,1.0021752,2.4387272,0.20958951,0.35441896,0.13040917,0.14448847
"3467",0.8821856,0.92498281,0.93050911,0.97736634,1.0102297,2.4195677,0.22136812,0.36067848,0.13398781,0.14650663
"3468",0.93197768,0.91043569,0.89441048,0.92990756,1.0372712,2.2541929,0.19924684,0.36815837,0.13056492,0.15077901
"3469",1.0075833,0.89944737,0.92306268,0.89155805,0.96310615,2.2818352,0.20655694,0.35823784,0.12717969,0.14727081
"3470",0.91676623,0.86940261,0.82997042,0.97505183,0.97205494,2.2376694,0.23663847,0.38133547,0.13019929,0.14381612
"3471",0.91126343,0.89847025,0.90614719,0.96282615,0.98099558,2.323531,0.24095344,0.37143908,0.12822074,0.14083998
"3472",0.86049923,0.89890199,0.87958179,0.9126757,0.93394773,2.3828456,0.28518979,0.37826293,0.12487474,0.1432689
"3473",0.81330748,0.866414,0.91415318,0.94158069,1.0107877,2.1823871,0.23925392,0.38160098,0.1182952,0.14994965
"3474",0.75739577,0.93801251,0.88586736,0.93731095,0.99216427,2.3278446,0.22753616,0.39417429,0.12061222,0.1517267
"3475",0.90478279,0.92911831,0.85235069,0.96258225,0.93926529,2.554686,0.23542822,0.41232548,0.12639686,0.15427976
"3476",0.97024378,0.83553848,0.9281132,0.93240379,0.98448906,2.2469211,0.31120027,0.40600567,0.11751756,0.15463642
"3477",0.95149938,0.88785041,0.92953154,0.95777789,1.0086861,2.4924784,0.28706209,0.37224933,0.12214156,0.15772789
"3478",0.93308295,0.88709787,0.95055459,0.94657506,1.0081819,2.1828767,0.29686104,0.33385528,0.11782878,0.15024637
"3479",0.88681329,0.9211641,0.89730259,0.97392205,0.99478499,2.3648005,0.2747389,0.32345773,0.11833996,0.14885519
"3480",0.91344164,0.96263253,0.88293802,0.95553127,0.99823335,2.254734,0.28759437,0.3440679,0.11576738,0.14970145
"3481",0.93731331,0.91370631,0.90479825,0.99488571,1.0289684,2.2627571,0.27125018,0.37592626,0.11432203,0.15087603
"3482",0.8561003,0.91086874,0.87177517,0.91351363,0.96969814,2.3771304,0.26281435,0.37730006,0.10604458,0.15132407
"3483",0.86698226,0.90340459,0.90983368,0.96909054,1.0239132,2.380659,0.22972111,0.37722256,0.11432136,0.15152632
"3484",0.98099437,0.89768596,0.93870166,0.95682193,0.98333534,2.3206522,0.19446848,0.33375226,0.10906762,0.14846026
"3485",0.83173895,0.87717127,0.9014601,0.95195797,1.0088046,2.3332115,0.20257934,0.33292908,0.11398779,0.14882054
"3486",0.89812017,0.87270316,0.89887503,0.96655202,1.0220668,2.5148455,0.12768103,0.34427842,0.11988976,0.14644914
"3487",0.87073633,0.91836311,0.93581063,0.95569139,0.98428761,2.8592205,0.082017385,0.37080519,0.12704625,0.14642257
"3488",0.85464664,0.91844768,0.95196438,0.97596044,1.0703186,2.4981607,0.11034354,0.41958945,0.13450434,0.1403661
"3489",0.8115031,0.89703464,0.91676337,0.98919826,1.026181,2.4931234,0.085714045,0.39923531,0.13470131,0.14239588
"3490",0.851057,0.85509127,0.89825348,0.9702668,0.96822047,2.703482,0.088477355,0.41093903,0.1328534,0.14598568
"3491",0.8624485,0.84162604,0.85378666,0.96036555,0.95795649,2.9565082,0.081875257,0.40094481,0.13438645,0.14697213
"3492",0.84254176,0.87861831,0.90999606,0.94932091,0.93552442,2.9118966,0.15514814,0.44515904,0.14308048,0.1510136
"3493",0.87561313,0.90003529,0.8962033,0.8600855,0.96280491,2.8671185,0.12588759,0.41751705,0.13768313,0.15155203
"3494",0.85270359,0.90358194,0.86532522,0.93825096,0.97064329,2.3398147,0.18296512,0.39874868,0.15069257,0.14913033
"3495",0.81294787,0.89277664,0.89985955,0.91577711,1.0252467,2.373376,0.22144884,0.39922507,0.14129481,0.14891974
"3496",0.87512463,0.89291779,0.88386199,0.97532208,0.95771735,2.2706403,0.20906441,0.42024826,0.14650988,0.13639457
"3497",0.87129685,0.86026476,0.88126268,0.95790856,0.97139944,2.3813356,0.19742998,0.41756583,0.1455237,0.13622353
"3498",0.92788228,0.94712164,0.91835776,0.95884301,1.0208729,2.1314231,0.17040338,0.42868287,0.15151181,0.13291003
"3499",0.87952302,0.92044572,0.80568899,0.93739933,0.98105396,1.9294478,0.15575562,0.44117555,0.16023303,0.12851781
"3500",0.85712823,0.91815753,0.89978762,0.90969402,1.0189014,2.415465,0.15318913,0.40685216,0.14717174,0.13047092
"3501",0.7876493,0.92853582,0.93061983,0.9634276,1.0496321,2.1988898,0.086903501,0.42470911,0.15242214,0.12731693
"3502",0.91008841,0.88140273,0.91869345,0.98480305,0.93832024,2.3395781,0.13691735,0.37390088,0.14800817,0.13926683
"3503",0.90243098,0.90826291,1.0129318,1.0572383,1.0779231,1.996919,0.13254749,0.3648431,0.13064686,0.13993484
"3504",0.92440249,0.95476657,0.96117148,0.96339737,1.018621,2.22814,0.12879139,0.38180898,0.1327528,0.13414152
"3505",0.83472023,0.86816687,0.95728616,0.95241455,1.0391321,2.2060338,0.16743069,0.40576226,0.13000278,0.13898581
"3506",0.84768493,0.89598041,0.935114,0.91874422,1.0233669,2.2110401,0.17686619,0.40344063,0.13288919,0.13964934
"3507",0.84048078,0.8737577,0.94933251,0.92853741,1.033479,2.3916229,0.14600008,0.42238976,0.13232364,0.14080896
"3508",0.85176651,0.90113888,0.93432697,0.95297998,0.97174216,2.141501,0.14191491,0.39265068,0.13584463,0.13493635
"3509",0.88099183,0.91665838,0.95691075,0.96788697,1.018196,2.466565,0.19688517,0.40779786,0.12988926,0.13498906
"3510",0.8366766,0.9412355,0.94207049,0.95932796,1.0340283,2.3946907,0.17507663,0.43170257,0.13868468,0.13732427
"3511",0.86744901,0.91480688,0.94102756,1.0059953,0.99356052,2.1914285,0.22813143,0.39231784,0.1312942,0.13476846
"3512",0.90120199,0.9138225,0.93348403,0.9898326,0.98006766,2.1076399,0.25165591,0.3947107,0.13151637,0.13713854
"3513",0.8728115,0.88117956,0.92837921,0.98058179,0.96073121,2.7989698,0.17869617,0.42133724,0.12728088,0.13062731
"3514",0.87347728,0.94996451,0.93246281,0.93411678,0.99546088,2.6590605,0.19413114,0.42324959,0.12664735,0.13143904
"3515",0.83294836,0.87564844,0.96494135,0.97174029,1.0086448,2.5052216,0.19023889,0.41533448,0.12924047,0.12937553
"3516",0.83870403,0.90245291,0.99445547,0.99622063,0.97196794,2.4137383,0.17264967,0.42784937,0.12412572,0.13029618
"3517",0.83549712,0.85673419,0.90290375,0.93091105,0.97928809,2.6500314,0.17608384,0.39243947,0.12931693,0.13019606
"3518",0.84175615,0.88705236,0.95532674,0.95128627,0.99201312,2.6560592,0.18215914,0.36465669,0.13002866,0.12990304
"3519",0.90611149,0.94326166,1.0112571,1.0222809,1.0832595,2.3045595,0.16502194,0.39426879,0.1288025,0.13762159
"3520",0.88745808,0.9247753,0.93266394,0.95909671,0.97815163,2.6358615,0.18013107,0.37703061,0.13477901,0.13997091
"3521",0.85895203,0.89038377,0.90286886,0.99234087,1.0453461,2.4489642,0.2284316,0.41414088,0.12568962,0.13470731
"3522",0.86164674,0.90168679,0.97418704,0.99801189,1.0301204,1.7831619,0.18261984,0.43180352,0.13000877,0.13980201
"3523",0.81361231,0.90843221,0.9304359,0.93403784,0.98358784,2.011669,0.11937543,0.36767851,0.12595037,0.13846537
"3524",0.86305763,0.93020664,0.90911393,0.90847143,1.0004989,2.0950183,0.13590186,0.38132422,0.11997862,0.14202764
"3525",0.91631183,0.91597488,0.890546,0.91690849,0.93755637,2.2830058,0.069613549,0.35670728,0.1242035,0.15099463
"3526",0.84177684,0.93079263,0.89601387,0.92302437,1.0204282,2.1909268,0.20687056,0.31951045,0.10964673,0.14942866
"3527",0.89938304,0.8928091,0.90692844,0.94595225,1.0064576,2.3621351,0.16884553,0.31107145,0.11953814,0.15691579
"3528",0.85107932,0.94709173,0.92221107,0.99997166,0.99634356,2.2442314,0.1948222,0.32848708,0.11383802,0.15535952
"3529",0.82308559,0.91490003,0.95075021,0.95373983,1.0211116,2.0744775,0.17173972,0.32422242,0.10540003,0.15502222
"3530",0.86785661,0.87476981,0.93289335,0.89944347,1.0217507,2.2185677,0.18269617,0.32406736,0.10781462,0.15539746
"3531",0.87766859,0.89706266,0.9260444,0.97024072,0.9801725,2.3573251,0.19712356,0.32552769,0.11068665,0.13504962
"3532",0.91055048,0.93527152,0.95796026,0.99440133,1.0251544,2.3660581,0.17762591,0.31186217,0.11993196,0.1316669
"3533",0.89174849,0.91048624,0.92256912,0.97446172,1.0384156,2.7052537,0.15255955,0.39793963,0.12889707,0.13194123
"3534",0.86374832,0.947714,0.94394122,0.9379781,1.0362704,2.7392781,0.1467549,0.34136548,0.13129612,0.13498406
"3535",0.87558822,0.89727114,0.97850379,0.90652686,1.0353546,2.8489885,0.15403187,0.35658299,0.13098183,0.13862345
"3536",1.0030445,0.89112207,0.89542246,0.9893265,1.0028246,2.4383573,0.15850774,0.37723297,0.13496747,0.13396402
"3537",0.86700616,0.90004077,0.98948203,0.94681905,1.0214698,2.2181824,0.15925571,0.42285409,0.13113202,0.14943806
"3538",0.83337445,0.91792134,0.93729109,0.97386768,1.0433747,2.3397126,0.13407656,0.42822966,0.13371364,0.15759775
"3539",0.84049861,0.89851811,0.97808428,0.93853859,1.0420833,2.2999514,0.12081083,0.40563538,0.12634108,0.15763172
"3540",0.86600744,0.90772415,0.88664557,0.9054582,0.9667289,2.333759,0.17713054,0.42622943,0.13273841,0.16073545
"3541",0.89942254,0.90961095,0.94924138,1.0457552,1.0204996,2.2254727,0.18077968,0.40814875,0.1299015,0.16327172
"3542",0.89181779,0.88291823,0.89013681,0.93234309,1.0407193,2.2836501,0.20349452,0.38754744,0.13880853,0.15666136
"3543",0.86564093,0.92141069,0.89590453,0.9408099,1.0095195,2.2410258,0.16358161,0.4359711,0.12531623,0.15767411
"3544",0.83362071,0.87699188,0.85980053,0.92049439,0.94708316,2.5975645,0.36377235,0.46532753,0.13630727,0.14677416
"3545",0.82290596,0.87983364,0.86123262,0.92039718,0.94125522,2.6083391,0.35552664,0.45310496,0.14010827,0.14955908
"3546",0.81894448,0.86399086,0.85674748,0.9066386,0.98708581,2.5260366,0.37782772,0.46736545,0.14022604,0.14491424
"3547",0.8518716,0.89415354,0.896651,0.9314377,0.93775655,2.249942,0.4039395,0.46982644,0.13166583,0.14351144
"3548",0.86017295,0.90204168,0.91843482,0.99630722,1.0315032,2.2406196,0.32823063,0.49576282,0.13202586,0.13675982
"3549",0.87612371,0.91382237,0.9177761,0.99909439,1.0263969,2.391464,0.30974039,0.4941699,0.13178507,0.1378236
"3550",0.78905601,0.87791047,0.86612051,0.91767785,0.95466574,2.9093096,0.3206744,0.50514136,0.12819516,0.14579248
"3551",0.89237941,0.91507775,0.90473799,0.99570188,1.0048874,3.0174389,0.35883654,0.42908256,0.10759571,0.14729386
"3552",0.87278242,0.88861757,0.91554494,0.93719719,1.0055048,3.0635317,0.2845075,0.39707753,0.12120977,0.15061449
"3553",0.84095941,0.92250225,0.95560163,0.94062199,1.0107736,2.9812769,0.24194092,0.40432766,0.11364902,0.14655189
"3554",0.86011014,0.88685813,0.88127392,0.98670432,1.0071773,2.4920963,0.2456043,0.36573595,0.11581732,0.15340364
"3555",0.94116634,0.94254753,0.90846594,0.9890748,1.024628,2.0328827,0.28686259,0.40183501,0.11664394,0.15870787
"3556",0.95965193,0.91902889,0.90367511,0.9576454,0.98705015,2.2637607,0.26362945,0.40049389,0.12144149,0.15029105
"3557",0.90228749,0.93415917,0.98173551,0.94660066,1.0218099,2.4317217,0.25479566,0.38646044,0.1176631,0.15198349
"3558",0.86446902,0.91664235,0.95707008,0.95708696,1.0355899,2.3948174,0.28751643,0.38905817,0.12172063,0.15166284
"3559",0.88929559,0.91139304,0.94508744,0.8980417,0.99589456,2.5480307,0.29354746,0.35821363,0.12392628,0.15050089
"3560",0.92898174,0.90241153,0.89286034,0.94243337,1.0091966,2.0561103,0.24415481,0.43285547,0.12455595,0.14634563
"3561",0.84568425,0.87866056,0.9182616,0.96789531,0.99534091,1.9101838,0.31542513,0.40697429,0.12047312,0.14102194
"3562",0.86649348,0.91598508,0.88125327,0.99362607,1.0052922,1.9204783,0.34883347,0.38014246,0.12129006,0.13972953
"3563",0.92790834,0.94941867,0.91984256,0.97163578,0.9965863,2.0435173,0.34430082,0.372511,0.12404405,0.14154251
"3564",0.87646386,0.88050642,0.91379351,0.90643833,0.96313728,2.5254673,0.28760857,0.37847971,0.10969871,0.1367058
"3565",0.8813535,0.89888847,0.91618443,0.92525581,0.99814863,2.2348084,0.24256971,0.33536585,0.11103068,0.13623376
"3566",0.90064295,0.90550113,0.88496179,0.99346818,1.0220689,2.3865104,0.23880581,0.32335419,0.11029402,0.13636946
"3567",0.89241491,0.88055821,0.88533591,0.99644424,1.0169818,2.3619502,0.22590425,0.32719748,0.11529976,0.13648021
"3568",0.87924726,0.85990801,0.85932254,1.0147549,0.99591613,2.2150023,0.29826203,0.28223327,0.1187604,0.14329312
"3569",0.83806782,0.86043393,0.84158974,0.93936619,0.94381688,2.3256148,0.29882475,0.29323362,0.11344429,0.14143479
"3570",0.82570854,0.96201635,0.93025528,0.92445566,0.99234257,2.4343905,0.35048641,0.29523068,0.1239437,0.14294355
"3571",0.86270667,0.91702501,0.92168211,0.98300249,1.004685,2.5521883,0.35673143,0.33171115,0.12496995,0.14670892
"3572",0.86534674,0.9139905,0.9211083,0.87357252,1.0383362,2.3678161,0.32866319,0.34148148,0.12877781,0.14843193
"3573",0.92248119,0.8750727,0.92617109,0.90256191,1.0200964,2.2686501,0.38202898,0.38622271,0.13671359,0.14198027
"3574",0.88664384,0.8654474,0.90396524,0.87480834,0.98073151,2.2312201,0.38800968,0.35885541,0.1423849,0.14057907
"3575",0.86534051,0.89086906,0.94853546,0.99042537,1.014326,2.6518413,0.4352924,0.36385432,0.12377223,0.13842935
"3576",0.85149378,0.90784623,0.92580114,0.96688363,1.0134576,2.5633744,0.38521833,0.36612642,0.11323903,0.13438836
"3577",0.87674861,0.86028468,0.98629303,0.9930169,0.99476128,2.8043699,0.34138922,0.36016235,0.11165608,0.13257303
"3578",0.87401024,0.90614538,0.85660582,0.90632747,0.9908415,2.7931901,0.38759338,0.37522182,0.118598,0.13854812
"3579",0.86655149,0.89695827,0.91054056,0.94622524,0.95587001,2.7143516,0.36280505,0.36404566,0.1155525,0.13608362
"3580",0.88393261,0.85990632,0.85462515,0.93602757,1.0030743,2.6922355,0.36225056,0.36612503,0.11533202,0.13242092
"3581",0.90785001,0.91302728,0.93146798,0.95894995,1.0275061,2.587365,0.40979835,0.43650018,0.11139768,0.13833774
"3582",0.89016692,0.84963279,0.85228714,0.91088647,0.95246119,2.6777717,0.40306063,0.42364787,0.13234983,0.14213179
"3583",0.92997179,0.96820231,0.93106036,0.9610303,1.0156952,2.3959528,0.4467754,0.37523659,0.1421598,0.13978678
"3584",0.92491813,0.85447399,0.90945762,0.92016516,1.008607,2.4978615,0.45496084,0.32221359,0.14010578,0.14393533
"3585",0.88985596,0.94644794,0.94762283,0.96426735,0.97637286,2.5571592,0.41748074,0.32462781,0.14796893,0.1485265
"3586",0.85153883,0.86679611,0.97598197,0.94649657,0.96693449,2.5157841,0.40400565,0.39453223,0.14548374,0.14584539
"3587",0.8489477,0.86697597,0.97795733,0.94479546,0.96954659,2.5258122,0.40344763,0.39638002,0.14518915,0.14600792
"3588",0.85654065,0.9105968,0.96012105,0.96315991,0.99842808,3.0749607,0.34559578,0.39899571,0.14103729,0.14417907
"3589",0.86825817,0.91539368,0.9732179,0.96716124,1.0020586,3.1317788,0.34100482,0.38814565,0.13950579,0.14469436
"3590",0.85959431,0.89224143,0.96812879,0.98731528,1.0121692,2.7218261,0.27452972,0.41695289,0.13110686,0.13889691
"3591",0.856399,0.91166472,0.93458439,0.89564264,0.98938262,2.5483519,0.28245316,0.42455387,0.13271362,0.13793916
"3592",0.84912669,0.91493979,0.92875297,0.90405193,0.9909437,2.6266851,0.28948338,0.41604981,0.13268978,0.14098872
"3593",0.83204795,0.9673826,0.93210304,0.96704565,0.98010588,2.6931319,0.20950265,0.35981717,0.13626877,0.1403942
"3594",0.83946034,0.95145677,0.87519502,0.95148486,1.0218109,2.8073194,0.18197275,0.34040741,0.13507098,0.1385775
"3595",0.83613385,0.95110093,0.86707464,0.95907552,1.009983,2.8484895,0.19548689,0.34486178,0.13399261,0.14048753
"3596",0.82113986,0.93930893,0.92053298,0.93157155,0.99848142,2.7024773,0.22463932,0.35253504,0.13926666,0.13959664
"3597",0.9082394,0.93632157,0.90778598,0.99004774,1.0171046,2.5025219,0.25023363,0.36229063,0.12957371,0.13958389
"3598",0.84973653,0.86853001,0.90126976,0.96675418,0.96041884,2.5636827,0.36372617,0.37373166,0.11954978,0.13842525
"3599",0.8721093,0.9270656,0.92848058,0.94494252,1.0098323,2.4716451,0.39026866,0.37074118,0.12097317,0.14288732
"3600",0.89367534,0.8780218,0.84963217,0.95061981,1.0098966,2.2743237,0.36743636,0.36174544,0.11777266,0.14279691
"3601",0.88547193,0.86657881,0.85342826,0.96393623,0.97503661,2.3849485,0.35151006,0.39496649,0.11664145,0.14649837
"3602",0.83758384,0.91147208,0.87193162,0.95109729,0.9274609,2.565444,0.30315342,0.40124021,0.11723969,0.14621085
"3603",0.85174999,0.87496254,0.89252407,0.9262673,0.95521067,2.4684054,0.30736343,0.3666664,0.12489086,0.14755799
"3604",0.81380101,0.88272181,0.86732544,0.89505845,0.9578779,2.5476417,0.29551874,0.39594307,0.11560568,0.14751341
"3605",0.83003649,0.88523598,0.86871595,0.88910953,0.9650991,2.5267004,0.29397545,0.38958383,0.12002607,0.14696102
"3606",0.81968433,0.8674517,0.88162601,0.94287356,0.92944578,2.5286907,0.31101653,0.37397102,0.12007423,0.14747702
"3607",0.86155668,0.90907426,0.92112566,0.96538819,1.0002475,2.6750345,0.24738337,0.40540836,0.11355436,0.14385761
"3608",0.90217922,0.91885884,0.94568264,0.94044407,1.0346442,2.389075,0.31544379,0.43114925,0.12034618,0.1429191
"3609",0.93237765,0.90098513,0.89561142,0.9689412,0.99707513,2.2987013,0.33539522,0.44042823,0.11712843,0.14722148
"3610",0.87029889,0.85278381,0.9338919,0.94578966,0.98993341,2.2838648,0.30941892,0.41082655,0.11521447,0.14472518
"3611",0.87346339,0.91594198,0.9468609,1.0188322,1.0041372,2.1846095,0.3251623,0.36473391,0.12583755,0.14998701
"3612",0.85115863,0.95970142,0.89186307,0.935282,1.0260359,2.7126785,0.20865751,0.36011858,0.12705349,0.14477244
"3613",0.90614361,0.89695195,0.94923974,1.0545901,1.0043454,2.6999778,0.26173684,0.37337453,0.129224,0.14193947
"3614",0.91836761,0.94542346,0.94274676,1.0184261,1.0206558,2.6289873,0.23525591,0.35948337,0.12656396,0.14784192
"3615",0.89555445,0.95521994,0.93543158,1.027067,1.001027,2.7318315,0.1920675,0.35107979,0.12829475,0.14872515
"3616",0.92312777,0.89361094,0.92702155,0.99689172,0.97268926,2.5187018,0.30462988,0.35661244,0.12304995,0.1427763
"3617",0.90187764,0.89038947,0.94576751,0.94666889,0.96399252,2.6850834,0.30323519,0.37145938,0.12538863,0.14410661
"3618",0.89952559,0.91304426,0.92528413,0.97263961,0.94456431,2.729858,0.33407855,0.3593082,0.12540552,0.14291124
"3619",0.95040717,0.8875182,0.97405849,0.93650655,1.0319207,2.4296742,0.3125463,0.37184749,0.12568685,0.1434192
"3620",0.89908879,0.93700469,0.94073618,0.97448156,1.0620428,2.2359798,0.17696447,0.34991012,0.13194625,0.14272722
"3621",0.83531287,0.87728194,0.89741071,0.98874266,0.9522039,2.4125403,0.13897557,0.32607768,0.12134944,0.14574417
"3622",0.8248367,0.8557383,0.95062213,0.9314477,0.95617886,2.2021079,0.12808266,0.32532979,0.1231519,0.1451689
"3623",0.83709518,0.84530927,0.89787204,0.96552041,1.0150327,2.352277,0.13563218,0.29671952,0.12082808,0.14789611
"3624",0.84932147,0.87195407,0.96642222,0.94429347,1.0312795,2.2265458,0.12826124,0.31621361,0.11308376,0.14903698
"3625",0.84385376,0.92476255,0.92424872,0.92732299,1.0050508,1.8991385,0.15004609,0.30341398,0.11247777,0.14623449
"3626",0.87045889,0.8753209,0.93762305,0.99669025,1.0123454,2.0575641,0.22199596,0.34719272,0.11050345,0.14700687
"3627",0.85698295,0.87635687,0.958262,0.95499322,0.96839991,2.3605506,0.20297131,0.36067537,0.1052062,0.14482521
"3628",0.83077994,0.88445188,0.94872101,0.9392694,0.97400395,2.1671153,0.23926857,0.37330384,0.10148631,0.14261953
"3629",0.87568269,0.8762674,0.95414927,0.98862569,0.97746185,2.3014625,0.24860551,0.31818559,0.099762723,0.14673922
"3630",0.93712258,0.88986193,0.89404842,0.99548333,1.0083487,2.5276007,0.20276191,0.38655188,0.095810688,0.15202862
"3631",0.88548403,0.92379669,0.89749885,0.98595602,1.0049059,2.4752658,0.20864286,0.41242903,0.091361161,0.15258818
"3632",0.81261683,0.89701593,0.89766873,0.92014705,0.92821353,2.5623466,0.14553616,0.43646871,0.093112803,0.14825295
"3633",0.80743939,0.88714451,0.87383297,0.90538194,0.96221019,2.7582364,0.16416651,0.42979075,0.081723516,0.14337531
"3634",0.87990656,0.8848462,0.91941216,0.97371734,0.96930518,2.9211023,0.16115967,0.45537594,0.078333931,0.13472096
"3635",0.87655823,0.94122986,0.91787655,0.94675977,1.0100834,2.8905891,0.17215184,0.43621664,0.092101946,0.13155033
"3636",0.92745353,0.89841409,0.90646237,0.97772277,1.0347995,2.8242752,0.1784268,0.44370849,0.091158719,0.13639239
"3637",0.90922581,0.91337464,0.92914419,1.0062089,0.98797964,2.5577071,0.098479887,0.44532221,0.091126044,0.1417862
"3638",0.91240457,0.92296419,0.89459032,0.98871853,0.97322892,2.4807002,0.077184549,0.45586262,0.092071947,0.14395092
"3639",0.94344749,0.85128825,0.91376721,1.0137355,0.96084706,2.457791,0.15291419,0.44716954,0.089447307,0.13993671
"3640",0.95034504,0.84882937,0.91599139,1.0168582,0.9635523,2.4456923,0.1530334,0.44209883,0.091825225,0.13980468
"3641",0.94339426,0.9202841,0.90453035,0.94078561,1.0220558,2.557067,0.17231194,0.43172712,0.097863392,0.13611716
"3642",0.85638197,0.88113486,0.8865896,0.90372415,0.97032244,2.4350842,0.22752229,0.40798945,0.11423895,0.13796286
"3643",0.88308965,0.916058,0.98362086,0.94132195,0.99108871,2.279019,0.21055294,0.37864389,0.11560758,0.1429117
"3644",0.86902946,0.92330769,0.91858091,0.91563279,1.0162293,2.4675686,0.24696657,0.37782138,0.1126491,0.14339405
"3645",0.85386538,0.90178202,0.93303659,0.96348935,0.99096373,2.4760783,0.24526723,0.38474037,0.11340119,0.14284543
"3646",0.90486598,0.89622158,0.90627642,0.98986293,0.97229679,2.3867723,0.19188305,0.36330352,0.11893297,0.14148555
"3647",0.87893523,0.88784765,0.90230217,0.94545121,0.96873545,2.5424156,0.14659928,0.37814523,0.12603867,0.14093683
"3648",0.86752728,0.9079088,0.87415086,0.96143124,0.97722665,2.3726767,0.12147649,0.40131265,0.11949467,0.13924277
"3649",0.85667073,0.8874027,0.93307743,0.918902,0.96686411,2.3879014,0.1222914,0.34117179,0.11971028,0.13855202
"3650",0.85680066,0.88256532,0.93674413,0.95958486,1.0171298,2.2935594,0.10486143,0.36103382,0.12259657,0.1413985
"3651",0.85216613,0.85263944,0.90722305,0.95296644,1.0325613,2.3206448,0.092849519,0.31955656,0.12479842,0.14370458
"3652",0.87882971,0.96700848,0.9206503,0.94733485,1.0226959,2.2996816,0.13853848,0.34204721,0.12580031,0.13771257
"3653",0.88817424,0.89435522,0.89159807,0.96340046,1.0052413,2.1997888,0.14343653,0.36454168,0.12358295,0.13981363
"3654",0.92477332,0.89328663,0.91281062,0.89234161,1.0421446,2.337604,0.12539681,0.35981985,0.12353681,0.13743873
"3655",0.92301392,0.98234947,0.88906042,0.99488301,1.0327974,2.3707819,0.15792569,0.37054064,0.1151077,0.14478086
"3656",0.92724457,0.85874409,0.9407612,0.95524922,1.0046864,2.6471406,0.19506835,0.3456867,0.10966157,0.13892584
"3657",0.88444925,0.88404334,0.91559878,0.96904107,1.0564879,2.583198,0.17524409,0.34310155,0.11612701,0.13912018
"3658",0.94498894,0.95622005,0.90466867,0.95155745,0.98076753,2.4627663,0.21513609,0.34963847,0.1266678,0.14279751
"3659",0.93380034,0.95570788,1.0035967,0.96836343,1.0944312,2.1744607,0.16278434,0.33302793,0.12623598,0.13775741
"3660",0.94198184,0.95381596,0.9722857,0.96392193,1.0430495,2.2498191,0.19796486,0.31715138,0.12099919,0.13691549
"3661",0.91952795,0.88432778,0.88771142,1.0234473,1.0058742,2.1858013,0.14835595,0.3743367,0.12135531,0.14289574
"3662",0.91641459,0.84037921,0.90806656,0.9349397,0.95338479,2.2495172,0.20036849,0.37767364,0.11931572,0.14120679
"3663",0.94588039,0.85823631,0.89669681,0.96220303,1.0628347,2.3577993,0.15671827,0.37956327,0.12760941,0.1380814
"3664",0.92766996,0.86310287,0.94068346,0.9299303,1.0276413,2.4031218,0.22384704,0.38119969,0.12784314,0.1401538
"3665",0.88693663,0.88075237,0.87198493,0.94329373,1.0519933,2.3649388,0.19688859,0.37708713,0.1174908,0.13593829
"3666",0.96449569,0.82646665,0.94840618,0.94300048,0.99321689,2.1436016,0.18722518,0.38566258,0.12299253,0.14421817
"3667",0.91888549,0.83931585,0.8939702,0.97658453,1.0209721,2.3491978,0.13476793,0.38016606,0.12144443,0.14321856
"3668",0.87846932,0.98046787,0.94916851,1.0195835,0.98869552,2.0224167,0.13474087,0.36206157,0.1256375,0.1368863
"3669",0.89930218,0.97201133,0.91468004,0.96259628,1.0209881,2.2987429,0.16759635,0.35475037,0.12405306,0.13714031
"3670",0.88499421,0.96520449,0.92103548,1.002924,1.0300824,2.2587773,0.13101314,0.35160102,0.125388,0.13411269
"3671",0.89220643,0.97400779,0.90650877,1.0352697,1.0235207,2.2405757,0.14620952,0.36066963,0.12086608,0.1361062
"3672",0.93139993,0.96068141,0.87069005,1.0243747,1.0286197,2.2007926,0.11502808,0.38693684,0.12798058,0.14515505
"3673",0.9073634,0.9470759,0.88225755,1.0148954,1.0105997,2.1600917,0.10923159,0.37464361,0.12828245,0.14206245
"3674",0.88234378,0.84513359,0.9189023,0.91055215,0.96665991,2.0457022,0.1717379,0.34363714,0.12757592,0.14966103
"3675",0.91202225,0.91506669,0.92963387,1.0079647,1.0279355,1.9574527,0.22168577,0.40010548,0.12193756,0.15072846
"3676",0.91632282,0.90591219,0.86932849,1.0113392,1.0122311,1.6660294,0.17484703,0.41662871,0.11855434,0.15243298
"3677",0.89369926,0.922978,0.92574723,0.98798885,1.0187144,2.036874,0.20737034,0.42045109,0.12408688,0.15513794
"3678",0.83965749,0.90774055,0.91986031,0.94261685,1.0194978,2.0347897,0.24210314,0.44299618,0.12335576,0.15762604
"3679",0.89559399,0.90365631,0.94670229,0.9501471,1.0273796,2.0968644,0.13813743,0.43880989,0.13686836,0.15846194
"3680",0.85886254,0.88076955,0.91693576,0.94284751,0.99793386,2.0352806,0.1770362,0.40662906,0.13089815,0.15511042
"3681",0.88307575,0.89576292,0.89746348,0.92844167,0.99140394,1.8266074,0.21605907,0.40242094,0.12105798,0.14580844
"3682",0.87630808,0.9144577,0.90360531,0.92060915,0.9791986,1.8171897,0.22904691,0.39523158,0.12046885,0.14748833
"3683",0.87833194,0.87772146,0.91007955,0.95328627,1.0153815,1.8463712,0.24810358,0.40449577,0.12405724,0.15336115
"3684",0.91683044,0.93278915,0.97181741,0.91125136,1.0269881,1.7642006,0.20392141,0.40791438,0.11155288,0.15502063
"3685",0.90770175,0.88532237,0.90769878,0.9354387,1.0472061,1.9575237,0.29792137,0.41051597,0.10644707,0.15543186
"3686",0.90507407,0.94188302,0.94366077,1.042932,0.99789413,1.7591726,0.28744498,0.43686503,0.11333688,0.15937977
"3687",0.91583506,0.93360103,0.88705441,0.96637219,0.95859168,2.0550381,0.28191031,0.41468972,0.11349745,0.15878584
"3688",0.83249515,0.88201258,0.8856563,0.96009486,0.9973518,2.3133134,0.33219872,0.40564772,0.11837691,0.15987501
"3689",0.85453693,0.87649602,0.8902915,0.97957358,0.95610894,2.296432,0.29698295,0.40078857,0.11158411,0.16345222
"3690",0.85848943,0.88595101,0.90731399,0.98350854,1.0191951,2.12142,0.23866768,0.39391716,0.1089519,0.14864843
"3691",0.84577998,0.89678154,0.93030066,0.99708584,0.99698014,1.972177,0.27693162,0.39716238,0.10907524,0.1527148
"3692",0.81521712,0.9164645,0.95918776,0.99334628,1.0152855,2.1725068,0.27179244,0.38244892,0.10816372,0.14969717
"3693",0.84583272,0.93398935,0.93741165,1.0079316,1.0081488,2.0531995,0.30673481,0.37267367,0.10778797,0.15501727
"3694",0.81934067,0.92572241,0.94540251,1.0290007,1.0071919,2.1968362,0.35865379,0.36894168,0.10623164,0.15154486
"3695",0.85704206,0.88665323,0.93483529,0.93627371,0.99981158,2.3796356,0.25922745,0.41316626,0.10055119,0.14709517
"3696",0.88541826,0.87613657,0.94842096,0.95022575,0.9849189,2.257513,0.26757476,0.40607225,0.10241554,0.1415972
"3697",0.82973055,0.90097521,0.91281088,0.95348978,1.0199727,2.1432416,0.35731399,0.41031618,0.10208135,0.14464599
"3698",0.81932127,0.88369378,0.88896649,0.95250052,0.94470261,2.1712477,0.32592136,0.4051827,0.098646664,0.14500632
"3699",0.93323863,0.93052434,0.9471317,0.92934241,1.0603482,1.9513636,0.21764528,0.42008961,0.094268128,0.15620796
"3700",0.95096198,0.95512511,0.95826877,0.99040494,1.083444,1.9689674,0.25598506,0.39364349,0.09360931,0.15189402
"3701",0.836838,0.91189269,0.95198041,0.96204213,0.98006075,2.1684853,0.30170167,0.40190508,0.095664976,0.15525165
"3702",0.94137781,0.91557668,0.90864378,0.95574759,0.99306652,2.2517522,0.29666582,0.39232312,0.10448338,0.15159131
"3703",0.84235455,0.87325325,0.9707435,0.96347319,0.97411973,2.4589999,0.22302622,0.4441378,0.093839279,0.15466381
"3704",0.89338331,0.91710523,0.9062476,1.0108358,1.0200305,2.4549328,0.18973464,0.48168579,0.095662537,0.1625678
"3705",0.85540502,0.85165699,0.91249536,0.89383192,0.97954328,2.5022575,0.2098276,0.4463584,0.094128137,0.1463735
"3706",0.7630172,0.88592511,0.85794446,0.93975009,0.93749171,2.720833,0.18596834,0.46543744,0.094608858,0.14504345
"3707",0.84460116,0.82087212,0.87693197,0.91805087,0.95858309,2.5544497,0.21464416,0.4362314,0.091509449,0.1483204
"3708",0.85754843,0.93779331,0.92407902,0.92947574,0.98196058,2.3209672,0.1814087,0.42846763,0.095018305,0.14524848
"3709",0.84900179,0.83511149,0.94278054,0.95735979,1.0106843,2.3002963,0.20702763,0.44378944,0.10843065,0.13927482
"3710",0.86385982,0.88582896,0.92161236,0.98312566,0.98339176,2.3333068,0.23315392,0.42251325,0.11383451,0.1377131
"3711",0.92484797,0.9189978,0.96375591,1.0244566,1.0058591,2.3534397,0.21987983,0.41553037,0.11598785,0.14407604
"3712",0.86345734,0.83915304,0.87317295,0.93001056,0.98800828,2.5598917,0.25092741,0.41726018,0.12477921,0.14293398
"3713",0.84614293,0.86966181,0.87108144,0.91121226,1.023131,2.4649351,0.29222622,0.447799,0.12443814,0.14125763
"3714",0.89687712,0.8710786,0.96567198,0.96924966,1.0006064,2.2820868,0.2543559,0.42885692,0.1193557,0.13768556
"3715",0.88130517,0.89893116,0.88413216,0.96416063,1.0055251,2.6023375,0.2130166,0.43618311,0.11535198,0.13538203
"3716",0.91638468,0.93043712,0.97876796,0.94301539,0.99951329,2.5881311,0.2375049,0.41706535,0.1208624,0.13823572
"3717",0.92851189,0.91793319,0.97202179,0.93712433,0.98215135,2.6154749,0.21947462,0.44310822,0.11697364,0.1396277
"3718",0.88792643,0.94112985,0.9125237,0.94925515,1.0142643,2.460363,0.26796626,0.42724882,0.1132537,0.13204841
"3719",0.89443985,0.93333634,0.90022449,0.96784291,0.96144529,2.3178144,0.30566725,0.43159292,0.11548024,0.13227966
"3720",0.88479384,0.90877515,0.91986173,0.9733716,1.0189929,2.6302282,0.26374032,0.50085409,0.11882941,0.12919499
"3721",0.9364237,0.90258704,0.95200529,1.0085473,1.0113367,2.6415142,0.22170039,0.47264606,0.11238474,0.12931629
"3722",0.93527629,0.91774015,0.89479368,1.0087909,1.0092254,2.6338763,0.25296413,0.48740651,0.11383722,0.12505581
"3723",0.95449219,0.89334653,0.93529221,0.96929528,1.0034475,2.6715594,0.2183054,0.46664881,0.11223985,0.11713414
"3724",0.96943724,0.94925266,0.89056821,0.96996576,0.99144176,2.4039242,0.19624084,0.49764229,0.10588765,0.11431249
"3725",0.90470395,0.88080495,0.91661145,0.93614289,1.0174686,2.4235808,0.21975992,0.47484194,0.10558729,0.12201229
"3726",0.9095003,0.92116116,0.89693133,0.97000871,1.0017068,2.1157527,0.29417779,0.44540692,0.10349655,0.13072503
"3727",0.92851729,0.82849159,0.85092196,0.99202904,0.97709363,2.5433798,0.29224054,0.48723156,0.11533379,0.12836935
"3728",0.93197521,0.83597127,0.9146539,0.95287874,0.98437136,2.5947619,0.29517892,0.52149258,0.11791255,0.12865157
"3729",0.9293018,0.85705991,0.86727136,0.97387009,0.99118222,2.6202802,0.27217391,0.49823006,0.12250882,0.12629131
"3730",0.87554926,0.86124263,0.90439914,0.98074484,0.99528549,2.5762655,0.35572351,0.45504701,0.12357204,0.12982035
"3731",0.82796522,0.96243712,0.92831037,0.99222763,1.0011386,2.7891044,0.32765952,0.49222036,0.1242516,0.13723769
"3732",0.87728254,0.89170695,0.91063106,0.98963914,0.9641011,3.0188582,0.3201273,0.53867303,0.13347838,0.1330141
"3733",0.86659563,0.90161083,0.90478809,0.95864921,1.0110388,2.9151718,0.26090007,0.54651338,0.13071177,0.14100873
"3734",0.86282593,0.87403693,0.89217723,1.0015825,0.97860751,3.295771,0.29115217,0.54127034,0.13250625,0.14454048
"3735",0.84189914,0.87905353,0.89254757,0.97940946,0.99535078,3.3853051,0.34230072,0.5311408,0.12798524,0.14505276
"3736",0.94707534,0.87704288,0.95068219,1.0129734,1.0462821,3.2946255,0.36976307,0.52395854,0.11965097,0.14901678
"3737",0.95641028,0.88840945,0.93224395,1.0471658,1.041696,3.1751318,0.35863919,0.50246762,0.1157658,0.14917735
"3738",0.91986332,0.87234585,0.9033596,0.95606162,0.96972101,3.1069912,0.3610823,0.52011041,0.12266288,0.14079202
"3739",0.97756505,0.9133261,0.92877341,0.9584934,1.045469,3.0441802,0.26827108,0.44106175,0.12666286,0.14561163
"3740",0.94971662,0.91037178,0.90244607,0.96825405,1.0442784,3.0155495,0.31638946,0.44923604,0.12665551,0.14632638
"3741",0.96571832,0.92689379,0.8821182,0.9939703,1.0488696,2.9700149,0.28967893,0.45291169,0.13444908,0.1394727
"3742",0.94011732,0.94128346,0.90429327,1.0406914,0.94937338,3.1254072,0.16716859,0.45311772,0.13506205,0.13877484
"3743",0.86982161,0.91494336,0.90927816,0.93636967,1.0031667,2.9806788,0.11958008,0.46021517,0.14180667,0.1420274
"3744",0.8943223,0.92401125,0.93625122,0.97465353,0.98477874,2.9127167,0.18872497,0.43649766,0.14021439,0.1486798
"3745",0.88643585,0.92715012,0.93529249,0.96745643,0.98047465,2.9028833,0.19476023,0.42671244,0.13863446,0.1468809
"3746",0.85506628,0.97608446,0.92977015,0.98892639,1.0289988,2.7124415,0.18007511,0.41595712,0.13557903,0.14931106
"3747",0.89269256,0.94114025,0.99431898,0.99535657,1.0519353,2.8695204,0.25555883,0.39558739,0.14134818,0.15005242
"3748",0.89670343,0.90009835,0.91485994,0.92217468,0.98474128,2.9503559,0.26882354,0.37627994,0.14314089,0.15151047
"3749",0.89501345,0.90002019,0.92929209,0.92152382,0.97866336,2.8328689,0.27892277,0.36401934,0.14641638,0.14980499
"3750",0.90254408,0.89480587,0.92646283,0.9215227,0.98126262,2.8949841,0.29742193,0.35684384,0.14511985,0.14903797
"3751",0.90259667,0.85901387,0.87650715,0.92734486,0.98954297,2.6584544,0.23007153,0.37024981,0.14471536,0.14797262
"3752",0.86837219,0.92228224,0.92589265,0.88773495,0.96977336,2.3957575,0.30052044,0.36423716,0.15406731,0.1470066
"3753",0.91781912,0.91104576,0.91869223,0.95939573,0.97630418,2.3098535,0.3132074,0.38170957,0.15378263,0.1473194
"3754",0.9150692,0.89210808,0.95268611,0.99096909,1.0382949,2.4050197,0.35944417,0.36602924,0.13855774,0.14539274
"3755",0.88661482,0.86793841,0.91408189,0.95231602,0.96960762,2.2839849,0.41068124,0.38893201,0.13300174,0.14186648
"3756",0.90120481,0.91165624,0.90577318,0.98544705,1.0143769,2.4735562,0.4050018,0.38619217,0.13035011,0.14269913
"3757",0.84062439,0.9596831,0.96856803,0.99829491,1.0425563,2.16165,0.41930059,0.38639617,0.12261236,0.14452978
"3758",0.88929546,0.92539278,0.91723326,0.98463346,1.0288958,2.2570231,0.3680452,0.40509519,0.11881128,0.14327916
"3759",0.8941538,0.93197201,0.93145579,1.0162122,1.0247879,2.2166916,0.3926428,0.40998686,0.11720947,0.14536992
"3760",0.83750167,0.91324716,0.90368642,0.94211994,1.0352507,2.2102412,0.39757181,0.40092955,0.1212799,0.14581886
"3761",0.85471731,0.95718519,0.96709052,0.95885641,1.0117116,2.3761388,0.30541873,0.48050181,0.14529956,0.13642742
"3762",0.85504605,0.936443,0.93618105,0.99063277,1.0034955,2.3742295,0.35401646,0.49182655,0.15138445,0.14028682
"3763",0.85451527,0.92141818,0.94048676,1.0113253,1.002803,2.3650058,0.31295839,0.52512568,0.14618105,0.13728585
"3764",0.91794903,0.90132158,0.95202888,0.9558411,1.0298043,2.3404652,0.43753467,0.51976391,0.15009457,0.13666311
"3765",0.92275061,0.93386978,0.96075825,1.0186725,0.99278366,2.3063477,0.31049271,0.49449701,0.13823809,0.1323565
"3766",0.84658451,0.86742102,0.88259385,0.91162093,0.99481279,2.5274934,0.11396267,0.33525845,0.10215634,0.15533022
"3767",0.94685024,0.94504453,0.91886443,0.90142828,1.0144155,2.4387772,0.073763659,0.34408841,0.10348579,0.15583125
"3768",0.87788753,0.89326888,0.95125201,0.95590157,0.98134712,2.2271022,0.037800552,0.3673814,0.11009025,0.15258912
"3769",0.8601315,0.93974669,0.91743848,0.94354447,0.9775801,2.4513946,-0.021009694,0.39337391,0.10594555,0.14977018
"3770",0.81347837,0.86310379,0.91339575,0.90192576,0.96206273,2.3065615,0.021222815,0.42423821,0.10907596,0.1518656
"3771",0.90651572,0.92947364,0.84653313,0.99360213,1.0121419,2.3742352,0.14902649,0.41612294,0.11181378,0.14746915
"3772",0.85917746,0.88231496,0.88127608,0.96879148,1.0131198,2.4341143,0.16185289,0.38097526,0.10794379,0.15417376
"3773",0.86229885,0.92644757,0.89024376,0.95627417,0.99407609,2.29049,0.12352537,0.41164177,0.10491851,0.15252772
"3774",0.83899961,0.87770946,0.93622077,0.96264234,1.0296481,2.2476684,0.12487781,0.35242675,0.098299901,0.16074929
"3775",0.91571309,0.93526765,0.96965166,0.99030044,0.99764007,2.3111224,0.10539197,0.38723289,0.084752001,0.16110578
"3776",0.92371237,0.8787962,0.96813094,0.93866687,1.0168787,2.3530534,0.071651317,0.37973107,0.090353695,0.16415943
"3777",0.87701101,0.93473343,0.9341759,1.0097003,1.0111451,2.5737616,0.15202662,0.33831704,0.091920216,0.16304874
"3778",0.88986746,0.92100854,0.90036845,1.0032446,0.99265797,2.5670607,0.14521839,0.32858715,0.098453216,0.15621032
"3779",0.96318978,0.94171519,0.97442546,0.98235757,1.0293886,2.252624,0.066217781,0.36673326,0.11220167,0.14511504
"3780",0.95631287,0.91198283,0.95808206,0.97364158,1.0794084,2.2332088,0.043543683,0.37698317,0.11249253,0.14587543
"3781",0.94122014,0.90937291,0.92134266,0.97643781,0.96421444,2.0533264,0.099683441,0.38093704,0.10367971,0.14803092
"3782",0.93915423,0.90658305,0.92098891,0.97352716,0.96201871,2.0414531,0.10285456,0.38052288,0.10396104,0.14848073
"3783",0.95068626,0.91014331,0.97160159,0.93252936,0.98368541,2.5504244,0.15998,0.38769989,0.10228119,0.15440252
"3784",0.97321792,0.94111779,0.9503263,0.97599101,0.99753067,2.3633731,0.17664193,0.42021687,0.10200045,0.15185578
"3785",1.0288415,0.88522456,0.89546728,0.93932418,0.98799609,2.4146614,0.25693373,0.41540716,0.10030703,0.15106483
"3786",0.92233625,0.91911262,0.90264156,0.95004801,1.010557,2.7997789,0.24055239,0.43620363,0.092901848,0.1520777
"3787",0.90198073,0.91872385,0.88033175,0.94026351,0.99948176,2.7933864,0.26930043,0.42229843,0.091845092,0.15262512
"3788",0.9683573,0.90361886,0.92751728,1.0212525,1.0022389,2.5149036,0.1991284,0.47772868,0.10841036,0.15635926
"3789",0.87882566,0.87898173,0.90684471,0.96655402,0.95694086,2.3159881,0.10389511,0.51757482,0.11741658,0.14365502
"3790",0.882829,0.89085915,0.89675925,0.9602151,0.99552625,2.4439508,0.17141043,0.52706401,0.11514221,0.14432494
"3791",0.8677244,0.91171216,0.94475625,0.97778666,1.0086007,2.3180434,0.080086692,0.51623319,0.11188087,0.14443476
"3792",0.86231229,0.92667884,0.96280702,0.95525793,1.0167554,2.383039,0.046659134,0.50619409,0.11430152,0.14277796
"3793",0.85139676,0.92487611,0.95716362,0.95558256,1.0191557,2.4552299,0.062219442,0.50556007,0.11266063,0.14288139
"3794",0.86755675,0.89832225,0.94131776,0.93530166,1.0002939,2.4290692,0.086616749,0.46482084,0.11770588,0.14758976
"3795",0.86096346,0.88136178,0.90340588,0.94048204,0.99905603,2.517308,0.10624227,0.49572987,0.11626156,0.15085998
"3796",0.87039333,0.88324673,0.90205678,0.94073032,0.9942367,2.537144,0.090854904,0.49626171,0.1158913,0.15091804
"3797",0.90348056,0.90341913,0.94135635,0.96269798,1.0162931,2.5501151,0.089639907,0.46422009,0.11619376,0.14714938
"3798",0.9162916,0.86332456,0.92944614,0.97806366,0.94109422,2.3733133,0.11029228,0.50932152,0.12052392,0.14707207
"3799",0.82270235,0.87879324,0.86611906,0.92979001,1.0099018,2.4088432,0.13070455,0.49173622,0.12733718,0.14318204
"3800",0.82646016,0.89989982,0.94742646,0.95659141,0.94660431,2.3946763,0.1311155,0.49187305,0.13697976,0.14225251
"3801",0.83366111,0.88271155,0.91532736,0.93493015,0.97630788,2.3201146,0.085555194,0.46370197,0.13330724,0.1454483
"3802",0.8664168,0.89603772,0.89966222,0.95877971,1.0064736,2.2565803,0.16607405,0.48121155,0.13897868,0.14474655
"3803",0.91102124,0.95509731,0.95317295,1.0047603,0.96596614,2.5929229,0.2683424,0.4581698,0.14668724,0.15161348
"3804",0.82938754,0.86293661,0.87252407,0.8932948,0.95508968,2.7162972,0.2391929,0.44727692,0.13807705,0.15260116
"3805",0.8167031,0.8621326,0.84997015,0.90030568,0.97343727,2.7978777,0.25819435,0.41653678,0.14418981,0.15333054
"3806",0.81284171,0.88553408,0.91792621,0.97272286,0.93799174,2.6211993,0.22659265,0.44793888,0.14718563,0.1566878
"3807",0.82954012,0.90203376,0.85714769,0.94446796,1.0178544,2.3591586,0.27687497,0.43063017,0.14013591,0.15576863
"3808",0.82785412,0.86720659,0.89761298,0.93300784,0.95266789,2.5890308,0.25947306,0.39312118,0.14101656,0.16107625
"3809",0.85417759,0.92590504,0.89103254,0.93703821,1.0012623,2.4126199,0.31310808,0.3695512,0.14132866,0.15632193
"3810",0.90705849,0.91206835,0.93676715,0.9910684,1.0043433,2.4380193,0.32356118,0.35424847,0.13608376,0.15652638
"3811",0.86902741,0.8750584,0.89651983,0.91636967,1.0129003,2.3107854,0.31859115,0.35247755,0.14379069,0.15329785
"3812",0.86445901,0.89271542,0.87532298,0.92828527,0.96709893,2.0696248,0.19598418,0.40325519,0.12881794,0.15382798
"3813",0.86351674,0.93466418,0.91246535,1.0021903,1.010533,2.0192775,0.20042503,0.38162099,0.13195761,0.1566372
"3814",0.89723591,0.89987496,0.93809915,0.9974612,0.9902888,1.9205304,0.16980239,0.38040876,0.12855155,0.15501414
"3815",0.86001473,0.9219356,0.90139059,0.99739918,1.0283997,1.8125974,0.16508921,0.38260621,0.12981358,0.15245664
"3816",0.85388149,0.889175,0.89725236,0.98828431,0.98070504,1.9650343,0.20887518,0.41329567,0.12940129,0.1593653
"3817",0.85849914,0.91704423,0.869966,0.93495075,1.0160413,2.172715,0.22830486,0.3985932,0.13521212,0.1617573
"3818",0.8053868,0.92504914,0.86563897,0.96492967,1.0228705,2.0237105,0.23208495,0.4155057,0.13140797,0.16225467
"3819",0.80759383,0.93279842,0.86503582,0.96056702,1.0379177,2.1319671,0.2088109,0.40865608,0.13167083,0.16556011
"3820",0.88778741,0.8888732,0.94681832,0.96788635,0.98633855,2.1123618,0.20289759,0.3894619,0.11964839,0.15743367
"3821",0.90100371,0.9064729,0.96956532,0.94595013,1.0256751,2.1268576,0.072643281,0.4083784,0.11813438,0.14530701
"3822",0.97379394,0.91478469,0.96896725,1.010067,1.0017249,1.9175334,0.13277363,0.38829887,0.1219052,0.14612591
"3823",0.88974165,0.90025375,0.89880286,1.0150502,0.98567586,2.1630164,0.15897242,0.40729891,0.12606505,0.14936073
"3824",0.88872921,0.87747138,0.94094058,0.97590151,1.0138793,2.1626485,0.11824521,0.41210213,0.13055517,0.14887695
"3825",0.88911964,0.84611923,0.88390896,0.97003626,0.99538944,2.305005,0.20303678,0.43462207,0.12959009,0.14747555
"3826",0.91877825,0.92714796,0.9229443,0.99560245,1.0003683,1.8248713,0.14675608,0.45163864,0.12947477,0.14671651
"3827",0.9333038,0.85107838,0.94999295,0.99208245,0.95154442,2.0725146,0.11240228,0.44227849,0.12894197,0.14898502
"3828",0.9335728,0.90800575,0.88697129,0.97160769,1.0104366,1.9898912,0.091050297,0.4207727,0.12474519,0.14811502
"3829",0.87210028,0.93082425,0.90373704,0.97804628,1.0335658,1.8788293,0.079516759,0.40289301,0.12498187,0.14598952
"3830",0.90709382,0.93421547,0.92560701,0.99562345,1.0172517,1.9617015,0.099817213,0.41027261,0.12290077,0.14464838
"3831",0.94282259,0.92477617,0.91609938,0.99901107,1.0316836,2.135146,0.070910973,0.38047564,0.11793503,0.14913471
"3832",0.8869173,0.91758775,0.93887756,0.96122158,0.92079216,2.2396638,0.081475577,0.36841302,0.1284092,0.15787078
"3833",0.88009598,0.9308139,0.94409171,0.96362251,0.93018228,2.2017234,0.13787158,0.36936768,0.12742867,0.15931166
"3834",0.88971889,0.92329998,0.91129843,0.9118447,0.99351748,2.0246411,0.097032494,0.37252446,0.13484296,0.16328014
"3835",0.92867892,0.89478151,0.91985623,1.0013897,1.023516,1.9955933,0.24269394,0.38153731,0.12804574,0.16538272
"3836",0.87118905,0.9077328,0.97662643,1.062502,1.0233007,1.7935033,0.21407618,0.37682324,0.12686918,0.16083379
"3837",0.91692579,0.93299618,0.92928354,1.0364512,1.028631,1.9728888,0.15185994,0.38316432,0.12315881,0.17093927
"3838",0.92213697,0.91207533,0.99589834,0.99311473,0.99929678,2.1876629,0.21934912,0.39388357,0.12561367,0.17701365
"3839",0.84481398,0.88791507,0.84930218,0.93691489,0.99885358,2.2397027,0.18783483,0.40156704,0.13301788,0.1771911
"3840",0.91333935,0.93010498,1.0358891,1.0403554,1.0359409,1.9395717,0.21183569,0.37027817,0.12266944,0.17350581
"3841",0.91213523,0.92722974,1.0050667,1.0959713,1.0202806,1.8965328,0.21029102,0.39168643,0.12729804,0.17765285
"3842",0.8823257,0.93487539,0.95658163,1.0014227,1.0293689,2.0884613,0.25273277,0.40812668,0.12956232,0.17268374
"3843",0.8573818,0.91156797,0.85576108,0.90322788,0.96814797,2.3143337,0.12902158,0.39769484,0.10884754,0.1714047
"3844",0.86117577,0.90011063,0.93864564,0.95317778,1.031945,2.287916,0.14631495,0.34351109,0.1180905,0.18212531
"3845",0.85721339,0.85730524,0.90071864,0.93144415,1.0045397,2.349949,0.15045348,0.37771082,0.12093896,0.1752047
"3846",0.8893598,0.90695769,0.94410974,0.99780171,1.0038296,2.1973182,0.19817885,0.43526165,0.11070494,0.16190982
"3847",0.89300782,0.87538071,0.94568801,0.92948082,0.98627806,2.2674404,0.23179566,0.45166189,0.11396031,0.16437277
"3848",0.88738211,0.91121399,0.90427638,0.96240407,1.009817,2.4796134,0.1079593,0.39016118,0.10921326,0.1641954
"3849",0.88159567,0.87437577,0.90432058,0.93062246,0.99301321,2.1305653,0.094525821,0.37478459,0.11098536,0.16093706
"3850",0.88974921,0.84908586,0.89800947,0.97883119,0.96381827,2.2264559,0.057983227,0.35733076,0.10838138,0.16379616
"3851",0.8638064,0.89604709,0.88538509,0.91144197,0.99617086,2.3990677,0.033370285,0.35127656,0.11173113,0.16307435
"3852",0.84487926,0.87211984,0.91500086,0.95808297,0.96100265,2.5128779,0.10327366,0.34614818,0.11355805,0.16023174
"3853",0.84161097,0.89352912,0.96156271,0.89470702,1.0032116,2.6125589,0.10189125,0.35710294,0.11647683,0.15620559
"3854",0.85430454,0.88578386,0.92985366,0.96412828,0.99052319,2.5974675,0.14546535,0.34592792,0.11891829,0.1579032
"3855",0.85471521,0.88379262,0.87260885,0.93641149,0.93480851,2.8496803,0.18678936,0.31652117,0.11903269,0.1540913
"3856",0.85287362,0.88304087,0.87403727,0.93476081,0.93418681,2.8433773,0.19226198,0.31406748,0.11702487,0.15386019
"3857",0.8465024,0.87222559,0.92895086,0.98209066,1.0124298,3.0878388,0.21902003,0.33815697,0.10841328,0.14937786
"3858",0.85520296,0.88125484,0.9124778,0.98346465,0.97972332,2.8399715,0.26766447,0.326118,0.108473,0.15065982
"3859",0.88350962,0.86114692,0.88050565,0.96111303,1.0044579,2.8522497,0.28473122,0.35914274,0.11664536,0.14811306
"3860",0.91254641,0.9326879,0.92992554,1.0041675,0.97609598,2.3957519,0.30648424,0.32515278,0.10617015,0.15353525
"3861",0.912406,0.89341728,0.91053782,0.98919342,1.0120211,2.5887994,0.26113668,0.34742445,0.10461244,0.1425972
"3862",0.91133879,0.88890091,0.90622919,0.97285494,1.0002389,2.5497142,0.22163634,0.35435305,0.10581723,0.14491453
"3863",0.94481739,0.91333225,0.92045567,1.0309574,1.0145682,2.5655392,0.23083471,0.34196016,0.11042978,0.14094116
"3864",0.92970168,0.89281235,0.93585275,1.0132479,1.0406714,2.4588594,0.24326364,0.35031884,0.11350152,0.14011331
"3865",0.94160781,0.88714046,0.93888652,1.0156085,1.0450308,2.4320728,0.23356321,0.34469746,0.11339327,0.13821579
"3866",0.92825059,0.88725395,0.94070276,0.99446913,1.0154844,2.4147901,0.2442166,0.3511099,0.1062487,0.135724
"3867",0.91089171,0.87618962,0.96525246,0.9496848,0.9554493,2.6287554,0.27120938,0.31288715,0.10650977,0.13780066
"3868",0.8816875,0.86599717,0.95304084,0.93775254,0.94495941,2.5909694,0.26530966,0.30780498,0.10456009,0.13815961
"3869",0.884076,0.85883723,0.91957693,0.9391128,0.95562339,2.6708865,0.23318128,0.30623184,0.10271928,0.14116571
"3870",0.85967983,0.89694452,0.90723618,0.9295263,1.0160648,2.9334647,0.24231978,0.29731636,0.10868108,0.13651752
"3871",0.84018951,0.87969495,0.90677348,0.91889309,0.9576599,2.7531037,0.26226369,0.28297135,0.11678614,0.13885902
"3872",0.89310119,0.91345496,0.91957587,0.99435852,0.96514272,2.7743817,0.30964553,0.33702042,0.11896642,0.14127846
"3873",0.95220857,0.93271935,0.9272794,0.92843019,0.99345944,2.8740529,0.33847487,0.30711606,0.12313715,0.13543885
"3874",0.9048765,0.90694896,0.91148452,0.98008595,1.0124417,3.01189,0.31674843,0.33344163,0.12657796,0.13459575
"3875",0.9047993,0.92072581,0.89373466,0.95046531,0.96909515,3.1378794,0.29980254,0.30173532,0.12696326,0.13558532
"3876",0.9060811,0.90492784,0.92417709,0.96925864,0.98563213,2.8927816,0.31756206,0.34037925,0.11573571,0.13274057
"3877",0.93573465,0.92969074,0.90582793,0.91291206,1.0133708,2.9895094,0.4072435,0.33146899,0.10779191,0.13727279
"3878",0.87267844,0.92113921,0.91145641,0.96648714,1.05819,2.8484068,0.32718644,0.28912039,0.11497708,0.1377799
"3879",0.87536414,0.91324204,0.9485168,0.9293806,1.0079996,2.6240307,0.29691654,0.31967737,0.10411947,0.14347915
"3880",0.94319544,0.92628329,0.90360754,0.9244284,0.99481384,2.3911432,0.27698515,0.31600296,0.10934208,0.13902813
"3881",0.89327408,0.9169838,0.9616335,0.88885888,0.9546656,2.4191069,0.22580921,0.32383971,0.11158199,0.14490202
"3882",0.91766599,0.86593384,0.91685355,1.0006898,1.0397206,2.3932308,0.26617094,0.29363311,0.12090974,0.14226322
"3883",0.92230486,0.85744499,0.90181794,0.97289414,1.0326494,2.4400225,0.24000861,0.28202965,0.11788419,0.13983845
"3884",0.9238456,0.87355642,0.88228695,0.98562213,1.0158662,2.4664723,0.23388232,0.28378506,0.11817111,0.14097557
"3885",0.91534991,0.8411785,0.89262296,0.93374471,1.0478257,2.4504474,0.23617695,0.28083013,0.12238366,0.14009815
"3886",0.83824698,0.90752766,0.92734282,0.88318442,0.96583999,2.3587913,0.31137705,0.28690144,0.12641866,0.13641458
"3887",0.82578119,0.86791819,0.89703901,0.90848597,1.0045497,2.2765697,0.3944842,0.24208051,0.1207178,0.13732378
"3888",0.81167661,0.89053105,0.84993418,0.86169443,0.98822228,2.2914271,0.42597099,0.2791989,0.11955269,0.14167963
"3889",0.8670459,0.91463049,0.91015054,0.96370109,0.96188992,2.4030626,0.43497546,0.29852827,0.12273412,0.14182824
"3890",0.87769176,0.84943943,0.92978332,0.96284238,0.99690262,2.4490309,0.32116363,0.28967995,0.1109911,0.15179325
"3891",0.84890261,0.91436101,0.92349279,0.95532456,0.98208559,2.273836,0.36853779,0.27828962,0.11268208,0.1517786
"3892",0.90103315,0.89940171,0.91345019,0.95043214,0.98914657,2.1209444,0.36151417,0.26718352,0.10073843,0.14971417
"3893",0.96757655,0.91201192,0.91450022,1.0051547,1.0105831,2.0888234,0.30696567,0.27025379,0.095900836,0.14175401
"3894",0.97486911,0.91966114,0.90148781,1.0422868,1.0157033,1.9175174,0.31242791,0.29811771,0.093771654,0.14319814
"3895",0.96248256,0.9389093,0.97459482,0.97669965,1.052555,1.9176312,0.32485896,0.35623365,0.099822102,0.14148569
"3896",0.91385122,0.95118772,0.93725683,1.0047282,0.98253636,2.3022347,0.36401055,0.36242927,0.095736459,0.14017495
"3897",0.85281379,0.86415275,0.87085814,0.9443233,1.0390799,2.4508051,0.2846375,0.39008748,0.11264844,0.13609658
"3898",0.86255894,0.9170781,0.94620507,0.98500171,1.0619918,2.3301923,0.32085205,0.40266209,0.11169533,0.1320057
"3899",0.8451041,0.87194231,0.89783832,0.92454894,0.93389012,2.7683623,0.22451855,0.34795753,0.11911867,0.13829347
"3900",0.85534308,0.91660886,0.94289728,0.92283473,1.0722066,2.3504069,0.2372798,0.32749086,0.12592639,0.13026346
"3901",0.82509721,0.88218446,0.93197166,0.94256242,1.0307275,2.8520807,0.15457977,0.37175522,0.1286536,0.13601872
"3902",0.85881425,0.88429439,0.90173881,0.91098054,0.9433095,2.7129128,0.26755737,0.32972111,0.1318766,0.13473393
"3903",0.82782508,0.91728744,0.94561039,0.94146244,1.0063674,2.6301784,0.27772033,0.4285945,0.12601561,0.13229904
"3904",0.93480408,0.93208954,0.9019325,0.98362674,1.0383425,2.6996525,0.2357694,0.38043372,0.13613866,0.13044834
"3905",0.93902925,0.91008521,0.9029657,0.99459425,1.0379124,2.4910898,0.27488287,0.3615994,0.13253808,0.13135899
"3906",0.86357562,0.93726306,0.94393032,0.98764064,1.0402465,2.6237162,0.30879754,0.35113367,0.13241278,0.13720747
"3907",0.86044197,0.88415864,0.9157818,0.89943113,0.95038111,2.611147,0.29927294,0.33354378,0.11766443,0.13967848
"3908",0.81907911,0.94022203,0.95307426,0.95381659,0.9716076,2.3252286,0.25759696,0.37441997,0.11643322,0.12775427
"3909",0.82219112,0.89098988,0.88915801,0.89717101,1.0355028,2.2555728,0.30311201,0.34393473,0.11284268,0.13164062
"3910",0.95121822,0.89045359,0.95666651,0.99313041,1.0040943,2.3942254,0.2105041,0.31406289,0.1110798,0.1305754
"3911",0.87092941,0.8910167,0.91709067,0.96056809,0.99340895,2.1687496,0.18880048,0.3720984,0.11840544,0.13052542
"3912",0.88180504,0.8551808,0.96223806,0.9513306,0.97172363,2.4178874,0.25698134,0.37245139,0.12341469,0.13751591
"3913",0.86899427,0.84474403,0.94654765,0.96415615,0.99562134,2.3355835,0.2824177,0.38308733,0.1189582,0.13556243
"3914",0.88379569,0.8773984,0.98398666,0.97133452,0.97356711,2.1549891,0.28137294,0.42283078,0.1206969,0.13954463
"3915",0.8846565,0.88487329,0.96349541,0.93791217,1.0246716,2.0650114,0.25323376,0.38656823,0.10947004,0.13568946
"3916",0.90541777,0.91242828,0.98111205,0.93159015,1.0229783,2.1732461,0.27440265,0.35200688,0.11626104,0.13747473
"3917",0.85950152,0.93261568,0.94931683,0.9024264,0.96147307,2.3470505,0.27158756,0.36723763,0.11422794,0.13333095
"3918",0.90272086,0.89973405,0.93169469,1.0114394,1.0360053,1.9873288,0.37737921,0.35856287,0.12275933,0.13633858
"3919",0.88661443,0.93114745,0.9779764,0.98080474,1.012289,2.1499021,0.32480981,0.34061147,0.11806906,0.13413112
"3920",0.82980147,0.91821874,0.8700644,0.96216223,0.99236134,2.2541527,0.31776425,0.36407673,0.11867352,0.13602969
"3921",0.86163624,0.9322357,0.93685265,0.97302132,0.98254721,2.3093402,0.29132558,0.31990551,0.12774648,0.13476265
"3922",0.83134631,0.91513241,0.87411308,0.90341103,0.96392348,2.5228634,0.23447781,0.3960736,0.12939849,0.14626184
"3923",0.84406386,0.88082002,0.89981296,0.9770058,0.95405251,2.4913902,0.29165788,0.41803713,0.1240083,0.13945845
"3924",0.83682333,0.88159172,0.91316116,0.98484271,1.0309281,2.1879598,0.32090933,0.38837317,0.12639093,0.14652971
"3925",0.88954758,0.89749655,0.9227659,0.95085122,1.0183715,2.0849424,0.3122011,0.39161505,0.12572598,0.14789726
"3926",0.86433548,0.89308664,0.89367336,0.949271,0.96021553,2.1324845,0.32641579,0.36086861,0.13046566,0.14449708
"3927",0.84950774,0.92257717,0.85323248,1.0153792,1.0178635,2.4024938,0.34836871,0.34093427,0.13066575,0.14742195
"3928",0.80483565,0.85363482,0.8460708,0.99339387,0.97889778,2.5724285,0.34974582,0.36993887,0.13672814,0.15510577
"3929",0.96709778,0.89291151,0.84224518,0.94257547,0.97290278,2.6353918,0.30751646,0.41562355,0.13912377,0.14860185
"3930",0.99021808,0.93249639,0.91854992,0.95372849,1.0399916,2.696563,0.27774372,0.41301228,0.13616214,0.14641314
"3931",0.96666833,0.90063012,0.95653889,0.99217522,1.0002787,2.5695267,0.25979507,0.42988251,0.12379019,0.14220427
"3932",0.80258294,0.86029858,0.89978723,0.87338806,0.97849683,3.0234358,0.18902933,0.45433723,0.11994266,0.13561812
"3933",0.84373312,0.93820201,0.89615557,0.87277531,0.99199329,2.9539963,0.17816655,0.40926889,0.12022436,0.13571257
"3934",0.86310936,0.94477397,0.89265902,0.89132522,0.98379015,2.7777134,0.19904759,0.44317094,0.11663594,0.13718673
"3935",0.8576733,0.89843669,0.96617608,0.98841505,1.0460703,2.6437325,0.19033562,0.40382409,0.11770055,0.13685342
"3936",0.86750746,0.87433212,0.85249884,0.96765716,0.99828483,2.8280592,0.2504623,0.42048711,0.12167174,0.14001484
"3937",0.82164335,0.86348824,0.83506911,0.95126525,0.9963643,3.000071,0.20781521,0.40028485,0.11853877,0.13709089
"3938",0.86777672,0.87102083,0.93164301,0.93601581,0.9719653,2.7386625,0.20023099,0.43503435,0.11643779,0.13959067
"3939",0.87369762,0.89459923,0.96207283,0.97567119,0.97096291,2.1669758,0.13258243,0.3558717,0.1122092,0.15785226
"3940",0.91983582,0.91720153,0.93449866,1.0025194,1.0053829,2.1227798,0.20145672,0.3478621,0.11738158,0.1543943
"3941",0.83882836,0.9227813,0.89819082,0.92389937,1.0114971,1.9759234,0.25154294,0.40809387,0.13093889,0.15576103
"3942",0.86599096,0.88148125,0.9120264,0.9227001,0.9705415,2.5750889,0.31174458,0.36651716,0.1367004,0.14785106
"3943",0.88499196,0.90455752,0.91453738,0.96446752,0.96502407,2.7061108,0.32290047,0.35258603,0.14193411,0.14790865
"3944",0.88542349,0.89937095,0.87424257,1.0030922,1.0895436,2.5069139,0.17107146,0.39917884,0.13236898,0.15185916
"3945",0.88593464,0.92359862,0.89470893,0.96993973,0.99486895,2.3849211,0.22793934,0.3890971,0.13406168,0.15059875
"3946",0.85642085,0.91946023,0.90629316,0.99116994,1.0524488,2.4570056,0.20818342,0.38030347,0.13748995,0.15095235
"3947",0.93897354,0.88743169,0.9235369,0.91984337,0.97177921,2.3079171,0.19552909,0.43627553,0.12406213,0.14886126
"3948",0.91321438,0.91716124,0.88048573,0.92016394,1.0194877,2.3801715,0.20925581,0.40356464,0.11917393,0.14932855
"3949",0.94963059,0.91614685,0.8967478,0.93516452,1.0160931,2.3145472,0.20548286,0.40535618,0.12264824,0.1468648
"3950",0.91245478,0.912933,0.88584442,0.90271465,1.0320801,2.273099,0.29569453,0.40006271,0.12177403,0.14888475
"3951",0.89218864,0.9261221,0.93954092,1.0486422,1.0306004,2.3343145,0.22502063,0.39991843,0.11940198,0.13943543
"3952",0.89962609,0.90701705,0.96782378,0.95226659,1.0128958,2.3577531,0.23739976,0.42045751,0.11835884,0.13924916
"3953",0.90320532,0.91614496,0.95082529,0.98723963,1.0161715,2.3462031,0.23655308,0.40544058,0.1180236,0.13913274
"3954",0.86273268,0.86985894,0.92062846,0.97378914,0.99807222,2.3451088,0.26341186,0.3997346,0.11797527,0.14012751
"3955",0.77669019,0.90188785,0.88423074,0.98481763,0.96737988,2.7320471,0.28940822,0.3888679,0.11552016,0.1477165
"3956",0.80588782,0.84898211,0.86663949,0.91054825,0.99497156,2.6198686,0.28824781,0.37870117,0.12284465,0.15265696
"3957",0.86081126,0.88885892,0.86493212,0.93050495,0.99045395,2.7324759,0.30025384,0.33896594,0.12800216,0.15392572
"3958",0.836699,0.90676938,0.93718716,0.952815,1.0113284,2.7316762,0.27014361,0.38847185,0.12744853,0.14862788
"3959",0.89155926,0.89968087,0.92149233,0.91429987,1.022426,2.6409011,0.2990693,0.42515327,0.1206494,0.14784466
"3960",0.86630636,0.85310173,0.94013689,0.89767194,0.97969271,2.8127382,0.30806196,0.37041858,0.11915353,0.14294121
"3961",0.91811703,0.87876034,0.93326543,0.94994855,1.0346995,2.5476823,0.3253046,0.37186033,0.11669309,0.14671115
"3962",0.93324006,0.86752575,0.9282301,0.94133569,0.97090164,2.5038479,0.31850236,0.42009488,0.11779943,0.13811458
"3963",0.90595021,0.91011583,0.89274186,0.96327207,1.0042886,2.5173217,0.42638516,0.39336353,0.12673222,0.1345013
"3964",0.89609,0.87303977,0.93044837,0.86530558,0.96937891,2.7803643,0.35259714,0.39974599,0.13199155,0.13585453
"3965",0.87059976,0.87391177,0.89790221,0.90939963,0.97963177,2.6855792,0.310261,0.37195236,0.13155528,0.13483267
"3966",0.87167201,0.89513375,0.90978046,0.96794793,1.0071752,2.5805237,0.37154027,0.40873823,0.1255648,0.13716804
"3967",0.86231403,0.94664519,0.92766416,0.98644552,0.95454033,2.5058939,0.35432488,0.39815745,0.12694479,0.14167345
"3968",0.89188772,0.9404412,0.92565482,0.97508902,0.95656119,2.3268305,0.34893357,0.42075471,0.12300226,0.14207618
"3969",0.86190466,0.9460632,0.91755044,0.97374216,1.0372855,2.3686916,0.34855764,0.4420171,0.12073285,0.15244762
"3970",0.89254057,0.89220233,0.90179259,0.93978623,1.0016242,3.0003626,0.24299027,0.46192293,0.13272213,0.15288546
"3971",0.88325857,0.90297248,0.94804826,0.94414472,0.97957851,2.6851986,0.22170379,0.46233007,0.12303289,0.15250907
"3972",0.87108353,0.90479486,0.92865735,0.9634919,0.99274505,2.7090166,0.22206779,0.42227626,0.12348493,0.15610524
"3973",0.86304724,0.85645755,0.86235642,0.94654291,0.99746995,2.8878282,0.24170546,0.44588225,0.12599534,0.14972461
"3974",0.87552898,0.84866801,0.91575227,0.91912896,0.93973938,3.1887921,0.25153695,0.40726151,0.1267956,0.14685453
"3975",0.84320582,0.86324879,0.88277536,0.879306,0.98691335,2.7459961,0.19731045,0.41753641,0.11681771,0.14766188
"3976",0.84522906,0.88619987,0.86954698,0.86964572,0.99246968,2.7777459,0.19243792,0.42570813,0.11263178,0.14689807
"3977",0.86024622,0.88394419,0.95122619,1.0075674,0.98467391,2.9769832,0.19915375,0.40151041,0.12603417,0.14488779
"3978",0.8749167,0.92328447,0.96545279,0.99655128,1.0164783,2.8497315,0.21723477,0.42441102,0.12170116,0.14821339
"3979",0.86569915,0.87918535,0.91872233,0.97046156,0.99382666,2.7842723,0.18214609,0.39119803,0.11970822,0.1462538
"3980",0.89867518,0.92901484,0.97122181,0.9813299,1.026295,2.7450905,0.23244715,0.41845279,0.1207964,0.14857849
"3981",0.91814723,0.88532983,0.90192037,0.98849072,1.0066667,3.0674889,0.26616769,0.35397418,0.12313889,0.14669132
"3982",0.91252211,0.87866381,0.9131166,0.98254552,1.0360063,3.0133619,0.22946163,0.36000917,0.124765,0.14816668
"3983",0.90263891,0.86339075,0.9206021,1.0028756,1.0279738,2.9918646,0.25440472,0.35984761,0.12637046,0.14676566
"3984",0.91764638,0.92516525,0.95594829,0.94081395,0.99132781,2.6773071,0.27412101,0.37973989,0.13729793,0.1439612
"3985",0.9334153,0.90041163,0.92684052,0.96831266,1.0295568,2.5820487,0.29520664,0.31700522,0.13830349,0.13747926
"3986",0.89860142,0.9022891,0.89328061,0.90779541,0.99224741,2.5292347,0.39959104,0.32110052,0.14616707,0.13578777
"3987",0.8781053,0.89598042,0.83805949,0.96808161,1.0032739,2.3169832,0.38739913,0.31577909,0.1381135,0.13344532
"3988",0.8668115,0.86594098,0.88699515,0.87166334,0.98549451,2.574584,0.35944619,0.3130847,0.13888727,0.13595446
"3989",0.85823071,0.87010328,0.8952017,0.89042136,0.96588515,2.4812031,0.31810042,0.33279479,0.13582783,0.13539289
"3990",0.78939367,0.87110115,0.95490453,0.93722844,1.0233879,2.4955707,0.30775366,0.3343244,0.13102972,0.13693703
"3991",0.86378187,0.91413968,0.87521622,1.0056818,0.9439857,2.5626773,0.27909508,0.33019438,0.13291994,0.14136264
"3992",0.83855571,0.88367654,0.91235774,1.0052955,0.99911993,2.5380021,0.27973974,0.3312983,0.13243048,0.13937413
"3993",0.84142945,0.90141112,0.90244027,0.91586473,0.96933573,2.494941,0.34665774,0.32278297,0.12652779,0.14127428
"3994",0.84840021,0.86126685,0.90022148,0.9575348,0.95841213,2.4588607,0.34546762,0.32068143,0.12583337,0.14115073
"3995",0.86248814,0.83927131,0.89155708,0.95834837,0.94829461,2.4861886,0.39622514,0.32043221,0.12677001,0.14198917
"3996",0.81558084,0.88028589,0.81534097,0.94178192,0.93734442,2.5497176,0.4257658,0.31609988,0.12007243,0.14153843
"3997",0.91311467,0.88795496,0.94401664,0.96523889,0.98478271,2.4082481,0.41614025,0.31100838,0.12822321,0.14525275
"3998",0.87513651,0.92732966,0.95700468,1.0328798,1.0405113,2.4710081,0.46673949,0.30619137,0.12685412,0.14877869
"3999",0.88807885,0.89026464,0.88244511,0.93970078,0.9764459,2.5795539,0.5138261,0.29878837,0.123754,0.14898597
"4000",0.86632929,0.85299847,0.95112009,0.99455407,0.98593037,2.5722981,0.42620587,0.28704971,0.12160734,0.15244721
