"","mu_w1","mu_w2","mu_w3","mu_w4","mu_w5","mu_alpha","mu_beta","mu_a_infl","mu_b_infl","mu_sigma_infl"
"1",0.62898486,0.72124075,0.70310085,0.73889987,0.89153914,1.5943253,0.074458376,-0.35528103,0.014729177,0.1474685
"2",0.63608236,0.64352656,0.70196244,0.86604816,0.87415946,1.5552466,0.14333335,-0.33303069,0.033268383,0.15876153
"3",0.6944416,0.72781845,0.75540248,0.82891647,0.91988987,1.252531,0.23496268,-0.37408257,0.026330789,0.14424775
"4",0.71356909,0.74104005,0.70741501,0.83777847,0.90092744,1.5973913,0.23286987,-0.30467218,0.0066321432,0.15790226
"5",0.69040727,0.67384324,0.6927003,0.81078593,0.88640692,1.7737218,0.15161827,-0.24790605,0.018347275,0.15497093
"6",0.6130115,0.74669722,0.75351129,0.86728933,0.88921016,1.7174066,0.11740886,-0.4393111,0.01269364,0.14284895
"7",0.66159167,0.67795083,0.67774454,0.76672875,0.89982064,2.2488933,0.25673033,-0.46798119,-0.0083352294,0.15902775
"8",0.62598642,0.69587454,0.66277527,0.76111298,0.86623986,2.2579669,0.23135409,-0.4899025,-0.0025633554,0.15969772
"9",0.63758605,0.72023603,0.7306676,0.82770576,0.88951237,2.5831298,0.23892677,-0.50392959,0.013080228,0.1479311
"10",0.62482736,0.7043868,0.71204736,0.74368512,0.90097908,2.0048219,0.21892458,-0.35909417,0.0096708643,0.14792611
"11",0.66050676,0.66604548,0.73529092,0.79156573,0.8863451,1.9504492,0.2530166,-0.47792535,0.021731329,0.16708688
"12",0.67518022,0.70799692,0.73285614,0.84807511,0.88374689,1.7892979,0.23683077,-0.36394389,0.019130888,0.18222418
"13",0.64822007,0.66513134,0.74322516,0.84534075,0.92733504,1.6275629,0.28590515,-0.38770364,0.043213847,0.17583449
"14",0.63524618,0.72857607,0.72562945,0.79969888,0.85028129,1.7153609,0.34769768,-0.31177873,0.045443344,0.17270977
"15",0.73286916,0.73821903,0.71822966,0.85750017,0.95102723,1.7378141,0.38771663,-0.28920836,0.049810296,0.1709814
"16",0.78990611,0.73895437,0.80963385,0.77445349,0.89443681,1.7837536,0.40285862,-0.29050094,0.051051905,0.16281835
"17",0.70924947,0.67011037,0.63931484,0.80764988,0.8424659,1.7351262,0.32709561,-0.40738804,0.04561238,0.1428791
"18",0.67423497,0.68867066,0.76677186,0.88685694,0.96805233,1.4554428,0.24458329,-0.33322069,0.048889183,0.15175059
"19",0.67021302,0.68792116,0.77766268,0.87355917,0.96340077,1.4807181,0.23700612,-0.32763357,0.047698814,0.14838013
"20",0.75030745,0.70756635,0.73748166,0.80785839,0.92239853,1.3073381,0.28753162,-0.41081353,0.03379618,0.1434841
"21",0.65778238,0.68837277,0.74716151,0.88510677,0.94567309,1.2061931,0.28150568,-0.44812509,0.032906601,0.13924824
"22",0.66399569,0.74232506,0.74207008,0.81774717,0.86124284,1.4680106,0.3569593,-0.42160749,0.015368572,0.12266506
"23",0.64990958,0.64718279,0.71328573,0.72332901,0.93571041,1.3691547,0.18411433,-0.34265514,0.01563402,0.12539126
"24",0.61677546,0.62761566,0.68373587,0.70796714,0.92910301,1.532426,0.19906783,-0.33430603,0.022325709,0.13590193
"25",0.56855414,0.65381793,0.72711197,0.71250166,0.94215832,1.4296922,0.15238542,-0.36136613,0.02778719,0.13553882
"26",0.70963162,0.69264299,0.72120953,0.9504833,0.82534777,1.7328432,0.15091788,-0.44101123,0.018367987,0.12593508
"27",0.59576496,0.62621324,0.65528285,0.78960421,0.92211672,1.4775647,-0.020500543,-0.3963339,0.020050517,0.11981466
"28",0.67929036,0.74312294,0.79072987,0.90184622,0.85945146,1.8108556,-0.033145256,-0.35070641,0.0096440393,0.15075442
"29",0.6004179,0.62299197,0.67628332,0.74807773,0.88009911,1.9352559,0.11703477,-0.28954684,0.014189439,0.16990628
"30",0.66140727,0.59869764,0.6418301,0.74062731,0.90485438,2.3285579,0.15181381,-0.28612163,0.017129401,0.15955867
"31",0.71450207,0.66491977,0.78970658,0.88403888,0.93979379,1.7817294,0.071661895,-0.35667214,0.013607625,0.1257128
"32",0.70980313,0.68339608,0.69482806,0.78848431,0.88670797,1.9237203,0.21730535,-0.24214726,0.014680963,0.1475397
"33",0.73066706,0.71647965,0.78601484,0.84918747,0.97947909,1.6609266,0.20798366,-0.25074855,0.013856945,0.13685005
"34",0.70698266,0.70091831,0.77804732,0.90564272,0.89154731,1.5246121,0.18096775,-0.26489302,0.0055723923,0.13732862
"35",0.68990124,0.67392079,0.7078779,0.77392007,0.91688247,1.56283,0.3051423,-0.28992727,0.010841254,0.14064203
"36",0.73327475,0.68543766,0.74001902,0.86506206,0.85630477,1.3548422,0.30406431,-0.19794381,0.015097281,0.16790511
"37",0.71210453,0.73962501,0.68425425,0.75176915,0.91424222,1.3977472,0.28696735,-0.26187831,0.027410281,0.15960457
"38",0.71234061,0.73567732,0.70888279,0.86150276,0.88495785,1.6606745,0.29722296,-0.28555636,0.030782054,0.16714754
"39",0.66659526,0.67157532,0.74916964,0.88027941,0.88742127,1.4342656,0.30846582,-0.26475588,0.027232133,0.16431037
"40",0.68087816,0.64433733,0.81029018,0.80671763,0.87478765,1.3286782,0.37544885,-0.28789385,0.044009276,0.14749321
"41",0.65959644,0.64574814,0.78850252,0.8092287,0.90496186,1.2938915,0.3807422,-0.28265619,0.041771572,0.14967249
"42",0.68843077,0.68567031,0.68720934,0.84945891,0.94162844,1.7303786,0.28268976,-0.17111322,0.037290172,0.15519429
"43",0.66261903,0.727937,0.74692491,0.84705924,0.83907181,1.3578127,0.27387072,-0.30487636,0.046513724,0.15005233
"44",0.68225447,0.67824235,0.77257665,0.96037415,0.90182592,1.4262249,0.2754182,-0.36251022,0.032395855,0.16627358
"45",0.67658075,0.68655258,0.76873919,0.94389784,0.94793804,1.5390672,0.29391109,-0.31133468,0.03063766,0.16572602
"46",0.64927177,0.70727683,0.67318871,0.76128429,0.85643921,1.4536276,0.2660877,-0.25125987,0.023052073,0.15360826
"47",0.67731832,0.62672992,0.68294657,0.82578225,0.82754207,1.5760556,0.32533062,-0.3048852,0.013522171,0.16432674
"48",0.64462089,0.72820096,0.77488454,0.86377735,0.90326983,1.4657075,0.28541917,-0.33259285,0.012364872,0.15790318
"49",0.6702559,0.64158564,0.71619091,0.77121292,0.92015908,1.7373578,0.34666116,-0.36904275,0.013924065,0.14895084
"50",0.69750022,0.66581891,0.70037436,0.81598139,0.85272471,1.5283411,0.37901726,-0.36452494,0.016572774,0.14170335
"51",0.64033096,0.70349398,0.76100127,0.7703266,0.85673718,1.5982364,0.34015108,-0.35258958,0.012253902,0.13294775
"52",0.74600182,0.71981564,0.72644017,0.8220982,0.91316936,1.3505204,0.3075778,-0.3001011,0.017274316,0.12684898
"53",0.73862607,0.72459807,0.73212423,0.82660743,0.9210503,1.2563899,0.31521034,-0.28640652,0.020588624,0.13607164
"54",0.60463773,0.66346677,0.79178562,0.80829079,0.79589934,1.3329129,0.30510774,-0.29123381,0.017858878,0.13730733
"55",0.68605289,0.68295449,0.75081524,0.80570378,0.8652691,1.6226814,0.31888226,-0.20910499,0.02876757,0.14797407
"56",0.60776034,0.65848271,0.7366458,0.78081607,0.90128749,1.6036829,0.29104854,-0.20076682,0.026073839,0.14361563
"57",0.69288374,0.68597473,0.72935557,0.75323363,0.80172805,1.7842954,0.33261778,-0.27925891,0.024912978,0.12859021
"58",0.6140043,0.65679634,0.74286757,0.89925419,0.82871196,1.8629107,0.26170169,-0.13503453,0.019343659,0.14142049
"59",0.66083523,0.7024062,0.77815448,0.7332362,0.93399716,1.6186283,0.2722809,-0.19990702,0.0212375,0.16451691
"60",0.67591144,0.72490917,0.71075035,0.80619258,0.91845219,1.5641813,0.19321885,-0.20669783,0.024224608,0.16839753
"61",0.62380421,0.55058089,0.71095409,0.80272864,0.81130468,1.7399982,0.25314426,-0.25109277,0.023347036,0.15827904
"62",0.55576341,0.62289963,0.62140724,0.76817482,0.82474257,1.8091712,0.23133755,-0.30647402,0.015769852,0.15040957
"63",0.60826153,0.6757379,0.68380834,0.75931209,0.89158452,1.8627665,0.28805103,-0.31208489,0.010092285,0.13237731
"64",0.6745559,0.65979498,0.68989116,0.77328975,0.92991563,1.6564324,0.19573412,-0.33677455,0.022714405,0.14105952
"65",0.73479909,0.71745138,0.77216478,0.88974488,0.89332656,1.5833265,0.24441526,-0.29343636,0.048782608,0.15824144
"66",0.61811241,0.66217765,0.67520189,0.79715122,0.87310047,1.4628365,0.21338504,-0.2992155,0.046808789,0.1502032
"67",0.64953826,0.75737206,0.78170077,0.79999204,0.91798344,1.7695599,0.20720036,-0.2907381,0.039431926,0.15117643
"68",0.63148818,0.6934224,0.70161272,0.82362261,0.8706663,1.5701199,0.25673169,-0.28860838,0.048206546,0.14869025
"69",0.66968458,0.74041979,0.74160413,0.85333343,0.90818523,1.2143413,0.23242213,-0.37213404,0.050439972,0.14908422
"70",0.73823267,0.70159381,0.72847116,0.83470106,0.92374515,1.1127266,0.33602024,-0.30088786,0.051874818,0.15503391
"71",0.71496201,0.75250045,0.75084363,0.87884061,0.88116407,0.91767927,0.32184585,-0.31645258,0.054935201,0.1533084
"72",0.63261226,0.67250065,0.69472547,0.76613857,0.89486912,1.3792312,0.15216381,-0.26647137,0.048057715,0.16070378
"73",0.71156154,0.69387587,0.73833759,0.82005689,0.83720999,1.3844556,0.24507072,-0.32352532,0.032775232,0.17171306
"74",0.65940622,0.76405927,0.71394806,0.8477927,0.87518234,1.1549589,0.2875422,-0.35750004,0.052802718,0.15071483
"75",0.62470766,0.66186127,0.72044271,0.82764405,0.8279919,1.664102,0.22661663,-0.35892233,0.046684231,0.14811356
"76",0.60177052,0.66790576,0.70395537,0.80642879,0.82440506,1.7195837,0.23129599,-0.37181456,0.04768628,0.14503601
"77",0.72306042,0.68929542,0.69369319,0.83751639,0.90076736,1.4168529,0.14286946,-0.29201547,0.027186235,0.16360404
"78",0.71214404,0.6906097,0.69261409,0.91068872,0.9205716,1.3355567,0.10565605,-0.34234077,0.025690524,0.16208753
"79",0.61447721,0.70758263,0.71424266,0.79240693,0.81484328,1.6177919,0.28529314,-0.32336458,0.021747465,0.17084725
"80",0.73014993,0.69297367,0.7144897,0.82316568,0.91631219,1.6223568,0.22313576,-0.2570651,0.039585223,0.16360926
"81",0.68473345,0.65734434,0.75300909,0.77372308,0.84387039,1.5357801,0.21308489,-0.29394136,0.039843571,0.16626809
"82",0.69207228,0.663228,0.75521573,0.87400303,0.84312478,1.3387918,0.16846838,-0.25427861,0.033467722,0.17000223
"83",0.65414113,0.74040284,0.73415488,0.76279205,0.82033173,1.6907122,0.22276384,-0.21275973,0.033064699,0.17064158
"84",0.69289302,0.76779884,0.6887946,0.8268413,0.86070345,1.5020985,0.20718733,-0.29798325,0.025340113,0.1587819
"85",0.68109999,0.74585977,0.64720923,0.76562624,0.9346545,1.5859094,0.2369417,-0.28242082,0.021588703,0.14951148
"86",0.66092653,0.66416719,0.59427813,0.7847832,0.87205591,1.294729,0.23494815,-0.35917448,0.02999062,0.15262305
"87",0.65281212,0.61557381,0.62628234,0.80471259,0.93657638,1.3094476,0.23714461,-0.34306775,0.029743726,0.15165068
"88",0.69444349,0.68131767,0.7829614,0.84108041,0.80244242,1.6876658,0.32456973,-0.35473038,0.020417636,0.15781592
"89",0.70253091,0.71340185,0.65548539,0.89558089,0.86031581,1.9604492,0.28849359,-0.28662339,0.0099162547,0.16404572
"90",0.73406169,0.68285898,0.85854963,0.87105929,0.87625311,1.8100192,0.25170713,-0.34167437,0.027122647,0.17631258
"91",0.70263723,0.72559077,0.68472887,0.83928899,0.96476833,1.9400487,0.23299245,-0.36069087,0.021410839,0.1794466
"92",0.66508969,0.70405807,0.75792117,0.84619868,0.92201019,1.7442242,0.15713389,-0.38463721,0.016753359,0.16945686
"93",0.58540137,0.70506386,0.73008217,0.80732397,0.85231533,2.1050287,0.20178485,-0.34127693,0.0043403145,0.18043442
"94",0.7112508,0.72959912,0.70611189,0.80323569,0.96966528,1.7942132,0.14173804,-0.3606606,0.0080969456,0.17030319
"95",0.7183601,0.70797722,0.72558371,0.82440544,0.81960538,1.896791,0.18317629,-0.23079482,0.029347589,0.1630402
"96",0.6820673,0.73749905,0.75283369,0.79758698,0.91400638,1.7620207,0.25193556,-0.24215756,0.03803142,0.16564961
"97",0.69897653,0.73482009,0.74673542,0.79599105,0.92778507,1.7478422,0.25074891,-0.25168632,0.038206737,0.1661745
"98",0.69405362,0.64274839,0.73270727,0.79319828,0.90314697,1.6797852,0.32336452,-0.3129944,0.035942707,0.18150798
"99",0.62063266,0.7055769,0.70800992,0.8041937,0.9175762,1.9820425,0.2795391,-0.28774112,0.038693274,0.17919394
"100",0.56436461,0.67745838,0.7328511,0.80179441,0.84810646,1.7350666,0.20136074,-0.46307334,0.029899386,0.18298044
"101",0.67701194,0.69107504,0.7242202,0.71477468,0.85013192,2.0773035,0.24125614,-0.48344791,0.026633981,0.1744394
"102",0.75055464,0.72472293,0.72055581,0.7793882,0.91550603,1.9592374,0.22144433,-0.55606265,0.027967869,0.16416305
"103",0.67769133,0.70893345,0.75197782,0.85803549,0.93220327,1.8750495,0.19558897,-0.57981795,0.023592886,0.1675223
"104",0.65916304,0.69214268,0.74241587,0.86799086,0.88222415,1.820949,0.29693633,-0.60807907,0.013506552,0.16960665
"105",0.68747404,0.70307437,0.70514747,0.81697023,0.89080785,1.6748178,0.28026836,-0.59480185,0.011984145,0.1827792
"106",0.72086679,0.72168836,0.74650867,0.8634963,0.84531139,1.7835938,0.25090422,-0.5783488,0.013373748,0.17326731
"107",0.59354434,0.68170087,0.71238346,0.79464784,0.90214223,1.6710892,0.21925163,-0.59035955,0.017639752,0.17718914
"108",0.71080176,0.78698436,0.7345024,0.86121921,0.90286806,1.2835553,0.14316296,-0.51260713,0.032330906,0.18079998
"109",0.68699132,0.71166984,0.73257545,0.88698058,0.87757297,1.5537255,0.11103576,-0.51013265,0.022755212,0.18548222
"110",0.66248061,0.71355048,0.72738809,0.87698824,0.89383002,1.7166404,0.15079528,-0.50836129,0.021796427,0.18352463
"111",0.65971854,0.69249735,0.71611821,0.8552692,0.88272964,1.9443625,0.077692423,-0.4401606,0.024243817,0.18077264
"112",0.71224567,0.67081457,0.76306649,0.8972251,0.93593333,1.6555467,0.1469662,-0.39434258,0.02042099,0.17859292
"113",0.62144894,0.68931336,0.71532307,0.8298382,0.82654881,2.2591844,0.25126542,-0.45444819,0.027460498,0.17794041
"114",0.60091257,0.71547569,0.69487136,0.88223745,0.91376336,2.132234,0.1366894,-0.41718285,0.021848987,0.17435172
"115",0.61991068,0.67020851,0.73383352,0.73887252,0.84546688,1.8125716,0.21589561,-0.38968442,0.023639744,0.14823778
"116",0.72677603,0.65681627,0.70065669,0.89054883,0.92726438,1.2689189,0.28856336,-0.43171973,0.022792403,0.16300231
"117",0.64457427,0.70873142,0.724353,0.75304463,0.84110111,1.2922286,0.22738492,-0.33724904,0.03287525,0.17514938
"118",0.70380391,0.66472727,0.71005539,0.86519125,0.91373114,1.1666565,0.21519746,-0.42451559,0.036982974,0.18484878
"119",0.70792729,0.68738224,0.8070277,0.72928857,0.85560944,1.2129169,0.35439519,-0.46279235,0.032679606,0.18124298
"120",0.68980636,0.75313788,0.72162785,0.90609452,0.94192512,1.245238,0.28119519,-0.42066136,0.0326302,0.18290256
"121",0.67668712,0.69142956,0.70867134,0.79541051,0.86385293,1.418636,0.23132681,-0.50614629,0.034871256,0.19481836
"122",0.62492336,0.71113489,0.76093881,0.75945421,0.93821208,1.4552594,0.26573991,-0.42364529,0.048986005,0.19365128
"123",0.65289523,0.69949013,0.72770962,0.78655336,0.88497038,1.6964153,0.27913596,-0.43997214,0.038995332,0.18794375
"124",0.69403356,0.66548259,0.67864279,0.83402643,0.87007217,1.7659086,0.22123576,-0.36346839,0.039894263,0.17474949
"125",0.60523856,0.71125369,0.73451124,0.78852143,0.82416358,1.7566803,0.20453131,-0.3120887,0.044478642,0.17389554
"126",0.59437693,0.69120048,0.76936573,0.82179978,0.83934863,1.7146244,0.19042597,-0.31994708,0.043462279,0.17522341
"127",0.68703525,0.71583791,0.71240196,0.84073862,0.91155422,1.6267677,0.15994568,-0.29885979,0.032064359,0.15645508
"128",0.65839998,0.70774657,0.76318346,0.80337701,0.91123244,1.5678266,0.11816006,-0.29691932,0.012346071,0.14225142
"129",0.66586997,0.66436374,0.64647704,0.76829316,0.87723732,1.724603,0.16461607,-0.33985277,0.015832299,0.15490466
"130",0.67831033,0.73887372,0.75786831,0.86178096,0.90912263,1.5305484,0.1557452,-0.32043872,0.022046751,0.16237682
"131",0.71358415,0.67493433,0.70595756,0.78237052,0.89038367,1.854201,0.17729014,-0.33763032,0.018683719,0.16369383
"132",0.70383041,0.70188366,0.70802223,0.87435827,0.94979558,1.8469449,0.16790037,-0.3757849,0.021536463,0.16280097
"133",0.66161976,0.69253667,0.68120452,0.85051278,0.8692341,1.9045455,0.18852928,-0.30689289,0.035156807,0.17116608
"134",0.7033167,0.69784474,0.77685169,0.81891297,0.91326814,1.5674987,0.1601241,-0.3339317,0.011563026,0.18456233
"135",0.69661428,0.6979685,0.78348039,0.81683402,0.91176866,1.6000041,0.17502668,-0.33605964,0.011743161,0.18037599
"136",0.64794434,0.67608659,0.68313183,0.86323085,0.94808369,1.4680577,0.20951466,-0.38754242,0.014854155,0.15603351
"137",0.66260423,0.7170651,0.68546281,0.88835943,0.94622424,1.5843853,0.25798238,-0.38865456,0.014244337,0.15820129
"138",0.6447651,0.73237173,0.71980922,0.78028096,0.86220757,1.4875758,0.28619301,-0.34799479,0.024989609,0.16473716
"139",0.66694438,0.73826923,0.66045176,0.78979455,0.88628298,1.6703327,0.34822101,-0.3968701,0.044113159,0.16321453
"140",0.60753943,0.69091359,0.70217563,0.75933575,0.89901785,1.5801178,0.30132697,-0.40507322,0.029877643,0.16579573
"141",0.72510202,0.69736255,0.76730732,0.95232219,0.9233653,1.3084208,0.25065636,-0.40517369,0.030786884,0.16347162
"142",0.70640183,0.64893707,0.70768592,0.81595657,0.93907588,1.3175112,0.24379834,-0.40916106,0.021306283,0.19114184
"143",0.62055991,0.683472,0.72908212,0.89380242,0.87782316,1.004837,0.21163652,-0.5007197,0.028004569,0.19120886
"144",0.68697957,0.69073982,0.70058072,0.7595992,0.89786579,1.6280855,0.29934807,-0.41452695,0.038860756,0.16389862
"145",0.69089333,0.70566222,0.70149438,0.83173483,0.89699112,1.6122333,0.33665507,-0.37147595,0.043398103,0.16875941
"146",0.67856211,0.56699108,0.74069493,0.80382721,0.89613739,1.5967006,0.31088945,-0.43997182,0.032711668,0.17097885
"147",0.6559768,0.66558651,0.75250131,0.77458699,0.84891934,1.7081848,0.38209342,-0.39954634,0.037322943,0.16668656
"148",0.68652167,0.65992634,0.69858893,0.86185062,0.91208812,1.3169481,0.37510449,-0.3754403,0.034990877,0.16586619
"149",0.61696379,0.67588881,0.71042298,0.84265142,0.81194427,1.6713264,0.3633857,-0.32025199,0.017204652,0.17225167
"150",0.58964221,0.73404439,0.73139108,0.85103134,0.85502165,1.8106841,0.33974051,-0.27095237,0.012345255,0.1727173
"151",0.60839826,0.73098398,0.73669923,0.85111996,0.84648895,1.7593022,0.30149433,-0.31778527,0.014096069,0.17722297
"152",0.69425835,0.63447696,0.72731116,0.76168642,0.90857199,1.7882567,0.25394731,-0.29248682,0.019875975,0.18091
"153",0.56758707,0.68518747,0.69471427,0.80523744,0.81087983,1.4384108,0.26558406,-0.37745731,0.02089099,0.17019416
"154",0.50099284,0.66947505,0.63224001,0.7729959,0.83905193,2.0594402,0.36730539,-0.30819876,0.0088187564,0.15855055
"155",0.68428973,0.72476103,0.65661113,0.84828128,0.96149082,1.8844773,0.38765537,-0.32099881,0.0087877419,0.15012014
"156",0.6786407,0.71184645,0.74658533,0.94278118,0.87361266,1.9990682,0.27109582,-0.28477206,0.012275098,0.15720999
"157",0.63833131,0.66151423,0.71118128,0.85081742,0.89621599,1.811861,0.26024177,-0.26396568,0.011997916,0.16121601
"158",0.6626567,0.68350468,0.72269563,0.76751356,0.89311921,1.9603853,0.27766113,-0.3071061,0.0047329442,0.15012707
"159",0.69357447,0.72764023,0.76338344,0.8494353,0.94182314,1.6002133,0.27995927,-0.30206132,0.020412891,0.15132271
"160",0.65554124,0.73782386,0.68978115,0.78839614,0.82565128,1.5471575,0.30008978,-0.3109808,0.030389125,0.18047175
"161",0.68563273,0.71809031,0.7443959,0.85929324,0.95527475,1.7919465,0.3383721,-0.3066377,0.040925424,0.26103803
"162",0.63456246,0.70012718,0.6886561,0.7515223,0.86512998,1.3824046,0.27696204,-0.37991696,0.027470407,0.18374436
"163",0.69858128,0.72068432,0.73165335,0.89658224,0.94239893,1.4732697,0.31773328,-0.39819014,0.030264891,0.17437666
"164",0.69055621,0.72136905,0.80488917,0.83525672,0.88410676,1.6054937,0.22325711,-0.38118886,0.039842985,0.1821806
"165",0.68887447,0.60864996,0.72056934,0.8522367,0.80796532,1.5649251,0.22106012,-0.35337752,0.030895803,0.19903689
"166",0.67053098,0.74124163,0.77834392,0.79213769,0.93043732,1.6671235,0.15517805,-0.40683688,0.030531102,0.15856782
"167",0.68945184,0.670505,0.65999252,0.74842516,0.9119078,2.0310305,0.2281881,-0.30933946,0.031588115,0.15052109
"168",0.65206075,0.65057814,0.76161034,0.7513736,0.92603339,1.8701594,0.17799561,-0.27364601,0.038373237,0.14753183
"169",0.66651555,0.70400189,0.74580354,0.77054927,0.93331958,1.8986995,0.16220924,-0.2949598,0.039377266,0.14694284
"170",0.59372198,0.72922086,0.67599291,0.88519693,0.88599859,1.8141913,0.23921532,-0.24067396,0.024291329,0.16951691
"171",0.6845823,0.75932936,0.77174755,0.86513406,0.95985844,2.0064777,0.16834969,-0.15725071,0.024012943,0.15943902
"172",0.66296191,0.63938061,0.75095563,0.91558734,0.94452161,1.9118533,0.13348468,-0.23608868,0.021934649,0.16307818
"173",0.65332992,0.66386794,0.66832878,0.71049234,0.83308464,1.7483411,0.10359217,-0.2760847,0.031567582,0.13768828
"174",0.67289563,0.67312303,0.6906062,0.82584589,0.84469259,1.8318705,0.12877961,-0.27263808,0.044755844,0.15356564
"175",0.69686466,0.72198488,0.76342147,0.75278331,0.90109558,1.6258278,0.09563255,-0.12802661,0.055385177,0.13800014
"176",0.69140668,0.68759313,0.70703298,0.80152757,0.85904091,1.5154772,0.3185869,-0.30357447,0.05141367,0.15631421
"177",0.66658593,0.64856426,0.70829553,0.81347651,0.85365685,1.6463509,0.32164051,-0.31232709,0.048283628,0.16418078
"178",0.70291277,0.62837408,0.73606189,0.81221972,0.90697468,1.5530737,0.26078194,-0.28585309,0.041722019,0.16160575
"179",0.67224036,0.71225667,0.73440946,0.80775147,0.92156898,1.8299845,0.30977919,-0.35918842,0.039692284,0.14469691
"180",0.69731021,0.66671115,0.71948479,0.83634815,0.86863076,1.6912351,0.17227056,-0.58455343,0.016643227,0.15838761
"181",0.69051248,0.76151826,0.74836622,0.89938684,0.92760466,1.5960114,0.15734164,-0.38320201,0.016088842,0.14747127
"182",0.72725104,0.7457583,0.81160348,0.87757486,0.93513916,1.5253821,0.11456436,-0.41580097,0.023125038,0.14775054
"183",0.59541888,0.65541626,0.71724623,0.78667437,0.8213772,1.8843879,0.1941182,-0.28323388,0.018150716,0.15258014
"184",0.68183173,0.65786833,0.75118816,0.87209035,0.93307407,1.8676312,0.2804954,-0.26178166,0.015206154,0.15321189
"185",0.67373111,0.72183575,0.71722343,0.85705616,0.90575047,1.6136271,0.33084206,-0.37427904,0.025591735,0.16817727
"186",0.61041857,0.73365577,0.72526295,0.71036035,0.86674791,1.6626855,0.31116196,-0.4285641,0.014917274,0.18512432
"187",0.68212956,0.60766739,0.72180615,0.88492884,0.90390015,1.5221327,0.24941946,-0.40188208,-0.00081614382,0.15671691
"188",0.67768837,0.74995903,0.68106485,0.70101657,0.83710575,1.8059871,0.27598601,-0.37167769,0.029452783,0.14454471
"189",0.75419961,0.69187365,0.77505792,0.81578901,0.93533079,1.5802741,0.27539474,-0.39449443,0.027612855,0.14344123
"190",0.72939438,0.84566804,0.72505477,0.83409485,0.93106666,1.5662451,0.2177807,-0.28491215,0.027757605,0.1395532
"191",0.64754611,0.80919246,0.74838009,0.80008566,0.92553648,1.4150254,0.25037487,-0.29681386,0.027747798,0.13906474
"192",0.63267385,0.65761505,0.6785398,0.88354681,0.93395284,1.725077,0.3367342,-0.27831255,0.015456235,0.13103452
"193",0.65672745,0.77353151,0.75132075,0.83651231,0.80432224,1.6485519,0.20112167,-0.22982425,0.023123095,0.14360592
"194",0.62494143,0.7769574,0.75616595,0.86317334,0.85603857,1.8715958,0.24974637,-0.18817337,0.019135366,0.14746992
"195",0.70758542,0.59072948,0.67067688,0.76472147,0.97224944,1.6547814,0.27613424,-0.22617949,0.021308849,0.14790733
"196",0.71368148,0.5934735,0.67160911,0.77697577,0.94654285,1.5341593,0.24560396,-0.24081989,0.023030703,0.14730182
"197",0.66369527,0.67866611,0.6751702,0.81210812,0.85500405,1.3206764,0.17508441,-0.2795024,0.02906751,0.12944887
"198",0.70655128,0.61364967,0.67481926,0.74134221,0.85902841,1.6728297,0.25824674,-0.25664216,0.021487818,0.13474396
"199",0.66265296,0.70657442,0.71668962,0.82314433,0.89487374,1.752803,0.21649952,-0.20187091,0.010216235,0.1516693
"200",0.56349119,0.6553701,0.71499723,0.89926077,0.9085204,1.4562448,0.21558507,-0.22088698,0.014165742,0.1544153
"201",0.66774075,0.75656238,0.75729692,0.88013093,0.93182596,1.1712027,0.14721878,-0.2577132,0.014815404,0.16043848
"202",0.65801421,0.65878355,0.67407922,0.85447965,0.92648494,1.5530763,0.2360834,-0.30888653,0.018069318,0.15932923
"203",0.65682967,0.68402395,0.72460792,0.79858094,0.86068081,1.6795328,0.23315659,-0.2970275,0.014584146,0.14942143
"204",0.68933834,0.67110634,0.71377472,0.88025133,0.90012027,1.9372053,0.27531779,-0.26364362,0.014486596,0.14518303
"205",0.65700009,0.74562527,0.72478836,0.74847202,0.89410755,2.234746,0.34397407,-0.38480765,0.054071023,0.15399136
"206",0.63255604,0.68936536,0.72304247,0.88724068,0.92256614,2.5484738,0.19823173,-0.52292763,0.04415683,0.14572296
"207",0.73659877,0.70308812,0.75630742,0.8762786,0.83007737,2.3799977,0.21106468,-0.37891809,0.041639885,0.14107818
"208",0.61125347,0.65253019,0.75650963,0.81108546,0.92788116,1.5607842,0.24392972,-0.27864033,0.036355501,0.14550741
"209",0.65428508,0.73639566,0.7005627,0.82518003,0.85205516,1.4160023,0.29120094,-0.29383038,0.034260186,0.15253296
"210",0.66056271,0.7160975,0.68427186,0.88479162,0.92160568,1.5562982,0.25513837,-0.2835716,0.025835147,0.15818485
"211",0.62074804,0.60963663,0.72680512,0.76941762,0.83928897,1.8175472,0.29110676,-0.27942326,0.02311053,0.16339884
"212",0.63222452,0.65428815,0.72774565,0.79566431,0.94920877,1.5860927,0.28068216,-0.26450488,0.021861627,0.15774478
"213",0.61987648,0.65783553,0.74894014,0.8430901,0.88575178,1.2664622,0.25815764,-0.24572037,0.033551643,0.16175431
"214",0.61919822,0.70247979,0.73087483,0.74883886,0.90608128,1.4867508,0.42517877,-0.25798122,0.031109155,0.13166991
"215",0.69652582,0.67424763,0.7388335,0.83968585,0.91675237,1.4168633,0.51719537,-0.29162128,0.037365865,0.13992431
"216",0.65908698,0.72270077,0.76855777,0.73315882,0.90350605,1.3466273,0.5585429,-0.32810761,0.021211514,0.1328696
"217",0.6733555,0.66022403,0.64639831,0.95890342,0.87057803,1.7297188,0.49792529,-0.29576987,0.024877838,0.14987518
"218",0.64145162,0.66649069,0.73387163,0.67978847,0.86820749,1.0694748,0.30911218,-0.34846819,0.014773038,0.13700378
"219",0.58518322,0.68873878,0.68089934,0.81341107,0.87988178,1.6165984,0.36486735,-0.31976994,0.0073598006,0.15390558
"220",0.67853613,0.69037001,0.73271642,0.92830524,0.89032722,1.7022805,0.26615896,-0.33856051,0.018898676,0.13977998
"221",0.63600501,0.72076895,0.69875966,0.8862706,0.88390143,2.0519846,0.23640529,-0.37936205,0.0039510463,0.13558066
"222",0.66932873,0.66367663,0.73184987,0.79485724,0.85639667,2.0869257,0.20044566,-0.27528649,0.0099700431,0.149584
"223",0.64800769,0.65670238,0.72971129,0.77438912,0.8798582,1.9913755,0.17793795,-0.2794487,0.0094867454,0.14821422
"224",0.63455186,0.72108987,0.74903576,0.84815434,0.92489915,1.8556383,0.21768844,-0.29429546,0.011128701,0.15115421
"225",0.69428116,0.66251285,0.69655425,0.79939435,0.89291347,1.5322216,0.26641972,-0.20246771,0.0091053187,0.14177794
"226",0.69340823,0.79575161,0.71995357,0.83318982,0.90244086,1.7001981,0.22635477,-0.23583544,0.003327404,0.13506733
"227",0.69323682,0.79573072,0.72337858,0.8336802,0.90528336,1.5849491,0.1420901,-0.27392281,0.0086736505,0.13356242
"228",0.69215103,0.77571351,0.73944967,0.84559023,0.95385748,1.4415457,0.1453984,-0.25628219,0.0051062453,0.13678769
"229",0.62242325,0.57499072,0.70568097,0.79761387,0.8475959,1.7419071,0.064123871,-0.28301636,0.0075289101,0.13890564
"230",0.63346378,0.69059778,0.71289954,0.78983681,0.8928353,1.3393097,0.09811817,-0.43269507,0.017527506,0.13149247
"231",0.65538029,0.74144491,0.76156048,0.88686759,0.93795407,1.4036675,0.21111165,-0.37552375,0.022303801,0.14175011
"232",0.71059497,0.69580905,0.7183032,0.78561052,0.87368127,1.570601,0.10966128,-0.39363322,0.016715019,0.14965562
"233",0.57166005,0.64407112,0.72003005,0.85357647,0.93550639,1.2785813,0.10459491,-0.32046334,0.025848483,0.15752261
"234",0.66220399,0.74110731,0.77665771,0.83944081,0.92443502,1.3898235,0.059198145,-0.31064043,0.031015399,0.16542104
"235",0.60814179,0.7171672,0.72838275,0.84872636,0.91984807,1.4891306,0.074738079,-0.30248682,0.029447317,0.15974208
"236",0.60354009,0.64943998,0.73145168,0.81476883,0.83310976,1.4503256,0.070070492,-0.46090028,0.02556908,0.1555761
"237",0.62683455,0.67646564,0.71489399,0.82510368,0.86652686,1.0712438,0.09276853,-0.42626858,0.030352325,0.15565839
"238",0.60638607,0.70030338,0.70894766,0.80056606,0.86641312,1.1768126,0.082513085,-0.40296525,0.024106137,0.14685916
"239",0.79106138,0.66660274,0.71113745,0.81584009,0.92811815,1.067102,0.055435728,-0.4884236,0.027140303,0.154232
"240",0.6710262,0.71972308,0.75232178,0.85033087,0.93451825,1.0371876,0.0039036585,-0.42986128,0.028709445,0.16332223
"241",0.63252287,0.63143064,0.7148378,0.81972713,0.84658799,1.3593493,0.16989543,-0.38474496,0.040575116,0.14946914
"242",0.64456478,0.6519762,0.69068084,0.78514525,0.84888836,1.6651653,0.12406295,-0.40360507,0.045419909,0.14158822
"243",0.66335978,0.63828494,0.66382284,0.90941982,0.85187639,1.5631098,0.13426777,-0.31291998,0.041367049,0.13953597
"244",0.69039138,0.66221716,0.64789018,0.78534315,0.92030551,1.7874674,0.1296704,-0.29756865,0.05495575,0.14682916
"245",0.73370119,0.697124,0.67811887,0.7873437,0.89703715,1.6855376,0.19155432,-0.25357201,0.055110087,0.14471125
"246",0.65120383,0.70122772,0.81715936,0.85468807,0.85614395,1.4614833,0.20896791,-0.34986906,0.032705742,0.14191285
"247",0.5929806,0.74011622,0.72730155,0.8710621,0.9160287,1.4015503,0.17854893,-0.25177344,0.033054787,0.13835882
"248",0.69600187,0.68136461,0.78530476,0.85523952,1.0033293,1.5823074,0.25363935,-0.27453225,0.024237892,0.1212677
"249",0.62075266,0.70313493,0.72128713,0.79081539,0.83490368,1.9339908,0.15191836,-0.15403032,0.0096059639,0.1357939
"250",0.72899444,0.70098909,0.73572426,0.8547437,0.96646102,1.8657206,0.22027274,-0.22807037,0.026261601,0.15282058
"251",0.71785404,0.6466377,0.75514555,0.72791374,0.89911069,1.8288077,0.39889407,-0.26082221,0.026490323,0.15472027
"252",0.73019997,0.72885268,0.81748153,0.83620041,0.87361149,1.543976,0.3672648,-0.28148361,0.029761837,0.15733505
"253",0.68254952,0.69233125,0.77088077,0.71992434,0.90445029,1.4659007,0.30077142,-0.24491273,0.030872311,0.16272686
"254",0.67483223,0.75684416,0.71193174,0.82850333,0.8911363,1.5384598,0.2803628,-0.32848974,0.045721538,0.16048353
"255",0.69660111,0.74576104,0.7621475,0.88355176,0.92767498,1.4476747,0.31139364,-0.15880788,0.0351164,0.1440961
"256",0.59935763,0.72644382,0.71497038,0.77331659,0.86626247,1.6241789,0.18148398,-0.32527212,0.031516516,0.15279502
"257",0.63660119,0.73264144,0.72861502,0.85082685,0.87005204,1.667681,0.20609492,-0.32258347,0.031228282,0.14175984
"258",0.63940115,0.67553662,0.73650257,0.79907115,0.92533707,1.7175112,0.22413587,-0.32650415,0.024172689,0.14769439
"259",0.64373363,0.65141901,0.70798421,0.77399688,0.89690059,1.6908632,0.19764439,-0.35160471,0.027629748,0.14877807
"260",0.66697895,0.67569442,0.72261618,0.7800891,0.89804758,1.6071228,0.19918246,-0.36852873,0.033189906,0.14098446
"261",0.71687897,0.75203943,0.72783831,0.8185649,0.91888232,2.1017357,0.21437058,-0.28512494,0.036982802,0.13400261
"262",0.59057435,0.66832181,0.73517568,0.77825091,0.90147988,2.2958665,0.27471952,-0.2929128,0.035338597,0.145146
"263",0.75464501,0.73283623,0.73453435,0.79859682,0.80553809,1.7575525,0.11792466,-0.3196965,0.046006502,0.15585042
"264",0.66312376,0.70669308,0.77954177,0.82932896,0.9301712,1.9198286,0.22183882,-0.26945562,0.045997928,0.15992338
"265",0.67831007,0.63525379,0.6785867,0.76023291,0.86042155,1.7935447,0.21705242,-0.269771,0.060892084,0.14717778
"266",0.75438196,0.69554535,0.74786584,0.89211916,0.91833064,1.4530597,0.28209394,-0.20391406,0.063844611,0.1397544
"267",0.76000683,0.68479989,0.74682543,0.86178269,0.94669928,1.4848834,0.30461711,-0.17549683,0.063648973,0.14107035
"268",0.56344514,0.70188536,0.69781214,0.80718117,0.92369001,1.8042995,0.26686903,-0.35857797,0.060059128,0.12189325
"269",0.71368735,0.70731257,0.72203421,0.82995159,0.87276079,1.8340801,0.20303013,-0.41980379,0.048673656,0.13464431
"270",0.61150079,0.7151392,0.73423894,0.81846908,0.93123207,1.5677448,0.16228944,-0.31689489,0.032322052,0.16253368
"271",0.68001233,0.73047935,0.7501083,0.81796226,0.90569586,1.2747737,0.15521654,-0.31546789,0.026189116,0.16039093
"272",0.59564833,0.57360726,0.64940069,0.72585993,0.81284629,1.6248528,0.24543019,-0.29936798,0.033769574,0.15890561
"273",0.77006191,0.69911777,0.78167143,0.87836115,0.95361438,1.3698597,0.15204175,-0.34751103,0.034657491,0.16183066
"274",0.60963914,0.67732749,0.69667703,0.82666085,0.90729942,1.4988352,0.14696695,-0.29702238,0.040257641,0.15420191
"275",0.62781747,0.70912562,0.75182976,0.81176075,0.87376113,1.4855114,0.18008327,-0.38506651,0.037462249,0.15494534
"276",0.60737496,0.73977033,0.72755004,0.82113526,0.87198528,1.2412337,0.22690555,-0.3216134,0.023734895,0.15091382
"277",0.59576237,0.69459038,0.71734362,0.83527295,0.91467836,1.1819059,0.28347502,-0.30456631,0.01577055,0.15136035
"278",0.7765414,0.68531663,0.73480938,0.86235273,0.88093307,1.3410814,0.33245522,-0.34050026,0.028634913,0.14717757
"279",0.66292701,0.70904872,0.71041416,0.80269882,0.89276283,1.5670496,0.25459653,-0.36984133,0.013419736,0.14790585
"280",0.69532409,0.57669132,0.67786674,0.79664726,0.85287393,1.8231535,0.29672014,-0.23415373,0.011419284,0.16781195
"281",0.75083734,0.63162654,0.78919017,0.88121622,0.91158665,1.6035127,0.33190877,-0.25395746,0.017262388,0.18090337
"282",0.67664739,0.72979167,0.7006342,0.85928622,0.93466287,1.4693401,0.31218015,-0.19852379,0.018544502,0.17733621
"283",0.61354034,0.68603082,0.66617725,0.83251343,0.89929442,1.1956785,0.22616545,-0.22410255,0.011138804,0.17342264
"284",0.73556445,0.65445158,0.7569551,0.79534398,0.93171402,1.4842561,0.28288242,-0.22951952,0.030554983,0.15045865
"285",0.69231555,0.63101382,0.7208863,0.87384504,0.89135671,1.6135789,0.40387185,-0.22452891,0.034894645,0.14307626
"286",0.64559635,0.6679834,0.68658261,0.80856259,0.88651515,1.7221876,0.43836026,-0.14551675,0.032403406,0.1585558
"287",0.64722315,0.72454254,0.74957117,0.81721808,0.87408944,1.7514472,0.39972946,-0.15594319,0.022587676,0.16075684
"288",0.68973934,0.6907434,0.76148681,0.79291818,0.90461927,1.8689889,0.30905604,-0.20301947,0.016331972,0.16270293
"289",0.60931455,0.72653689,0.7427896,0.73568008,0.92623017,1.4994437,0.30109059,-0.25737449,0.023753164,0.17115836
"290",0.73992367,0.6225324,0.66600853,0.93709116,0.87276088,1.479938,0.17351439,-0.3787265,0.015069503,0.1790267
"291",0.56530682,0.76269553,0.80368034,0.71155257,0.91057832,1.0434049,0.055755371,-0.28974636,0.018392629,0.15252717
"292",0.61941828,0.68957749,0.78017108,0.81320416,0.9253697,1.1800968,0.14896302,-0.31655144,0.029055932,0.14517855
"293",0.64813894,0.69324374,0.74070962,0.85653122,0.95423555,1.2105161,0.12002021,-0.19713895,0.029360819,0.14464452
"294",0.6590957,0.66128023,0.77965465,0.85012726,0.91503603,1.1862177,0.10963195,-0.2228348,0.027148472,0.14263121
"295",0.66273736,0.68244671,0.67998763,0.79145078,0.85613199,1.1973959,0.11041971,-0.24205015,0.033003145,0.14276026
"296",0.73020368,0.71234642,0.68685456,0.79503728,0.88879953,1.5254805,0.1183482,-0.23121669,0.015970278,0.14011971
"297",0.67991881,0.71201707,0.68874122,0.7982178,0.87282627,1.6368321,0.13161837,-0.24219405,0.014840526,0.14355799
"298",0.72107763,0.6427025,0.67176257,0.81238199,0.95132787,1.5963378,0.22072875,-0.28254731,0.0099855337,0.14447787
"299",0.70058446,0.74047958,0.72541788,0.77878481,0.89170971,1.7245284,0.25724489,-0.43709035,0.013444348,0.14221107
"300",0.67592704,0.70917245,0.76654692,0.81272798,0.88732193,1.7684051,0.3292303,-0.40271067,0.012277741,0.15126228
"301",0.65006425,0.71635374,0.70406743,0.86655076,0.84890712,1.5171842,0.24988324,-0.45299446,0.039576023,0.13949065
"302",0.71144881,0.69143029,0.72435694,0.80854876,0.92735782,2.0242161,0.14578177,-0.33767742,0.028064122,0.14547569
"303",0.64935875,0.67733533,0.71763422,0.81035872,0.91902903,2.1680095,0.10666852,-0.33604918,0.029395622,0.14116654
"304",0.63311765,0.70237575,0.72966578,0.78657577,0.86285685,1.8273462,0.10461698,-0.27210439,0.030405877,0.15005271
"305",0.63693783,0.65458807,0.75017915,0.82363181,0.94899272,1.7716858,0.18845799,-0.34243204,0.033936,0.16327538
"306",0.65951509,0.67756848,0.67442091,0.76421602,0.86653699,1.9100507,0.15104975,-0.3944042,0.029690693,0.16390086
"307",0.68469601,0.71921326,0.70957412,0.88121812,0.95005851,1.6556568,0.20196762,-0.4041631,0.040561247,0.14623196
"308",0.60845536,0.71547641,0.69345876,0.78504524,0.9143847,1.4968811,0.28696517,-0.5934658,0.024248069,0.14940434
"309",0.6292114,0.75376323,0.73652791,0.79128762,0.90809748,1.7767863,0.29601502,-0.65349354,0.022494461,0.14840249
"310",0.68088319,0.73415801,0.71811246,0.81956984,0.95083729,1.7430273,0.29635746,-0.67910459,0.019427609,0.14520672
"311",0.69869659,0.7646427,0.72681818,0.84285222,0.8889096,1.6857114,0.28247305,-0.66548577,0.018561215,0.14578991
"312",0.55986759,0.70765333,0.7382773,0.81638796,0.90363255,1.6272983,0.2867315,-0.6258105,0.031774904,0.13965649
"313",0.65215506,0.72001724,0.7478307,0.83460401,0.926864,1.5336486,0.28446331,-0.60849175,0.031632551,0.14236756
"314",0.60343379,0.66508917,0.71948501,0.7752686,0.87527009,1.3475383,0.27290462,-0.47053697,0.029153934,0.13997484
"315",0.6035709,0.73590907,0.75980923,0.84020755,0.93297893,1.2692439,0.24430189,-0.46670755,0.022169721,0.14438785
"316",0.68430414,0.68466905,0.7289553,0.848858,0.87134917,1.5821627,0.28950434,-0.48971596,0.024123647,0.13291559
"317",0.70253478,0.65854312,0.7309639,0.82438893,0.91533139,1.6687668,0.29675913,-0.49729953,0.018556606,0.13533456
"318",0.65572168,0.61939059,0.69920104,0.79181136,0.87415051,1.496759,0.32941541,-0.45545916,0.011487999,0.1334868
"319",0.653365,0.61494591,0.61467287,0.81173187,0.8269461,1.626423,0.3688795,-0.4484025,0.014167786,0.13621795
"320",0.75695737,0.78869157,0.80982043,0.8949939,0.96661281,1.3441951,0.35877084,-0.36290911,0.036167356,0.13797656
"321",0.72820072,0.71068271,0.79010526,0.8386701,0.94832018,1.5718465,0.39102322,-0.3526387,0.037243842,0.14085324
"322",0.6042452,0.6616425,0.67720725,0.80512967,0.8187871,2.0742012,0.28231078,-0.40516159,0.041225067,0.15292069
"323",0.61998406,0.64883415,0.75732418,0.77712701,0.92087172,1.7799549,0.23549003,-0.4906773,0.028326959,0.16702599
"324",0.64964313,0.70119443,0.7383515,0.824909,0.87537186,1.8373208,0.28765247,-0.48666428,0.032343053,0.16486965
"325",0.66999343,0.65626595,0.71797745,0.8703812,0.95375354,1.6215604,0.22724162,-0.45072145,0.044016374,0.17160057
"326",0.72552169,0.71133106,0.69773738,0.82094947,0.90211906,1.1046708,0.41556718,-0.42956157,0.026045175,0.16368388
"327",0.61580149,0.72978374,0.73842376,0.81501492,0.88789505,1.357463,0.23607538,-0.39634662,0.021651441,0.17906259
"328",0.69468382,0.69879533,0.69654226,0.84252585,0.92116607,1.4944337,0.3636267,-0.40231077,0.022902927,0.1562928
"329",0.62361509,0.65412798,0.72329795,0.79512007,0.87639179,1.5963204,0.50284087,-0.49960448,0.011772669,0.15030302
"330",0.68618741,0.7113078,0.70486144,0.89869396,0.88628473,1.5153771,0.31526238,-0.61621543,0.016466128,0.16162785
"331",0.66418256,0.66536417,0.73990897,0.83931041,0.89821761,1.4752988,0.3348829,-0.54921557,0.016338849,0.15747293
"332",0.70903986,0.67689033,0.72557731,0.92547215,0.87915961,1.6227467,0.28522998,-0.42818353,0.031706071,0.15867474
"333",0.69120434,0.62963327,0.71895847,0.80033674,0.90654926,1.7831066,0.32311297,-0.47209829,0.016062337,0.1591494
"334",0.56918075,0.62513511,0.69733547,0.77146923,0.78771582,2.137273,0.2126856,-0.45402923,0.015458865,0.14584121
"335",0.60939824,0.68604859,0.70686788,0.77057508,0.89959515,1.8207935,0.14992846,-0.54421095,0.030726241,0.14020403
"336",0.68814383,0.70084921,0.7614722,0.85557005,0.91072471,1.6721928,0.11816364,-0.48825586,0.020529483,0.14622783
"337",0.73410571,0.69390255,0.74836061,0.79533405,0.94145339,1.552737,0.11215587,-0.50409162,0.023052814,0.14564626
"338",0.6113531,0.69177934,0.66735602,0.88678154,0.83761376,1.5629154,0.14308103,-0.47183663,0.028897059,0.15435573
"339",0.7481629,0.72684275,0.77176957,0.82570962,0.91804049,1.5397136,0.17926173,-0.48324696,0.018829571,0.16050397
"340",0.65575678,0.71994124,0.7719471,0.86119994,0.90119934,1.4509541,0.18235322,-0.57678405,0.019015866,0.1665469
"341",0.65693323,0.67859896,0.66514423,0.8701344,0.83152676,1.6464588,0.24988033,-0.46651367,0.015386871,0.16305497
"342",0.65881345,0.71581177,0.78780985,0.87155919,0.96451224,1.475399,0.23577874,-0.45080425,0.021336643,0.16199203
"343",0.65583463,0.61614468,0.66547024,0.83350088,0.78344935,1.1956179,0.27496127,-0.38889606,0.021217707,0.15837675
"344",0.59690091,0.70014356,0.79064543,0.89261555,0.99885671,1.3948454,0.30600938,-0.38606984,0.02261743,0.14358898
"345",0.73038324,0.63315236,0.68200418,0.88473721,0.85280218,1.6231267,0.22087578,-0.37222532,0.022246706,0.13808305
"346",0.6042577,0.73673615,0.77786385,0.86563887,0.95267019,1.7865783,0.17766765,-0.41166597,0.019377184,0.15423056
"347",0.71472109,0.65408593,0.68774406,0.7421157,0.83575347,1.9221907,0.21020454,-0.34546029,0.02138116,0.14855788
"348",0.64639414,0.65996595,0.70043032,0.90455624,0.8844883,2.2045435,0.20446218,-0.31703152,0.034127112,0.14444008
"349",0.61009632,0.67937184,0.73175236,0.7633892,0.86871799,2.0520506,0.32892047,-0.28355375,0.041093486,0.14830907
"350",0.64373802,0.69669486,0.73654691,0.79217209,0.8828869,1.6686376,0.25595074,-0.387567,0.036603132,0.13427503
"351",0.67840052,0.72625894,0.77688134,0.84899508,0.92987835,1.772678,0.24661518,-0.38058049,0.033837763,0.13788196
"352",0.69724855,0.70260877,0.68344486,0.81993008,0.84042137,1.993536,0.24326417,-0.40078981,0.031670628,0.13281176
"353",0.72341634,0.68338601,0.68500533,0.82787201,0.88240206,1.6888545,0.21796421,-0.41421804,0.033497745,0.14090314
"354",0.67902979,0.66949549,0.71485261,0.76545512,0.88849341,1.6213629,0.23756602,-0.39864887,0.031471642,0.14471943
"355",0.67997882,0.75834821,0.78594621,0.78068583,0.91775123,1.4150384,0.29149647,-0.38809234,0.027742942,0.13475286
"356",0.57991605,0.66658436,0.71414186,0.81543778,0.79030682,1.8034226,0.27577673,-0.36154785,0.013098672,0.14180943
"357",0.63964826,0.66175345,0.69010862,0.76495731,0.82814909,1.7285516,0.30842644,-0.37193006,0.010181237,0.14603818
"358",0.67298431,0.6928885,0.72260259,0.74132776,0.9329326,1.6691531,0.41637648,-0.41649947,0.012270099,0.14737528
"359",0.67938689,0.68844483,0.75195817,0.77883668,0.87428026,1.8666398,0.19203468,-0.35637637,0.0079213005,0.15161615
"360",0.66754162,0.72777508,0.682164,0.73225048,0.85413188,1.6882898,0.25152991,-0.29762012,0.0121588,0.14286584
"361",0.6321903,0.65638231,0.76518702,0.8678352,0.87668764,1.5836007,0.44023642,-0.33564354,0.019145582,0.15925266
"362",0.6308007,0.73723588,0.76847504,0.79174899,0.91363116,1.7420161,0.34064212,-0.37827404,0.017436466,0.16327474
"363",0.63354616,0.70769802,0.73235832,0.75616732,0.84859543,1.7898617,0.38930149,-0.37756869,0.017841442,0.17030003
"364",0.70133122,0.71337847,0.70409348,0.86570618,0.91106376,1.706637,0.40660776,-0.33447231,0.019952585,0.15996698
"365",0.64463109,0.73753295,0.69166235,0.86459329,0.90450621,1.7012942,0.34331438,-0.34510489,0.012905041,0.16125085
"366",0.66278362,0.6837284,0.80229264,0.7792223,0.89544418,1.8597378,0.20827915,-0.28271201,0.01114078,0.18524519
"367",0.65834078,0.72554849,0.73419441,0.91437769,0.88702632,2.0788553,0.223492,-0.33126922,0.022921214,0.19118596
"368",0.63102857,0.69024987,0.73751886,0.71845113,0.86124465,1.8927766,0.26891918,-0.39230034,0.049342885,0.17066821
"369",0.63632492,0.70144758,0.73694235,0.75584647,0.95920573,1.9358897,0.26960429,-0.34402512,0.043566238,0.17642597
"370",0.6705939,0.67266358,0.69391072,0.81191965,0.86292285,2.3583347,0.23606821,-0.33729629,0.020895282,0.1698739
"371",0.67702613,0.75403579,0.77925098,0.86430952,0.94877992,1.6211219,0.10926038,-0.3373959,0.017032903,0.18198889
"372",0.6912216,0.7017,0.76095462,0.89531693,0.89753154,1.5637448,0.096171297,-0.33292077,0.016788896,0.17813838
"373",0.6402128,0.67906205,0.68296826,0.86511549,0.88755844,1.512989,0.19203622,-0.25323234,0.022856997,0.1938757
"374",0.6895564,0.68496663,0.72476306,0.84242735,0.91362423,1.6467495,0.16905832,-0.23574063,0.025484154,0.1857812
"375",0.68098658,0.70903695,0.72457348,0.81619732,0.87850603,1.5779602,0.084514543,-0.24888861,0.029504698,0.19090729
"376",0.69067233,0.73619379,0.7445248,0.77296526,0.90334054,1.7683077,0.16232174,-0.2704141,0.025753579,0.18529177
"377",0.65661004,0.69928519,0.74251405,0.81815333,0.84989956,1.6671233,0.12437573,-0.30289664,0.047987834,0.15113783
"378",0.66667325,0.65978603,0.67716932,0.83878377,0.88726002,1.7510284,0.19851047,-0.32311267,0.04661358,0.14927867
"379",0.74415578,0.75383082,0.74419134,0.81686371,0.92770703,1.3467028,0.089136824,-0.42855593,0.056278491,0.14976203
"380",0.70328071,0.72000423,0.69825837,0.8035977,0.89100312,1.3084646,0.093106356,-0.45241869,0.049891618,0.15127583
"381",0.70253404,0.72853596,0.72052684,0.89834998,0.92602271,1.1360892,0.24464478,-0.33570349,0.040830585,0.17086273
"382",0.71151034,0.70122723,0.74145186,0.82609358,0.86934494,1.1913764,0.21390673,-0.28484684,0.03420268,0.16755993
"383",0.68669314,0.70720825,0.71052666,0.85535102,0.8508992,1.2966891,0.2653666,-0.25915889,0.029392622,0.17057997
"384",0.73029088,0.70636511,0.7317321,0.85977257,0.79434525,1.2685983,0.2386488,-0.26941403,0.026838412,0.17524689
"385",0.62825098,0.69245399,0.69940061,0.7919943,0.92572665,1.3658845,0.2345124,-0.31585368,0.030019586,0.15628058
"386",0.71851918,0.74137716,0.76765847,0.82459568,0.84920967,1.5980965,0.22091085,-0.20025411,0.017487705,0.1665274
"387",0.66018938,0.68971735,0.7362563,0.89337793,0.84616383,1.7803636,0.24369543,-0.21816361,0.01245588,0.15439812
"388",0.64834301,0.7168615,0.7403811,0.79321131,0.9104066,1.7462971,0.140291,-0.23543176,0.011449516,0.16817977
"389",0.69790404,0.69004684,0.73415223,0.82122842,0.88007497,1.5458487,0.34247202,-0.22637584,0.024596538,0.16043836
"390",0.6526091,0.66441243,0.74191277,0.74166912,0.88995441,1.3857681,0.24488446,-0.25564901,0.035575688,0.1431574
"391",0.64365147,0.72635291,0.76922657,0.88119901,0.89488595,1.7772639,0.18413315,-0.30119784,0.053798595,0.13785237
"392",0.64510028,0.69058183,0.74538871,0.88732644,0.89024167,1.7502018,0.16905198,-0.28880711,0.051268646,0.13780092
"393",0.7375791,0.68015834,0.71954359,0.80040691,0.87054213,1.736852,0.20666275,-0.33307681,0.051221418,0.13542821
"394",0.69987548,0.72974191,0.76362423,0.7690751,0.89485441,1.1660697,0.23542283,-0.34052689,0.044950711,0.13067972
"395",0.63205693,0.62238161,0.69812598,0.74883867,0.88651958,1.362003,0.30989034,-0.3522534,0.051849994,0.1271619
"396",0.66945158,0.74224175,0.69605543,0.88476268,0.91033347,1.0332235,0.13855608,-0.31985107,0.051253891,0.1452256
"397",0.5768169,0.68990316,0.70808106,0.71595571,0.78106464,1.5246458,0.12940515,-0.45879126,0.047130175,0.14642126
"398",0.60813195,0.65802839,0.69572776,0.72561308,0.84810053,1.3737385,0.095540038,-0.46026649,0.043501728,0.1458968
"399",0.57059792,0.6715552,0.69926228,0.72309173,0.8640846,1.4648379,0.11974116,-0.45903115,0.043797273,0.14795467
"400",0.67296363,0.71986007,0.70966573,0.88696219,0.86250013,1.4986612,0.18568061,-0.41827024,0.03799382,0.15588397
"401",0.65899404,0.60230159,0.74965906,0.75920815,0.86863533,1.478114,0.2614165,-0.41935637,0.032593152,0.15551568
"402",0.62733013,0.68605613,0.68361918,0.84166218,0.84221516,1.7607352,0.4254476,-0.42317232,0.016989907,0.17054432
"403",0.72226263,0.67356307,0.74795078,0.82966164,0.96280108,1.7138947,0.36336731,-0.63388169,0.016272914,0.18202264
"404",0.69880223,0.76829285,0.72758441,0.83378978,0.90447763,1.4344379,0.35930529,-0.53549517,0.016584692,0.17404895
"405",0.67598942,0.67318061,0.69229877,0.8532891,0.81704051,1.5586519,0.20827942,-0.55761105,0.031015354,0.15548827
"406",0.72262388,0.69264674,0.72858749,0.72655266,0.89636229,1.7579105,0.35241407,-0.41584551,0.02586119,0.1572282
"407",0.57163024,0.65530123,0.69653341,0.91105061,0.81077557,1.9693026,0.29602571,-0.28423237,0.015790237,0.15198429
"408",0.70382308,0.652746,0.61700574,0.64551683,0.87826215,1.9764446,0.21406354,-0.26400009,0.02015413,0.15366322
"409",0.59718747,0.64060593,0.78406787,0.82727116,0.86198963,1.913483,0.2498024,-0.31999694,0.010092416,0.16254933
"410",0.64488248,0.6834571,0.70729376,0.76637905,0.86221227,2.0623649,0.32654754,-0.27138989,0.01883333,0.18916796
"411",0.65695391,0.71324953,0.76890316,0.88231976,0.81297035,1.9463191,0.44981391,-0.42820813,0.020415005,0.20324584
"412",0.70702194,0.63586986,0.71434575,0.80700051,0.92745457,1.6480087,0.35331322,-0.42325023,0.018969422,0.19952239
"413",0.66682272,0.68439502,0.71882439,0.73177572,0.87377821,2.096821,0.3905054,-0.3467342,0.037027968,0.1882813
"414",0.65103427,0.71000855,0.69239362,0.79899821,0.89541318,2.1337234,0.42302357,-0.35059024,0.034431768,0.18934568
"415",0.68010346,0.66327008,0.71425247,0.83031652,0.89817621,1.7556411,0.27595166,-0.38010896,0.039466924,0.18445075
"416",0.7309297,0.66778239,0.72497703,0.82941369,0.88991649,1.7283092,0.27230848,-0.37341573,0.025863143,0.18665269
"417",0.66741334,0.70999335,0.71273255,0.71174794,0.87908677,1.3833962,0.32201971,-0.42767302,0.023125013,0.17651999
"418",0.65785907,0.66940533,0.72591673,0.87166384,0.85747292,1.5105387,0.36869405,-0.4288391,0.031583675,0.16004586
"419",0.67317239,0.686176,0.7296774,0.89774866,0.87837659,1.5715791,0.27580673,-0.42261233,0.040293629,0.17088167
"420",0.60785834,0.70284495,0.68831985,0.81125727,0.87795899,1.5014422,0.27948618,-0.62080917,0.037026141,0.17296203
"421",0.65191123,0.69161136,0.72771473,0.88017236,0.9030329,1.3572572,0.21330076,-0.61614747,0.030183679,0.16227758
"422",0.65636446,0.6727254,0.69577269,0.76911569,0.90350095,1.5769986,0.34724621,-0.43843713,0.030573341,0.16101026
"423",0.64092215,0.69253433,0.69342724,0.82347047,0.84884907,1.5656034,0.21591061,-0.48199023,0.021414373,0.17719998
"424",0.63757433,0.7056925,0.7559068,0.82042977,0.92195608,1.3382139,0.14122177,-0.42453947,0.022916944,0.16173923
"425",0.64540274,0.70239191,0.69339562,0.86401658,0.90494028,1.4662705,0.18598142,-0.39134157,0.026393603,0.16799799
"426",0.66775493,0.69807487,0.68518564,0.77618553,0.92446941,1.4382412,0.14232594,-0.49847777,0.039615813,0.15477025
"427",0.66648962,0.66484193,0.67042218,0.70474755,0.83923741,1.5975003,0.19964812,-0.41708138,0.031482902,0.15141124
"428",0.65918072,0.70760155,0.73067409,0.78703061,0.89239766,1.3946514,0.22178356,-0.34647373,0.031960412,0.14908184
"429",0.63675619,0.68241942,0.74928421,0.89171525,0.86665712,1.3489738,0.29496942,-0.33044478,0.030253398,0.1523712
"430",0.68744213,0.66281119,0.74036183,0.8924039,0.89530605,1.2735852,0.26519847,-0.27333946,0.023215097,0.1400183
"431",0.77065263,0.72950444,0.72982919,0.89034766,0.93945479,1.3370487,0.26494919,-0.2677652,0.020896182,0.14161661
"432",0.70035816,0.68399729,0.72326515,0.82566245,0.87188777,1.1752828,0.33399475,-0.36478962,0.017948509,0.14960936
"433",0.67974354,0.65492043,0.69319361,0.79795376,0.85724084,1.513589,0.27466861,-0.27965203,0.028506561,0.1632855
"434",0.69436492,0.64510659,0.70444436,0.78862658,0.85549013,1.5183191,0.29963045,-0.26423387,0.02581913,0.16055074
"435",0.63968862,0.72616738,0.82380609,0.9549134,0.9612311,1.4342172,0.20137362,-0.29510167,0.026444413,0.16707225
"436",0.68593951,0.66060639,0.63946495,0.76483116,0.84039118,1.6813083,0.29845448,-0.29091049,0.0034046997,0.1717556
"437",0.68326689,0.63101622,0.63386627,0.72154145,0.84825924,1.9201362,0.34903595,-0.26461584,0.0043378127,0.1738746
"438",0.70849393,0.6969547,0.70598844,0.80814246,0.86277285,1.7604655,0.29211967,-0.33595489,0.009553884,0.17574885
"439",0.60823341,0.64519404,0.70448527,0.75876508,0.85959952,1.5297318,0.43888475,-0.38535789,0.01145772,0.1637578
"440",0.66311429,0.69133472,0.72424306,0.80370989,0.91812195,1.2320929,0.35776812,-0.42942349,0.012211553,0.16289096
"441",0.62363231,0.68258238,0.67572088,0.81321107,0.86692816,1.24434,0.26262401,-0.4921807,0.010995944,0.16120591
"442",0.53592351,0.66984763,0.73918307,0.80392837,0.79975397,1.2922265,0.35210621,-0.48747547,0.014363903,0.16371999
"443",0.70663704,0.74526628,0.71476561,0.79405797,0.8659664,1.8505159,0.33647929,-0.41646533,0.02889108,0.15364972
"444",0.68508818,0.64880244,0.68935897,0.84695098,0.86986401,1.7601967,0.16608534,-0.38955593,0.017075786,0.15042436
"445",0.61713878,0.69151908,0.71963016,0.80135156,0.87515258,1.6148469,0.17170961,-0.38514289,0.020343441,0.14022397
"446",0.65766145,0.65320983,0.71164169,0.82854161,0.85323012,1.56635,0.22907652,-0.34176511,0.022485228,0.13859249
"447",0.64048846,0.7264854,0.72138681,0.74273334,0.92099369,1.4792079,0.16939217,-0.32241986,0.031245742,0.16041444
"448",0.71362967,0.59498283,0.72574339,0.78980729,0.84258969,1.6170701,0.24472763,-0.31702639,0.033519425,0.14902915
"449",0.68602499,0.75632619,0.72971524,0.87647907,0.86191594,1.5851384,0.30451493,-0.3691435,0.024802309,0.16331065
"450",0.69471553,0.67618975,0.749359,0.80271582,0.89193673,1.795479,0.24995839,-0.34740102,0.025581203,0.16006812
"451",0.7123407,0.66918927,0.74929968,0.77573569,0.84412171,1.7887104,0.23395218,-0.3550786,0.02257145,0.16205146
"452",0.64310146,0.6665945,0.72274994,0.78656117,0.92374999,1.6545782,0.089026586,-0.37833371,0.01867369,0.16668671
"453",0.60836022,0.66119908,0.65292589,0.79052832,0.87009815,1.663001,0.10732345,-0.31182378,0.012354847,0.16013587
"454",0.6296493,0.65291267,0.74536229,0.83426181,0.84202192,1.733896,0.16345508,-0.38863757,0.013542232,0.16943425
"455",0.58563904,0.70263942,0.7081263,0.87655755,0.91491735,1.7808851,0.14829212,-0.42470152,0.024410609,0.17315982
"456",0.64974647,0.7609658,0.7410783,0.79934365,0.85554636,1.7429643,0.15436591,-0.45247739,0.015695386,0.18239376
"457",0.67050316,0.62496458,0.70765408,0.82010854,0.81032454,1.8182508,0.2608844,-0.48099485,0.017567146,0.16851917
"458",0.7058718,0.75137323,0.70944496,0.80271676,0.88390442,1.6986908,0.26988076,-0.44347575,0.015793231,0.16303544
"459",0.7101869,0.65364584,0.7969774,0.83143288,0.91160707,1.8383921,0.33572814,-0.41097628,0.019818131,0.14437607
"460",0.69865198,0.74730149,0.76535913,0.78816646,0.97485164,2.1682225,0.31620258,-0.41492253,0.025108992,0.13702878
"461",0.69289113,0.6765434,0.74691175,0.82572896,0.94999669,2.1637804,0.3126928,-0.43827432,0.027277138,0.13560684
"462",0.64574363,0.69309769,0.68132045,0.84108253,0.82303254,1.5498637,0.099457319,-0.33337206,0.04477918,0.13688729
"463",0.632524,0.65656695,0.70512402,0.80095997,0.85420332,1.6028049,0.076134763,-0.39682161,0.05522749,0.1382801
"464",0.66990604,0.63276895,0.70160172,0.81909516,0.79942396,1.7462801,0.11546345,-0.36850484,0.050636132,0.13565563
"465",0.56250064,0.62315303,0.67058801,0.84509951,0.79978671,2.053431,0.23506334,-0.39648835,0.048464677,0.13537828
"466",0.71393681,0.65319433,0.73001716,0.87917726,0.84586958,2.0346627,0.24104873,-0.46150483,0.057361052,0.13670249
"467",0.65807861,0.65234644,0.71192898,0.78244156,0.89756399,1.9046767,0.28412379,-0.42749664,0.067102108,0.12965809
"468",0.63392885,0.64414842,0.74584461,0.78147675,0.91582746,1.9081341,0.27511086,-0.44287028,0.06718136,0.12263058
"469",0.64962327,0.69271687,0.7210439,0.88152932,0.89163745,1.5197134,0.26525109,-0.41307212,0.056972335,0.13457501
"470",0.62502536,0.72590903,0.75167892,0.87487403,0.88544772,1.7560902,0.23552441,-0.40830717,0.066248277,0.14105155
"471",0.70686676,0.74063297,0.78635843,0.88706609,0.92099891,1.7475847,0.29467084,-0.32818643,0.064256323,0.1447061
"472",0.75985238,0.68755607,0.7120385,0.85607607,0.86354978,1.9905936,0.35153887,-0.38252379,0.070066219,0.13775354
"473",0.6481057,0.70097386,0.77078266,0.8064615,0.94299283,1.498459,0.22597614,-0.43712618,0.048578709,0.14802215
"474",0.67469006,0.63070497,0.70591105,0.8631228,0.872439,1.5968949,0.2346589,-0.46412279,0.027312102,0.15043767
"475",0.66957616,0.68018829,0.72697478,0.85044551,0.86270749,1.5441623,0.20151504,-0.48888044,0.020448113,0.14897111
"476",0.60041701,0.67994383,0.73782493,0.77594743,0.91160976,1.6161817,0.2569181,-0.37222763,0.033139133,0.15122091
"477",0.72819662,0.69690803,0.73772145,0.85140202,0.86400292,1.7026129,0.29385971,-0.36833854,-0.00026252951,0.16195186
"478",0.70675356,0.6856426,0.741269,0.74768158,0.87495344,1.8605305,0.22238511,-0.38429026,0.0023771851,0.18099049
"479",0.64923319,0.67267721,0.73002572,0.89653282,0.87708508,1.838992,0.19482101,-0.30447077,0.0093502423,0.16722454
"480",0.62703883,0.66280706,0.71852538,0.80230311,0.89727674,1.9171653,0.32066653,-0.30524472,0.0072207668,0.15315635
"481",0.67422816,0.67673756,0.74519235,0.82148988,0.89174257,1.7511989,0.16658312,-0.30919014,0.014966599,0.1530947
"482",0.65331109,0.7009726,0.75388654,0.83214235,0.86618049,1.793265,0.27475554,-0.1858208,0.013570517,0.15644497
"483",0.6577358,0.62894513,0.6894107,0.7380926,0.87068542,1.4415135,0.27609474,-0.22284153,-0.0056796734,0.16629514
"484",0.73168809,0.70179006,0.78985431,0.82366713,0.94324819,1.4922438,0.20371321,-0.20164158,0.0090455985,0.17356328
"485",0.58874451,0.66151869,0.66747028,0.77685337,0.85505234,1.4240122,0.15619874,-0.26502956,0.0190188,0.18191083
"486",0.7519278,0.72785416,0.77443458,0.87815071,0.89251263,1.3098622,0.029333073,-0.3048632,0.034766528,0.20175533
"487",0.67045719,0.65505869,0.71976864,0.81624806,0.90843258,1.3047178,0.027562034,-0.28134459,0.035410242,0.16545696
"488",0.69525593,0.73334,0.73341295,0.87148058,0.93297282,1.1374911,0.10482693,-0.35033504,0.033769861,0.16282989
"489",0.73769108,0.73344334,0.74259918,0.87546417,0.96646816,1.2939493,0.1138513,-0.38634165,0.033277475,0.16115738
"490",0.73850365,0.73968807,0.74444675,0.88068409,0.96995061,1.3078816,0.11871934,-0.37703418,0.034768636,0.1591104
"491",0.7698434,0.75724012,0.76958771,0.84502886,0.90245073,1.6213233,0.12802224,-0.31650005,0.036067118,0.16707877
"492",0.6743656,0.64814161,0.67018333,0.84577123,0.81185968,1.7797134,-0.023978356,-0.35039337,0.036515766,0.15096665
"493",0.669147,0.64593262,0.67405069,0.83874211,0.79741358,1.9868326,0.0021736374,-0.34881947,0.041967594,0.15059683
"494",0.53140234,0.68752411,0.730233,0.83829854,0.85928438,1.7906124,0.059988315,-0.33758988,0.040986375,0.15410938
"495",0.62839259,0.64312581,0.67175521,0.80066055,0.8243918,1.6568105,0.096098869,-0.25546529,0.04736223,0.16403663
"496",0.66601949,0.67116897,0.72668609,0.74657191,0.87272965,1.7443609,0.10319839,-0.31643892,0.052428895,0.16228084
"497",0.72845854,0.65706457,0.65247005,0.77933684,0.94012783,1.5934026,0.10449851,-0.36926561,0.04740759,0.15723352
"498",0.74093495,0.75782178,0.75276305,0.86004541,0.86987395,1.3529796,0.12966802,-0.3748721,0.042608274,0.15937186
"499",0.66691905,0.65533459,0.68872368,0.79212739,0.94101749,1.4832138,0.211632,-0.34602752,0.051763364,0.15171731
"500",0.65064046,0.74753657,0.76476723,0.9153928,0.91226613,1.3814793,0.216162,-0.28909101,0.045000188,0.14660661
"501",0.70722927,0.70951143,0.76080309,0.87769873,0.92683741,1.3578518,0.14978262,-0.32728821,0.040284875,0.13782167
"502",0.73225837,0.67257788,0.72030209,0.73926593,0.83334876,1.433248,0.1441149,-0.39872943,0.031537487,0.14580375
"503",0.65311379,0.69980916,0.73967618,0.85421732,0.94489531,1.7027423,0.034222922,-0.5515595,0.017689416,0.14105055
"504",0.64000717,0.65687379,0.7358777,0.78660247,0.88877124,1.5789691,0.12421029,-0.60327181,0.020477621,0.14616818
"505",0.74686905,0.65891103,0.67152396,0.82777907,0.81588213,1.4016697,0.13222361,-0.60978906,0.017717143,0.14494231
"506",0.75415277,0.73986156,0.78699098,0.86814304,0.93532946,1.3967591,0.079250137,-0.42314936,0.016457098,0.13794878
"507",0.71300077,0.71426782,0.71172271,0.7820934,0.89716333,1.8862272,0.061215508,-0.44683127,0.013491598,0.15289684
"508",0.61495131,0.70759761,0.72300913,0.85451227,0.92221872,1.6306719,0.13901705,-0.51298835,0.033753131,0.15808443
"509",0.6536941,0.74966783,0.72819347,0.82997448,0.89650788,1.4392,0.14226541,-0.41744523,0.030936196,0.15806416
"510",0.66746381,0.63878685,0.71860721,0.797634,0.87635997,2.2106635,0.17200428,-0.46141294,0.021604369,0.18447338
"511",0.63018386,0.65742132,0.67141203,0.82116519,0.86309512,2.2564649,0.14218912,-0.50061039,0.024874934,0.18545055
"512",0.69673788,0.73212359,0.72094259,0.83730849,0.90077863,2.0048017,0.15087614,-0.39142443,0.018942002,0.18299682
"513",0.69370674,0.71843059,0.75428356,0.82661857,0.96260679,2.1093646,0.14754658,-0.43946392,0.018520981,0.1741516
"514",0.69284609,0.70606998,0.76730104,0.85861378,0.97318992,2.0426856,0.11010876,-0.43565977,0.013547654,0.17335806
"515",0.53240518,0.66399256,0.69927816,0.80686368,0.83210737,2.272478,0.078961556,-0.38910768,0.025039241,0.1608427
"516",0.62750651,0.68155618,0.77554192,0.86755221,0.89222336,1.6389944,0.11757922,-0.45052109,0.052449203,0.14813993
"517",0.63131829,0.64727888,0.73288206,0.81084989,0.88414562,1.8714039,0.099138642,-0.42289798,0.050280004,0.15218266
"518",0.62839357,0.63652684,0.7232328,0.7901554,0.87414292,1.899888,0.10561627,-0.44144237,0.050754422,0.15058687
"519",0.61525893,0.69320296,0.70573537,0.84299003,0.82808587,1.8180195,0.079155611,-0.40514322,0.046442356,0.1532165
"520",0.68093769,0.67975691,0.67936423,0.88271206,0.9400179,1.8171752,0.0998849,-0.3009774,0.033941586,0.12085419
"521",0.69128362,0.64000202,0.75315677,0.85031346,0.93916112,1.4993423,0.14060091,-0.27897169,0.027170066,0.11411712
"522",0.62959316,0.63996447,0.68876001,0.82129787,0.84529598,1.5555236,0.1693294,-0.34207197,0.034737076,0.12927975
"523",0.72138185,0.65851052,0.77207147,0.84770176,0.91472084,1.5321065,0.10916048,-0.31351956,0.023466842,0.14415987
"524",0.65558397,0.58746608,0.7297491,0.82860469,0.8612333,1.6341905,0.1652655,-0.27441889,0.027294104,0.14217015
"525",0.5895267,0.71655306,0.65813739,0.78661862,0.87124996,1.7878973,0.14586558,-0.26206088,0.034226615,0.16543884
"526",0.60332977,0.67458109,0.69724489,0.76276135,0.86395581,1.4728689,0.027675226,-0.31353791,0.027461617,0.16898247
"527",0.60132904,0.66238334,0.71143501,0.76069238,0.8194063,1.6165895,0.17200926,-0.33884325,0.028180833,0.16635101
"528",0.62184301,0.69657192,0.69856229,0.79726508,0.83931464,1.6790568,0.18822867,-0.28730895,0.022066232,0.16426473
"529",0.73798848,0.69872625,0.73282541,0.82558376,0.93877202,1.618664,0.21688037,-0.28815129,0.029440934,0.13945836
"530",0.60697278,0.70550771,0.71240388,0.8272556,0.8664689,1.4876786,0.22781043,-0.27002106,0.015073758,0.13980018
"531",0.60887488,0.64692801,0.70793033,0.77234044,0.87939618,1.6583101,0.2532787,-0.32549321,0.017574316,0.1385597
"532",0.68172605,0.7084987,0.74430842,0.78145872,0.93221553,1.5796194,0.23366496,-0.37322689,0.021745764,0.15067224
"533",0.64878965,0.66414885,0.72204226,0.8525835,0.85628373,1.5406074,0.16575692,-0.37129847,0.032098724,0.15173338
"534",0.56180643,0.70661146,0.71761017,0.81758401,0.89300354,1.4255596,0.239967,-0.2978329,0.046012409,0.15992146
"535",0.71717207,0.68213735,0.70658559,0.86018645,0.87860806,1.694616,0.20682211,-0.35811989,0.035582648,0.1475674
"536",0.70370534,0.75967377,0.73286405,0.79812975,0.8477928,1.4410011,0.18149438,-0.38789073,0.029222705,0.14469303
"537",0.78609509,0.68832257,0.72822399,0.8668908,0.90278974,1.447138,0.20878908,-0.38530045,0.023878006,0.14806405
"538",0.69433127,0.62192489,0.73366,0.81975738,0.93566627,1.4084042,0.27677973,-0.38000055,0.018441749,0.14518229
"539",0.61408127,0.65853012,0.70812893,0.8190846,0.90545602,1.4367317,0.28651339,-0.39152917,0.023309525,0.1485742
"540",0.65672195,0.67582738,0.74443957,0.80290027,0.90547982,1.3393681,0.22675142,-0.39967035,0.026482065,0.15213937
"541",0.62686861,0.62642704,0.75771026,0.7726752,0.89557538,1.6904191,0.25586533,-0.41614017,0.015087434,0.15251107
"542",0.62934361,0.74319942,0.7096765,0.89525591,0.96122707,1.3613823,0.21423664,-0.50189584,0.010730728,0.15281396
"543",0.58303613,0.6669016,0.73953503,0.8720545,0.95364488,1.3175676,0.2406803,-0.46458669,0.0027085345,0.15425327
"544",0.67694996,0.61741341,0.69681381,0.89215877,0.86742267,1.2555767,0.30142342,-0.41242075,-0.0079487,0.16306765
"545",0.75499423,0.63933115,0.73172344,0.88607294,0.86663203,1.3433193,0.31686079,-0.44362461,0.026389732,0.15934384
"546",0.69384138,0.66755532,0.68109149,0.888933,0.88715402,1.3145407,0.27137147,-0.37755192,0.03052897,0.14851476
"547",0.66909604,0.64261207,0.68244018,0.80421428,0.87031843,1.793435,0.28712065,-0.31453352,0.034251007,0.12677543
"548",0.65513206,0.75499156,0.77172076,0.85780269,0.88872617,1.4909076,0.18618761,-0.25960757,0.031888674,0.12679504
"549",0.61770498,0.69737554,0.69486229,0.82354945,0.93183352,1.7790663,0.43615437,-0.3462035,0.029309933,0.16151164
"550",0.58224067,0.586422,0.75648068,0.76048675,0.71450448,1.1397032,0.39014803,-0.31751366,0.023050524,0.1767817
"551",0.70190745,0.6640364,0.70471028,0.82559171,0.96828475,1.7187425,0.24910069,-0.41457138,0.035634002,0.18699175
"552",0.67732941,0.73206928,0.64682911,0.93270928,0.93344082,1.6068951,0.2532285,-0.42221507,0.038120263,0.19042336
"553",0.63331133,0.57535145,0.70117574,0.83539806,0.89190975,1.9544469,0.23693301,-0.44802803,0.018551801,0.17754867
"554",0.64339981,0.73025681,0.70942029,0.87882041,0.81130779,1.8453294,0.25769195,-0.34886355,0.02922607,0.16977141
"555",0.63975237,0.64126673,0.69539943,0.81861107,0.92048039,1.6550184,0.14038732,-0.42444944,0.026481455,0.16799725
"556",0.59403446,0.61668737,0.73016522,0.79658476,0.87782332,1.8229382,0.17526249,-0.41443647,0.036891648,0.17257349
"557",0.65099657,0.63888115,0.71890946,0.80330465,0.88786108,1.8437907,0.20076839,-0.4065554,0.037752975,0.17556193
"558",0.69893611,0.73500331,0.7353639,0.80007447,0.87269796,1.7372027,0.1991117,-0.35175043,0.026556126,0.1711552
"559",0.68959439,0.71485089,0.73386795,0.81445557,0.88086016,1.7156055,0.15589428,-0.36163068,0.02666034,0.17818759
"560",0.66329148,0.69729406,0.74953066,0.77322088,0.87969803,1.5966336,0.14864982,-0.35829402,0.02867053,0.17260887
"561",0.60405496,0.72221265,0.72271648,0.75347294,0.84445991,1.8923621,0.1790561,-0.3915061,0.031775157,0.1813572
"562",0.63660719,0.75651492,0.71413928,0.79083671,0.84072239,1.9273089,0.13633971,-0.37437278,0.036142283,0.16384076
"563",0.62965331,0.68753712,0.74820195,0.88089182,0.93255648,1.7402792,0.19322568,-0.35402956,0.038582208,0.17787182
"564",0.60457128,0.66022272,0.71244283,0.79661941,0.88616661,1.7062052,0.25977065,-0.32570672,0.030444433,0.19648077
"565",0.65384636,0.76149337,0.75818926,0.80213389,0.87274243,1.8779226,0.18670826,-0.29604395,0.031581296,0.18050263
"566",0.70024511,0.64297226,0.70661706,0.82159675,0.84088296,1.7345393,0.1851352,-0.22182555,0.030591919,0.1592883
"567",0.69727434,0.70500606,0.75161848,0.85537971,0.93166569,1.8602156,0.21430647,-0.28481585,0.025298228,0.15640371
"568",0.69583556,0.66565013,0.67128117,0.74761558,0.79558842,1.7800331,0.060474039,-0.34316309,0.052120913,0.16217335
"569",0.61623527,0.69488181,0.715307,0.80522734,0.83987722,1.6802654,0.09453447,-0.4038073,0.056757944,0.16799295
"570",0.69552968,0.67460502,0.70753326,0.80305283,0.92787504,2.0373887,0.26109859,-0.11607563,0.0538268,0.15139339
"571",0.61522786,0.72387716,0.71163639,0.79397528,0.83508647,1.9228581,0.21061513,-0.084324355,0.044805686,0.1585524
"572",0.75168358,0.73983656,0.75441028,0.84335519,0.902712,2.1403044,0.20423797,-0.32182184,0.024547012,0.17911063
"573",0.71211804,0.72225841,0.70694436,0.85147181,0.85846819,1.8465432,0.1833354,-0.31500827,0.039411404,0.16337934
"574",0.63543373,0.68292813,0.69722129,0.73410014,0.87527731,2.279814,0.24181531,-0.41713972,0.039474141,0.15407984
"575",0.62911777,0.65542362,0.68849483,0.71757937,0.8902035,2.1109714,0.23108046,-0.45049537,0.038594998,0.15552107
"576",0.72409324,0.75709077,0.73519159,0.79600809,0.97697101,1.8090288,0.20020786,-0.37743958,0.028547157,0.16540861
"577",0.62002254,0.64780525,0.71473432,0.83102898,0.85014562,1.8314682,0.13869484,-0.52185638,0.025648714,0.17256458
"578",0.62883173,0.60998008,0.69204227,0.77646909,0.8598777,1.8245347,0.10298915,-0.50611236,0.032124208,0.1740717
"579",0.53637822,0.65828859,0.69327669,0.78490709,0.81635884,1.7070095,0.10938854,-0.55523155,0.031064105,0.16525018
"580",0.67482842,0.73560154,0.74691375,0.78347995,0.86930416,2.0936831,0.14557647,-0.46831838,0.036277657,0.16757207
"581",0.70691273,0.7427793,0.68870839,0.89760628,0.84564785,1.6909479,0.059899326,-0.42713588,0.038506037,0.15039444
"582",0.64884365,0.64847543,0.73158177,0.77746046,0.82541486,1.968401,0.019191536,-0.39062264,0.033192208,0.13679398
"583",0.8015143,0.71202048,0.66492012,0.78326465,0.87052712,1.6834184,0.04814287,-0.41770368,0.042435482,0.14159169
"584",0.6341167,0.70341204,0.76904189,0.78439702,0.88222641,1.3922235,0.15436425,-0.46351237,0.037199159,0.13589965
"585",0.59284863,0.73737854,0.72097079,0.85346233,0.92849001,1.3015392,0.15283479,-0.54275353,0.031693152,0.13503007
"586",0.63469342,0.67056492,0.65525451,0.86201513,0.86518209,1.8604513,0.060884799,-0.50175585,0.042601154,0.14174057
"587",0.63054509,0.67557488,0.73670211,0.85618191,0.84743883,1.5324221,0.17711034,-0.45937618,0.03504458,0.14820208
"588",0.63437448,0.66708174,0.72953888,0.7995634,0.93831595,1.6693219,0.18500558,-0.41519796,0.024989301,0.15477763
"589",0.66623099,0.70196318,0.71658728,0.80317953,0.8759623,1.7699405,0.12908056,-0.31901358,0.022008927,0.16881178
"590",0.66334898,0.63162671,0.76254938,0.75129524,0.83872209,1.8240483,0.21017203,-0.41197192,0.033128307,0.17036728
"591",0.68177314,0.60135304,0.75426366,0.77826998,0.8536796,1.8589749,0.26666115,-0.37780344,0.03048892,0.16988243
"592",0.65063721,0.72886401,0.70569954,0.82194901,0.87273265,1.3074807,0.34936828,-0.40536754,0.027235349,0.16057699
"593",0.66258246,0.63372172,0.70699842,0.83540209,0.89861128,1.2904552,0.43512184,-0.45226508,0.032408533,0.17935418
"594",0.655979,0.67397039,0.69858439,0.81355581,0.93131211,1.1223056,0.35540269,-0.43697402,0.034406912,0.18187505
"595",0.61829035,0.66663447,0.71099214,0.78511666,0.8373317,1.2597524,0.31203547,-0.46580136,0.025854893,0.17523735
"596",0.74481821,0.67110058,0.77952972,0.72322114,0.91409355,1.1798411,0.20378242,-0.49035799,0.020365712,0.14566027
"597",0.63711269,0.61940021,0.73259962,0.88917522,0.96988766,1.5761706,0.34526795,-0.5092737,0.028920169,0.14130877
"598",0.62214083,0.57044791,0.66410293,0.87254439,0.96608628,1.5569517,0.33049624,-0.51642995,0.026803478,0.12615712
"599",0.6244908,0.64431492,0.76534001,0.83640903,0.93600956,1.6132875,0.33986366,-0.44891402,0.040327598,0.1410281
"600",0.61361079,0.70566021,0.68334339,0.79134358,0.81334781,1.4292339,0.26735364,-0.47030065,0.062290998,0.14357049
"601",0.6580832,0.68260178,0.74234599,0.74218627,0.83618004,1.4894155,0.26066143,-0.38746857,0.064971972,0.13330253
"602",0.67951223,0.70313716,0.54486573,0.85132784,0.99097115,1.5574262,0.22833018,-0.32390591,0.05397071,0.14246644
"603",0.63283613,0.70693661,0.64181472,0.8775513,0.93143824,1.6639271,0.20293184,-0.26388892,0.048341174,0.1492664
"604",0.63404432,0.69041567,0.75266594,0.78577346,0.83905456,1.2940466,0.21971727,-0.30119503,0.053271124,0.16534576
"605",0.62287176,0.6577826,0.69207358,0.82853445,0.89343513,1.4744863,0.28650161,-0.3633852,0.041604019,0.17945787
"606",0.64435267,0.66436824,0.7040032,0.72263294,0.81393055,1.7809538,0.35476239,-0.49962362,0.044708769,0.17678124
"607",0.64972803,0.70058392,0.72824615,0.81600928,0.95156824,1.6974497,0.3086769,-0.47870906,0.035019494,0.1686618
"608",0.6294985,0.70679541,0.6916751,0.83364216,0.86790731,1.5913923,0.22477611,-0.45575689,0.037109981,0.15666156
"609",0.62078898,0.66028585,0.81709945,0.80591481,0.90391263,1.3640954,0.21988642,-0.39991824,0.040868669,0.1641776
"610",0.64737034,0.61256918,0.7203748,0.84701002,0.86475304,1.8487,0.21963489,-0.37131539,0.034911867,0.16484788
"611",0.73052264,0.70323159,0.77482295,0.83272712,0.93551976,1.8041648,0.25602296,-0.39992365,0.032905259,0.15317815
"612",0.60661714,0.68383853,0.72785462,0.76009627,0.84423157,1.7338868,0.2787988,-0.38055656,0.031515579,0.13948992
"613",0.59732529,0.75481498,0.73606978,0.88170459,0.86685762,1.2366556,0.2210041,-0.40610365,0.032182347,0.15334797
"614",0.61608212,0.78129936,0.7381236,0.86971105,0.86902727,1.5683119,0.28067728,-0.34724522,0.029390799,0.16011863
"615",0.67404035,0.63446257,0.7402714,0.78188202,0.84161536,1.4033009,0.41127516,-0.43739948,0.029011122,0.16464024
"616",0.67178963,0.63694545,0.72543662,0.74494571,0.92228666,1.5298993,0.37569861,-0.41319579,0.027024069,0.17221386
"617",0.66310345,0.71935125,0.72794941,0.82886352,0.82498575,1.383053,0.31541809,-0.38957842,0.022020519,0.15321611
"618",0.70231035,0.72505993,0.70005003,0.89802758,0.89638847,1.7402544,0.37502246,-0.39474956,0.01537436,0.16953947
"619",0.70355921,0.71459405,0.72845433,0.80979718,0.86747703,1.9669381,0.40252444,-0.43413814,0.017124002,0.16806644
"620",0.65871562,0.69974722,0.74548812,0.79325563,0.86854055,1.8992345,0.29653103,-0.38752237,0.021896138,0.16275292
"621",0.59053292,0.66272746,0.69624235,0.7731874,0.86857652,1.940096,0.26535757,-0.30930751,0.02039827,0.18195756
"622",0.74212638,0.67435731,0.77939162,0.80592485,0.83643336,1.8107513,0.18666999,-0.4415504,0.0046110117,0.16263057
"623",0.7064838,0.68433536,0.72160286,0.79509341,0.83015675,1.5833024,0.21628141,-0.44823359,0.01679037,0.16140384
"624",0.70018439,0.76292071,0.74287554,0.8755244,0.95444132,1.5110932,0.10700807,-0.42455914,0.018204747,0.15507078
"625",0.68223165,0.62297688,0.70385083,0.84117348,0.84236768,1.4630564,0.15992481,-0.46921336,0.063414875,0.16353786
"626",0.70024183,0.66893984,0.71307623,0.80912577,0.88004867,1.2838374,0.1422103,-0.45014402,0.060857923,0.16099424
"627",0.67612712,0.76668868,0.76006526,0.84520014,0.94228002,1.5774355,0.12905447,-0.41657789,0.06068144,0.16099062
"628",0.75825748,0.65535712,0.70341476,0.80833943,0.88010058,1.7960272,0.12101945,-0.32485043,0.056967044,0.16630216
"629",0.63135407,0.70712739,0.7020436,0.8277059,0.90404092,1.6331464,0.13779595,-0.40004435,0.04682975,0.17428521
"630",0.70085169,0.70474145,0.72500498,0.78651134,0.8678941,1.6558134,0.10553503,-0.37641042,0.037283504,0.19367822
"631",0.64361556,0.70075973,0.71783251,0.68994609,0.88419124,1.7930033,0.12480749,-0.34879011,0.038381533,0.1965673
"632",0.66091257,0.65943106,0.73325037,0.8766863,0.89505566,1.510477,0.23208603,-0.43516212,0.029188074,0.18987644
"633",0.75744124,0.72272554,0.73510057,0.80389076,0.88061986,1.372976,0.18789736,-0.37881706,0.035904092,0.18739239
"634",0.61620409,0.69595292,0.70774645,0.89024209,0.89782993,1.2905187,0.17410743,-0.40864116,0.044585067,0.19560926
"635",0.70115256,0.66434311,0.76012779,0.78061014,0.89161712,1.357324,0.18168846,-0.45127802,0.034413971,0.19611922
"636",0.61555337,0.75944799,0.72962391,0.93565132,0.92531403,1.8586527,0.19052736,-0.38766776,0.028069102,0.17100385
"637",0.6906015,0.68502127,0.76040179,0.84164055,0.87360056,1.7598673,0.027925868,-0.29536714,0.047450662,0.16728455
"638",0.70155262,0.70924007,0.65674472,0.88623435,0.93946449,2.0326957,0.084420883,-0.2386732,0.03762603,0.16292868
"639",0.59452459,0.66930471,0.75762112,0.80779522,0.8942529,1.9098645,0.18955589,-0.36366055,0.014987679,0.15638254
"640",0.66708369,0.69844049,0.75465353,0.83828765,0.90893951,2.1057694,0.15292263,-0.3157303,0.0082221652,0.15381393
"641",0.62436145,0.64395058,0.69042463,0.80890059,0.86967496,2.1575601,0.27289696,-0.22388235,0.0058500046,0.14908022
"642",0.68532252,0.67435011,0.75617967,0.86070096,0.8821704,1.9126774,0.27257656,-0.26130692,-0.0096986527,0.15493395
"643",0.63570385,0.72221098,0.72664545,0.82635809,0.87280295,1.4510259,0.24116706,-0.27080975,0.0027205459,0.14375231
"644",0.69911188,0.70864774,0.78955265,0.82263268,0.94972965,1.5396161,0.13299198,-0.2625028,0.0086815753,0.14938224
"645",0.73622953,0.73548256,0.77958505,0.82388393,0.9748103,1.5086738,0.13112207,-0.26068675,0.018860621,0.15144804
"646",0.59678221,0.65416023,0.74633068,0.76096564,0.80473998,1.5176426,0.18297788,-0.28676505,0.025655098,0.15158911
"647",0.61396791,0.64962644,0.69899641,0.73122452,0.83698787,1.7340062,0.13008515,-0.2875583,0.035109217,0.15556014
"648",0.61770299,0.65907251,0.69146439,0.75434394,0.84892405,1.7362654,0.16626074,-0.3138687,0.028617995,0.15127795
"649",0.65608593,0.75231531,0.72092728,0.80076319,0.91019059,1.5288652,0.085867886,-0.29075069,0.02736849,0.14364187
"650",0.60194632,0.66926332,0.70916829,0.76323417,0.82897918,1.2038592,0.21244567,-0.38013769,0.03916018,0.15468584
"651",0.66515722,0.70387588,0.72908577,0.74124724,0.87760781,0.97234842,0.13755332,-0.44130073,0.039532366,0.15442287
"652",0.64288941,0.65001147,0.7366813,0.72538391,0.84228884,1.2357021,0.21867566,-0.47298614,0.03129433,0.16399724
"653",0.64859361,0.62826233,0.69237371,0.87437869,0.87886737,1.2648782,0.2702805,-0.40085109,0.040655596,0.16928779
"654",0.57645945,0.67054236,0.73738888,0.857612,0.90327433,1.2629314,0.20951554,-0.43014643,0.034030925,0.17118331
"655",0.66518167,0.66657194,0.69704915,0.88191812,0.88918334,1.348586,0.14787781,-0.39270391,0.037354236,0.15864713
"656",0.58882382,0.61352388,0.6813947,0.86417765,0.8649891,1.5437918,0.23978489,-0.42755098,0.042220889,0.15059683
"657",0.69933334,0.63736392,0.7236431,0.74535086,0.87418422,1.1956813,0.32024204,-0.46206893,0.024106313,0.1422129
"658",0.60781605,0.63931855,0.71197334,0.84827885,0.89585246,1.5956588,0.33219231,-0.32475778,0.023068535,0.15278175
"659",0.60631525,0.63959692,0.7251435,0.82753834,0.92047174,1.5389274,0.3571615,-0.35844244,0.024698547,0.15345002
"660",0.65822684,0.69908879,0.74854639,0.79257884,0.89737419,1.1234712,0.40180031,-0.3459074,0.023360014,0.16120072
"661",0.69440461,0.67035512,0.64869894,0.82884399,0.87201317,1.5109244,0.36017923,-0.36185993,0.019283784,0.15586414
"662",0.58336615,0.6832014,0.73115501,0.76035454,0.90378227,1.5258473,0.23102134,-0.35687921,0.040273943,0.16294583
"663",0.58221761,0.67485109,0.73837928,0.76872432,0.9044282,1.5550518,0.23300829,-0.36414209,0.040278091,0.16086393
"664",0.76391096,0.72632572,0.7194434,0.89555621,0.87429958,1.5687936,0.20325968,-0.27111776,0.017722453,0.14695992
"665",0.66000492,0.71047794,0.7303153,0.84334094,0.91592419,1.8674677,0.23249096,-0.27072023,0.027534449,0.15427752
"666",0.67416214,0.69922592,0.70195009,0.80089089,0.91327934,1.4151108,0.18318628,-0.3802444,0.031072412,0.15185875
"667",0.66796136,0.74456403,0.77297912,0.87476207,0.873208,1.5714777,0.19354445,-0.39083055,0.029346147,0.14770091
"668",0.70486555,0.61106635,0.70356774,0.7700215,0.88597159,1.4454477,0.23463738,-0.28550407,0.057482966,0.14913057
"669",0.69957877,0.70380199,0.71096474,0.81407068,0.92913611,1.2593038,0.26644782,-0.28117679,0.057515817,0.14759276
"670",0.63621946,0.65282034,0.69731703,0.81137446,0.88562213,1.2355045,0.25003438,-0.26959082,0.051286357,0.15429388
"671",0.64980578,0.73965783,0.70505909,0.78435249,0.88379085,1.58751,0.30739168,-0.26801527,0.044376988,0.16213229
"672",0.66027364,0.66024098,0.62942021,0.80754995,0.83432754,1.3339349,0.22479005,-0.28694334,0.043191978,0.13361663
"673",0.69371605,0.70881184,0.71949788,0.85889267,0.90201804,1.6481815,0.2640333,-0.35332186,0.043961391,0.13765181
"674",0.64258485,0.6672616,0.65343842,0.86484308,0.85451851,1.687111,0.096842876,-0.31999455,0.041333785,0.14347662
"675",0.73488449,0.76861845,0.80855109,0.80873395,0.9158818,1.6368946,0.16686203,-0.32997879,0.031204452,0.14949619
"676",0.63318642,0.67162537,0.62080211,0.77652585,0.81265772,1.7048925,0.050385065,-0.37863851,0.03270273,0.1520928
"677",0.60801038,0.63329707,0.7022677,0.76853551,0.88017506,1.8916866,0.12524169,-0.40144938,0.036560723,0.14906356
"678",0.68249271,0.81180018,0.76528993,0.79315081,0.94290027,1.8205084,0.14694553,-0.3758433,0.020107863,0.15197457
"679",0.67470064,0.74783039,0.70127287,0.87193999,0.95710898,1.8308391,0.095520664,-0.33489078,0.021309582,0.1406382
"680",0.74209735,0.7621669,0.75141952,0.77848942,0.91832766,1.3122457,0.061046889,-0.40864309,0.019526877,0.12789563
"681",0.67256776,0.72286228,0.71048829,0.87151212,0.93898878,1.2310268,0.0059733463,-0.33018384,0.0086452151,0.15103295
"682",0.67381925,0.65043686,0.72542356,0.84069359,0.94541853,1.1766141,0.044497449,-0.32939659,0.0029599492,0.15083856
"683",0.66921487,0.68201348,0.73386669,0.74884253,0.82769048,1.5413136,0.23567812,-0.31122614,0.023370576,0.15686604
"684",0.70171946,0.6660306,0.70048314,0.81928072,0.93191924,1.3183049,0.34794687,-0.28541094,0.031880599,0.15488313
"685",0.6532571,0.67499867,0.69686978,0.79226378,0.89108562,1.4477797,0.39095196,-0.33158164,0.035906955,0.15274227
"686",0.62182609,0.64267842,0.69866513,0.75051772,0.81670858,1.1610361,0.45764712,-0.30893958,0.044320172,0.15687825
"687",0.74537898,0.60344483,0.73053362,0.84224608,0.89316476,1.5553201,0.29460235,-0.36449867,0.048029889,0.14948979
"688",0.61746455,0.70422684,0.70560785,0.72405049,0.85271186,2.082275,0.16657908,-0.48251141,0.037833103,0.15029779
"689",0.65912488,0.6893173,0.72609562,0.87691681,0.94972541,1.6303871,0.43119828,-0.4948428,0.04468879,0.15214272
"690",0.72355342,0.61381159,0.6930465,0.78902439,0.86330737,1.4852236,0.39139828,-0.47624181,0.054262804,0.15056161
"691",0.66364704,0.6695923,0.70364859,0.7652886,0.91375435,1.309143,0.39276569,-0.53572741,0.041854043,0.15199929
"692",0.65610689,0.67920696,0.73413577,0.87088371,0.87609396,1.6416322,0.39179221,-0.45077287,0.043666243,0.14911709
"693",0.66586192,0.65175076,0.70194222,0.809682,0.83592137,1.9943449,0.26286066,-0.39462859,0.03818996,0.14908719
"694",0.68000096,0.67712497,0.71779745,0.80340517,0.88510125,1.9370516,0.29540677,-0.40012518,0.041128662,0.13732486
"695",0.60830202,0.65273466,0.68923601,0.90382425,0.85971788,1.792365,0.12397052,-0.50582293,0.04578251,0.13753469
"696",0.6698986,0.67859872,0.70395262,0.87237653,0.85227069,1.7324083,0.20064783,-0.46856903,0.050049506,0.1315346
"697",0.70018468,0.71815678,0.79803124,0.852522,0.92260063,1.0307237,0.22119397,-0.31371944,0.031130648,0.13492578
"698",0.67701425,0.67118399,0.67134231,0.8668202,0.89002041,1.247482,0.32857754,-0.39320285,0.027918911,0.1293587
"699",0.67902322,0.68731431,0.73723361,0.79228461,0.91218408,1.4686975,0.27659048,-0.41366818,0.0092502778,0.14009662
"700",0.59793851,0.63739386,0.70247387,0.79976775,0.93322693,1.491885,0.32927147,-0.45314236,0.026511831,0.14284097
"701",0.64796658,0.65529096,0.71209071,0.77877209,0.8253963,1.5540613,0.30749813,-0.44440225,0.029562332,0.14433578
"702",0.63144106,0.65646452,0.77720469,0.80445559,0.95550744,1.5136908,0.29253814,-0.4566508,0.036083066,0.14925802
"703",0.64566592,0.6425982,0.68208978,0.80836132,0.81557309,1.8861218,0.312344,-0.4187138,0.036056916,0.14560498
"704",0.66726972,0.60057917,0.73378645,0.82950335,0.87617521,1.8076678,0.35933716,-0.44825793,0.038291086,0.13647677
"705",0.60647171,0.73438012,0.73536692,0.8049404,0.88927733,1.5105336,0.31251359,-0.40812086,0.032985987,0.14665481
"706",0.71235479,0.77613892,0.73989499,0.87150252,0.9325626,1.302719,0.28372698,-0.34832035,0.04401255,0.12734547
"707",0.74976229,0.6761074,0.7371495,0.78014827,0.92700572,1.3004158,0.23302829,-0.38529533,0.045946078,0.13032074
"708",0.57643479,0.61941666,0.74296149,0.87873355,0.88690778,1.4812198,0.2984845,-0.42937468,0.028023267,0.13851305
"709",0.77449484,0.69421166,0.71671988,0.83702125,0.9777456,1.4138347,0.27353351,-0.36315522,0.02695264,0.15004264
"710",0.66263869,0.66773255,0.75011963,0.85175222,0.79779594,1.5575552,0.23777897,-0.32555621,0.041666298,0.16160498
"711",0.74496199,0.66316196,0.77851563,0.84754832,0.8731113,1.5118332,0.22188806,-0.32314212,0.038457002,0.16679528
"712",0.71978696,0.68160804,0.66706961,0.76426432,0.90639445,1.5441945,0.21209072,-0.35512041,0.023937547,0.15873602
"713",0.63913762,0.6350652,0.65446158,0.74662968,0.83461733,1.9280447,0.25026069,-0.36112361,0.022047569,0.16157437
"714",0.71735258,0.73186007,0.80052059,0.83824918,0.91104943,1.0480038,0.24145701,-0.35532207,0.0056700859,0.15757328
"715",0.59974373,0.66273352,0.6630935,0.78229748,0.81388536,1.4835806,0.20745369,-0.48255451,0.02838486,0.1635159
"716",0.62097771,0.646444,0.69757595,0.82797141,0.88054743,1.5504863,0.23910136,-0.45189444,0.030537791,0.16720713
"717",0.74332533,0.70655841,0.73975822,0.82120098,0.91553178,1.7734401,0.13116202,-0.55034265,0.027531117,0.16594749
"718",0.62498508,0.68516051,0.66244517,0.81510829,0.84158578,1.7712856,0.20351238,-0.57356083,0.039443194,0.16257227
"719",0.70743441,0.70558372,0.73472552,0.84291368,0.96909667,1.9318864,0.15830061,-0.51061563,0.034162318,0.17477896
"720",0.66781425,0.71794702,0.72697796,0.8233587,0.89458669,1.9673122,0.15526408,-0.49099899,0.041384799,0.16529136
"721",0.62170292,0.67095917,0.73416452,0.79089412,0.83764521,1.4970905,0.16852286,-0.47367477,0.041009362,0.14229507
"722",0.7040671,0.67403795,0.74425313,0.87871207,0.97324537,1.5875161,0.19879993,-0.45591393,0.040212756,0.15586745
"723",0.66640936,0.66711348,0.75250911,0.81425302,0.88843614,1.4187276,0.181514,-0.46723029,0.043528919,0.15603879
"724",0.67071931,0.71011755,0.72830574,0.77351288,0.9352326,1.1508139,0.14255999,-0.40101559,0.034955486,0.14282401
"725",0.71025689,0.73588616,0.74851011,0.84045499,0.93817536,1.2871587,0.15506982,-0.48049206,0.027612767,0.14973372
"726",0.6556924,0.69803127,0.72452935,0.83458406,0.88037706,1.6009687,0.15360837,-0.40522958,0.026606468,0.14747719
"727",0.68742132,0.6631291,0.7179173,0.80491972,0.90173737,1.5840871,0.11723747,-0.39982063,0.03661702,0.1400654
"728",0.68893736,0.69325191,0.71627621,0.75881004,0.90918689,1.750818,0.13699178,-0.40026398,0.034469382,0.1417166
"729",0.65942928,0.73411802,0.7284894,0.82012056,0.84002771,1.9283717,0.22486486,-0.40951728,0.0331287,0.1338707
"730",0.65949997,0.64392107,0.70562578,0.84192826,0.89833166,1.9519295,0.14562456,-0.45715889,0.03309332,0.14640181
"731",0.67512534,0.70277844,0.69733279,0.81137662,0.9039662,2.0119997,0.15705085,-0.31775334,0.033217589,0.14704433
"732",0.63091867,0.72499541,0.70537451,0.79720219,0.83585424,2.0710622,0.19342167,-0.28181995,0.033748953,0.14480712
"733",0.66326049,0.68570954,0.6875789,0.84278222,0.93532163,2.0878706,0.040138783,-0.32225139,0.035464231,0.15740752
"734",0.62783044,0.67118371,0.74233737,0.81691756,0.83465649,2.076791,0.048024163,-0.27725574,0.040775249,0.15529107
"735",0.73572412,0.69300272,0.74910961,0.86479822,0.94335345,1.821766,0.087834907,-0.30603873,0.033602176,0.1599703
"736",0.62951055,0.72275443,0.6688222,0.82213916,0.90753816,1.5252739,0.14835059,-0.32607423,0.01605264,0.14425439
"737",0.67642243,0.67534199,0.73124389,0.82192165,0.86191947,1.6973698,0.15735555,-0.37987306,0.025420747,0.12895039
"738",0.71238482,0.75502618,0.74389096,0.88990484,0.94648364,1.4828854,0.20805554,-0.45142014,0.00099454465,0.14833556
"739",0.7386034,0.6849768,0.75149359,0.85681229,0.94429769,1.4710816,0.22922742,-0.4019988,0.010562142,0.14958642
"740",0.67135781,0.66777459,0.71852142,0.81169952,0.90635081,1.8912834,0.2682003,-0.36885519,0.0066660295,0.15701595
"741",0.62274185,0.68229822,0.7126876,0.7865091,0.92978531,2.159114,0.2922426,-0.37330175,0.007063002,0.16082638
"742",0.69512811,0.71521912,0.74382741,0.79761419,0.93177326,2.002916,0.31975794,-0.49031934,0.0046431273,0.14934463
"743",0.67225357,0.66250684,0.69809081,0.70942649,0.8826516,1.8215612,0.29685746,-0.51142015,-0.00010715064,0.13617552
"744",0.61131917,0.68421418,0.70600436,0.78449859,0.84528316,1.721527,0.29927398,-0.51033616,-0.00029448346,0.1376591
"745",0.68724524,0.73981911,0.69948927,0.80054405,0.90228992,1.6395715,0.25076407,-0.45643709,0.015504694,0.12359257
"746",0.64727302,0.70870165,0.73270248,0.80790362,0.88805168,1.9358677,0.13256439,-0.33410315,0.035747811,0.12308477
"747",0.60577122,0.70584488,0.7390841,0.83195298,0.87813421,1.804987,0.16418663,-0.33893995,0.046924098,0.1456399
"748",0.7157332,0.64479703,0.69298814,0.86767146,0.87839451,1.8683701,0.11000063,-0.2730008,0.03480624,0.16950481
"749",0.75548106,0.70174863,0.71937701,0.82707872,0.9080613,1.881289,0.12528181,-0.2824822,0.040252316,0.17637112
"750",0.73085372,0.72760344,0.69414813,0.79014615,0.86334692,1.4606367,0.14791892,-0.1804546,0.03467541,0.17666499
"751",0.67652755,0.72051923,0.70598823,0.83310403,0.89055039,1.5014872,0.16511085,-0.16492818,0.033845389,0.16559376
"752",0.61200748,0.64530102,0.73752223,0.76645476,0.79980458,1.349287,0.095570914,-0.28529614,0.0096766442,0.15420931
"753",0.65926431,0.72226713,0.73687336,0.8144532,0.90697728,1.5646333,0.10010041,-0.26167717,0.0017090642,0.13651714
"754",0.68607143,0.76927866,0.69923731,0.83988451,0.89166951,1.7399323,0.13581481,-0.19917037,0.0010304722,0.14145684
"755",0.6188185,0.64911517,0.67905006,0.78778388,0.88214724,1.523586,0.23960573,-0.28582482,0.019831391,0.14946488
"756",0.56309672,0.64858435,0.76241181,0.80015423,0.88334573,1.3781176,0.29136466,-0.34180655,0.011763095,0.15004986
"757",0.54279739,0.68521045,0.6767906,0.86026111,0.85434863,1.5209502,0.29633742,-0.37927525,0.015263881,0.15470922
"758",0.66771591,0.70699894,0.72758093,0.90863153,0.91204824,1.8872376,0.15898734,-0.3382744,0.022303885,0.14547222
"759",0.67910133,0.74169814,0.80127244,0.79786619,0.93051212,1.9911938,0.19299449,-0.32719114,0.015421178,0.15372925
"760",0.63093993,0.64397471,0.68890859,0.80330576,0.83685799,1.8730563,0.20799806,-0.19699539,0.016773339,0.14373822
"761",0.65948451,0.70492206,0.72518144,0.83352827,0.92745863,1.6259866,0.23698613,-0.16738823,0.038283179,0.15024088
"762",0.7417827,0.71059706,0.69811612,0.9130555,0.87618649,1.4243819,0.28508343,-0.15161292,0.019151937,0.13833326
"763",0.68030178,0.68352076,0.72714795,0.80031478,0.90462292,1.4899784,0.27203209,-0.19255474,0.025349197,0.12878852
"764",0.62295168,0.72648265,0.74178739,0.7910386,0.90636424,1.5816695,0.23997677,-0.20842073,0.024718613,0.13781529
"765",0.63930249,0.64472491,0.68234856,0.75051591,0.90538717,1.6026864,0.21715167,-0.19047785,0.025842817,0.14398216
"766",0.70547579,0.6907403,0.72301467,0.88846123,0.9086632,1.9713959,0.241615,-0.32497691,0.025632966,0.1394943
"767",0.72659322,0.73410342,0.77914486,0.82173394,0.85885611,1.9049504,0.25233159,-0.32001066,0.031209633,0.14307684
"768",0.70530333,0.73600072,0.71024998,0.82606422,0.87049568,2.2660141,0.23632361,-0.42713884,0.02336718,0.13736664
"769",0.69414773,0.67120366,0.72079793,0.8338119,0.93281149,2.2011747,0.26235593,-0.3932011,0.030561607,0.13992298
"770",0.73143165,0.71979862,0.73393471,0.77648273,0.89570094,1.9637532,0.20411145,-0.38891036,0.039508335,0.14162186
"771",0.63290909,0.70858219,0.73281583,0.86452202,0.8954532,1.6528531,0.19397559,-0.26220399,0.03804269,0.13358987
"772",0.70779104,0.66793554,0.71309577,0.74900199,0.85975509,1.657684,0.093204411,-0.35122865,0.029995187,0.1519418
"773",0.73420084,0.74119071,0.72861545,0.89786891,0.85333754,1.4714491,0.11106446,-0.42043247,0.047657698,0.15566144
"774",0.66819381,0.68655145,0.71209323,0.7446283,0.91423825,2.0363235,0.27722213,-0.46352301,0.025811403,0.13165472
"775",0.6952682,0.70237854,0.71466023,0.85889441,0.84576519,1.8857406,0.29917986,-0.47096173,0.018211451,0.13081644
"776",0.64231836,0.67224481,0.67781423,0.77951729,0.87530095,1.1805773,0.21126333,-0.53954957,0.031425446,0.14152406
"777",0.64067661,0.68797599,0.6964488,0.87476881,0.87979701,1.5850977,0.18345598,-0.37516693,0.027922976,0.13922042
"778",0.66254596,0.66807066,0.67273745,0.87105026,0.8843125,1.5416279,0.3646985,-0.41353113,0.041239038,0.14269232
"779",0.61277729,0.67809585,0.70116049,0.77656639,0.85914007,1.820118,0.33986731,-0.37892055,0.052003329,0.14130792
"780",0.6586775,0.69392222,0.67388823,0.76824185,0.90599108,2.0552218,0.3443506,-0.33115135,0.051132814,0.1607984
"781",0.69345659,0.65151506,0.67988207,0.80807844,0.84825132,2.2232772,0.26622925,-0.35697273,0.049687145,0.14408041
"782",0.70927363,0.69616335,0.68389973,0.79913448,0.91222921,2.4161902,0.22561284,-0.3490459,0.046447775,0.14368274
"783",0.69618495,0.73377325,0.67923094,0.75762076,0.85799567,2.3740826,0.2261874,-0.33340569,0.041363773,0.14180696
"784",0.66598332,0.67414307,0.79132073,0.81644685,0.85333617,2.5110836,0.25947644,-0.3166515,0.039890636,0.14943077
"785",0.62797543,0.7165878,0.74528018,0.83336385,0.96100707,2.2331569,0.26180134,-0.36407279,0.04507901,0.11628294
"786",0.6966007,0.66573437,0.72694689,0.9245502,0.92992831,2.158921,0.25612662,-0.39322956,0.049229188,0.12308529
"787",0.6642169,0.80287596,0.76281684,0.8083124,0.96760801,2.0581317,0.29516603,-0.40233685,0.051075288,0.11576285
"788",0.63760732,0.65333807,0.67997814,0.74385533,0.78876011,2.4024904,0.35905013,-0.40485907,0.037495024,0.12622428
"789",0.76203564,0.69266206,0.73450417,0.87096414,0.89893825,1.8936103,0.26127202,-0.3541452,0.043330262,0.11123457
"790",0.672061,0.60948859,0.70891637,0.80359404,0.89058232,2.069247,0.25397738,-0.44579246,0.057241577,0.14742042
"791",0.62251269,0.6380631,0.63320979,0.79059957,0.85525027,2.1688593,0.22591499,-0.43522226,0.054468389,0.14696569
"792",0.69198384,0.72132495,0.69695072,0.82224975,0.87667166,1.219373,-0.0035651345,-0.34532065,0.021827422,0.15754603
"793",0.66947542,0.59693314,0.68696402,0.77220528,0.85644085,1.4106261,0.31103364,-0.32519046,0.036368465,0.1728091
"794",0.65692912,0.65545333,0.66753021,0.89640622,0.85917272,1.461023,0.21290373,-0.37278541,0.027398321,0.16776858
"795",0.65613107,0.64424821,0.77585555,0.85143131,0.82475584,1.3730603,0.11951253,-0.40044089,0.032401189,0.15674767
"796",0.66907628,0.71196594,0.64342672,0.79070694,0.9624678,1.1264491,0.081705145,-0.32492626,0.030952634,0.13381995
"797",0.64476579,0.70045269,0.70220959,0.81766468,0.85814151,1.3001809,0.041639641,-0.35649915,0.038039389,0.13311036
"798",0.61203233,0.63699163,0.7180105,0.73208362,0.86234652,1.4358854,0.129309,-0.28338846,0.029132173,0.14161426
"799",0.65534095,0.70643035,0.73972874,0.82949734,0.86653665,1.4363639,0.091148059,-0.27600164,0.031792739,0.15209206
"800",0.62590135,0.70978181,0.74656551,0.77166294,0.93042438,1.1941876,0.13531541,-0.23714308,0.029638962,0.15279437
"801",0.64356215,0.68373606,0.73908442,0.74264567,0.89702876,1.216092,0.19129589,-0.19229879,0.023473711,0.15383064
"802",0.66746019,0.65675348,0.69369558,0.87600889,0.87321492,0.98331151,0.13279613,-0.23249082,0.03557818,0.16815094
"803",0.73619783,0.65966662,0.73814416,0.78545575,0.88682232,1.6248742,0.18000391,-0.21651788,0.031566619,0.15812204
"804",0.73399209,0.6797404,0.7435322,0.81077334,0.85220614,1.5809094,0.206041,-0.17053545,0.033166561,0.16103175
"805",0.79168596,0.6076639,0.72924381,0.87967149,0.97187157,1.3338015,0.16799318,-0.24777385,0.035687437,0.17186187
"806",0.66983068,0.68258152,0.72845267,0.8316064,0.82654741,1.5763237,0.25535065,-0.27218977,0.04482659,0.17880665
"807",0.64766344,0.67272882,0.73039657,0.74075968,0.93172566,1.8647102,0.28718407,-0.32315432,0.049208079,0.15763695
"808",0.70993734,0.70040149,0.70515127,0.88534206,0.85874354,1.7579563,0.11680247,-0.27031323,0.051182233,0.14261479
"809",0.64571931,0.67045126,0.7130629,0.81678682,0.91186448,1.8229453,0.13206826,-0.3003948,0.050191326,0.12493288
"810",0.64658919,0.71692915,0.72691478,0.92277046,0.94355,1.6721187,0.1739334,-0.25886754,0.046669593,0.13859965
"811",0.68113604,0.72441177,0.74739425,0.80575401,0.88176588,1.9228759,0.14535224,-0.201464,0.055518504,0.1382889
"812",0.67650901,0.69437473,0.73261658,0.79912368,0.88757943,1.5214151,0.17542688,-0.16795604,0.0448327,0.13686878
"813",0.73562369,0.72809804,0.76875813,0.82541212,0.90244515,1.4076909,0.30595947,-0.14607092,0.045458763,0.14572445
"814",0.73677603,0.70889857,0.76039494,0.84279358,0.90597425,1.4298138,0.31471818,-0.12936282,0.046521775,0.1510702
"815",0.66165661,0.69608919,0.69422,0.76780591,0.87061787,1.3895507,0.2341018,-0.11554374,0.038343718,0.13793425
"816",0.69906055,0.65450326,0.63664344,0.75016744,0.89888569,1.4828511,0.20459252,-0.175604,0.040766792,0.14827358
"817",0.71655116,0.76399609,0.79666921,0.84715108,0.96439122,1.7892286,0.27939187,-0.240067,0.038475572,0.13885965
"818",0.62055063,0.64681538,0.68423808,0.79759184,0.84041497,1.5097561,0.30673469,-0.31586522,0.026371087,0.13163481
"819",0.63692197,0.71154356,0.72604186,0.88884038,0.85288625,1.6492774,0.23546112,-0.34343251,0.023410858,0.14371026
"820",0.65326875,0.69972091,0.75785738,0.8310697,0.86225456,1.558089,0.27962024,-0.21853227,0.024239573,0.14265403
"821",0.66054593,0.70823527,0.69691092,0.81574212,0.92395853,1.7685956,0.25707325,-0.25378869,0.02096842,0.13347538
"822",0.63600356,0.61246673,0.70200567,0.87282751,0.90895532,1.433448,0.32098263,-0.34575522,0.034602537,0.14347244
"823",0.65222832,0.63894949,0.71073624,0.87006836,0.82941374,1.8127509,0.32778017,-0.30746689,0.029477755,0.14169831
"824",0.67970989,0.65171028,0.68844877,0.83546919,0.92406121,1.5786515,0.28163875,-0.30527809,0.035062046,0.14226208
"825",0.76860768,0.5889573,0.67429463,0.82607658,0.85677815,1.6789619,0.30296285,-0.28306859,0.031312721,0.13576922
"826",0.70369787,0.73414274,0.74602988,0.80007112,0.84439286,1.825143,0.26419779,-0.35379481,0.026821228,0.14423844
"827",0.6625374,0.57016381,0.74941615,0.87131063,0.93944656,1.7826201,0.27643734,-0.33220446,0.030422544,0.1407801
"828",0.69165753,0.72874622,0.77564222,0.87586082,0.92782775,2.0189065,0.27976392,-0.27476283,0.028936632,0.14640294
"829",0.64412251,0.70245572,0.68842221,0.7750921,0.75263051,1.6461822,0.28403388,-0.36576716,0.030302542,0.14296993
"830",0.63719431,0.63629602,0.72085226,0.76665325,0.85089919,1.5491928,0.3244274,-0.32435209,0.031137566,0.15193921
"831",0.72772599,0.7256577,0.74129566,0.85231363,0.91663862,1.5957107,0.26508515,-0.2615054,0.022030091,0.17829212
"832",0.6610167,0.68207924,0.69533596,0.78121557,0.88780842,1.4306275,0.28572729,-0.2750693,0.014817298,0.16704464
"833",0.72516667,0.68977731,0.77937567,0.82030099,0.88622179,1.964383,0.26372249,-0.2570572,-0.00073942418,0.18685952
"834",0.56617419,0.7392846,0.64216892,0.77399352,0.86228554,1.9712182,0.30090009,-0.20246516,-0.00054823704,0.18335279
"835",0.79072725,0.74418933,0.77406468,0.89854248,0.9888431,1.8472834,0.19891388,-0.1442363,-0.0014157421,0.18587951
"836",0.66439285,0.70056983,0.66127379,0.80357288,0.89677156,1.937966,0.2692109,-0.29251552,0.016546065,0.16403048
"837",0.70175249,0.7455276,0.67520665,0.83445696,0.95548093,1.9709635,0.28916414,-0.33993221,0.0089553814,0.17160974
"838",0.64906689,0.64819482,0.75034648,0.82789046,0.88027873,1.8192161,0.426752,-0.34227173,0.015234342,0.13506829
"839",0.61260295,0.62396914,0.66552401,0.81617079,0.90755198,1.7491629,0.32197543,-0.27721815,0.012883331,0.1249322
"840",0.67029218,0.59612087,0.68643136,0.72492343,0.83987331,1.7571487,0.37738851,-0.26857114,0.014638273,0.12645985
"841",0.70853053,0.76864063,0.74163981,0.89253007,0.9577213,1.6673054,0.28454685,-0.31905191,0.035020654,0.13136419
"842",0.65336136,0.61817381,0.68090131,0.71431157,0.73899353,1.8468671,0.17386694,-0.27858962,0.012828303,0.13286919
"843",0.71005652,0.75004914,0.72023784,0.84751952,0.94221815,1.0538508,0.25983131,-0.35194041,0.034264601,0.15184208
"844",0.70079675,0.67659076,0.6676173,0.80878993,0.83440145,1.5341182,0.21198496,-0.28510344,0.050823961,0.16196383
"845",0.72930768,0.69127305,0.73315263,0.8953324,0.87341186,1.5379428,0.23714654,-0.38780665,0.041631096,0.15374034
"846",0.71681355,0.70134738,0.696982,0.90929158,0.92999302,1.9615654,0.28194502,-0.32940062,0.036686233,0.16147864
"847",0.7964951,0.68467142,0.72279947,0.79693741,0.88990483,1.9296608,0.2417822,-0.37826059,0.053218432,0.16277681
"848",0.76407468,0.71315329,0.77994631,0.79924166,0.91567446,1.9385412,0.26232856,-0.41157022,0.041605101,0.16600985
"849",0.74018791,0.70899289,0.79694795,0.89396371,0.9326761,1.8825417,0.25541265,-0.39376183,0.04853766,0.16530426
"850",0.63239262,0.62409107,0.74110554,0.83171206,0.90668447,1.9178894,0.25594387,-0.42900855,0.036263878,0.17316588
"851",0.7159589,0.6765894,0.67089991,0.81392163,0.86304925,1.8642453,0.24734595,-0.35129699,0.028521359,0.16647894
"852",0.70357335,0.72973049,0.69425938,0.83066891,0.89941955,1.6222359,0.22470972,-0.37656463,0.031066673,0.16127397
"853",0.71524226,0.71112996,0.85500117,0.89151938,0.90350655,1.4468185,0.20123474,-0.22188838,0.021896132,0.15255151
"854",0.61015103,0.66311232,0.68544038,0.75119141,0.81397519,1.5739392,0.25061114,-0.32691541,-0.0065332192,0.17396161
"855",0.69985082,0.72593589,0.80426973,0.84285453,0.89031619,1.2905487,0.18965883,-0.3362306,0.0013587389,0.16002449
"856",0.66081883,0.70095655,0.69247882,0.78254176,0.89372039,1.6102108,0.25299962,-0.38855061,0.0070778072,0.15638025
"857",0.69943138,0.67991156,0.75491906,0.84416636,0.92726162,1.5063833,0.16718439,-0.3081782,0.0063460422,0.1647842
"858",0.65280969,0.7065981,0.74447243,0.7787587,0.89804768,1.7797903,0.23594223,-0.37815801,0.033538001,0.15489235
"859",0.67148656,0.64876735,0.66491685,0.79224735,0.85681487,1.7512487,0.20803431,-0.43685641,0.033244138,0.14764619
"860",0.72434887,0.75878429,0.7735093,0.88242192,0.95955938,1.7619889,0.28818179,-0.47795766,0.030000205,0.13690923
"861",0.69589285,0.73325642,0.78808259,0.83221843,0.9629922,1.6955622,0.33401497,-0.48640615,0.028667124,0.13971151
"862",0.78953381,0.64698784,0.81659206,0.89005315,0.98772349,1.661199,0.29254924,-0.47079428,0.031226826,0.14177053
"863",0.64009263,0.61272331,0.67965466,0.74159613,0.84509465,1.658605,0.23042958,-0.25932412,0.024370691,0.14117312
"864",0.69940753,0.74789756,0.8116915,0.86481043,0.97306332,1.4366345,0.26560824,-0.42506394,0.0084781915,0.14534148
"865",0.60901344,0.64606171,0.66113563,0.76544968,0.84494123,1.5992362,0.10701089,-0.39745931,0.0090683674,0.15503328
"866",0.69473946,0.7271876,0.78313838,0.79398772,0.93782865,1.5135368,0.23513734,-0.31506756,0.0021351244,0.14855563
"867",0.62515929,0.7492469,0.71109364,0.77297165,0.90472619,1.3458391,0.29398998,-0.33472883,0.021733143,0.15875451
"868",0.64722538,0.68249108,0.73063018,0.84554646,0.91468123,1.51686,0.25682909,-0.32546058,0.017591169,0.15775048
"869",0.69801887,0.69160823,0.66846154,0.79837644,0.89837466,1.8983376,0.30913662,-0.27293818,0.030309647,0.16569655
"870",0.70813811,0.6431512,0.74676822,0.90757562,0.9175591,1.5696161,0.14940109,-0.3661568,0.032765436,0.15009189
"871",0.69280127,0.69599683,0.74164942,0.88830488,0.93815002,1.6009325,0.1802564,-0.43422544,0.033461224,0.14981266
"872",0.62720301,0.69228848,0.70318663,0.808257,0.8640424,1.8436489,0.17888544,-0.43916066,0.028207451,0.14358591
"873",0.65055044,0.62477914,0.70389773,0.81325711,0.90218108,1.8997236,0.24561208,-0.49549114,0.026091162,0.16279357
"874",0.6746772,0.72179804,0.67333934,0.88908519,0.89546973,1.8959737,0.31248873,-0.47159125,0.018551199,0.15125247
"875",0.65265176,0.7027156,0.68606235,0.91700127,0.90751562,1.8908002,0.29046067,-0.48208286,0.020630749,0.15070122
"876",0.71079225,0.69754825,0.67916716,0.85446395,0.887267,1.8564004,0.25958952,-0.47221757,0.015295401,0.15174108
"877",0.69664343,0.63987529,0.70387379,0.85366768,0.83748754,1.6622752,0.25731584,-0.52283125,0.0077492412,0.14169878
"878",0.72521605,0.65574424,0.72370692,0.86752837,0.87161511,1.5007255,0.21058412,-0.53325089,0.0072673649,0.13569828
"879",0.70873037,0.71897865,0.73225699,0.74781288,0.92968363,1.5764753,0.21895714,-0.38062944,0.006169188,0.14948923
"880",0.64947077,0.7903445,0.74340725,0.77510521,0.86040272,1.6775712,0.1382984,-0.35417527,0.0043714102,0.14474455
"881",0.66513497,0.68436412,0.7277385,0.72250092,0.89254624,1.6073458,0.14796158,-0.37667037,-0.0016170095,0.1325048
"882",0.7060184,0.73111136,0.70994437,0.92245389,0.91098512,1.4566745,0.079660021,-0.46299368,0.016288656,0.14147103
"883",0.69712223,0.64866759,0.71037405,0.8394102,0.89596969,1.3446252,0.086966607,-0.41248927,0.02815178,0.13662599
"884",0.67861248,0.70774877,0.70311274,0.81189664,0.87770686,1.4055754,0.33149903,-0.30284715,0.02119267,0.14382048
"885",0.61932069,0.66201185,0.70194462,0.81351594,0.91064932,1.1854563,0.20487765,-0.36348213,0.02660755,0.16324995
"886",0.6209017,0.66259772,0.67224822,0.84243767,0.87191,1.4878014,0.1922623,-0.29953197,0.026516501,0.15168921
"887",0.71143673,0.71330254,0.72469314,0.86046114,0.85517717,1.4377693,0.14407629,-0.33488045,0.034887248,0.17137485
"888",0.61806006,0.69427084,0.71605013,0.75341899,0.92504197,1.7305011,0.28193062,-0.40613244,0.027841173,0.17650741
"889",0.72305569,0.73302625,0.76848598,0.81412087,0.8787685,1.5985117,0.32106292,-0.29930582,0.028220334,0.1681402
"890",0.63148367,0.56585197,0.68006634,0.860959,0.83829908,1.5292178,0.2708755,-0.30386774,0.039540917,0.17230851
"891",0.65717247,0.76241136,0.76594727,0.86586129,0.98613086,1.4583358,0.18738111,-0.41616352,0.035738246,0.16646594
"892",0.65430935,0.65249336,0.70130088,0.78510328,0.95300128,1.6088626,0.19955794,-0.38546287,0.022826268,0.16657446
"893",0.62449993,0.70661107,0.71784828,0.77505857,0.84627726,1.9726677,0.25230704,-0.35901224,0.021844461,0.16264234
"894",0.68271754,0.66879893,0.68874145,0.87821522,0.89994705,1.5709211,0.19030465,-0.3913759,0.033891962,0.16896424
"895",0.64073084,0.68477431,0.73310237,0.90655505,0.93168968,1.3946279,0.26340567,-0.37044364,0.01182438,0.14410333
"896",0.72628602,0.69607604,0.74741819,0.89560504,0.88645268,1.1215217,0.20831823,-0.37374046,0.0011414428,0.14637062
"897",0.66413353,0.69036134,0.73426386,0.76122288,0.86094276,1.2287677,0.36064204,-0.27442145,0.010305931,0.14739277
"898",0.69858951,0.7051145,0.69886309,0.76050292,0.89506069,1.2815364,0.27649092,-0.35322364,0.0096970433,0.14535655
"899",0.68832752,0.70930652,0.77245541,0.88558635,0.90029085,1.1882987,0.28873519,-0.31868838,0.019090776,0.14023885
"900",0.55732994,0.72562284,0.72951199,0.85260313,0.86771999,1.4415449,0.34145155,-0.3122012,0.026757514,0.14699983
"901",0.59222982,0.73996557,0.75957687,0.90176469,0.91750941,1.2403306,0.23581772,-0.35015308,0.027789802,0.1587609
"902",0.64918397,0.71005446,0.73552745,0.86800953,0.89384315,1.4354284,0.24088592,-0.31052074,0.027330393,0.16100169
"903",0.71348739,0.69499277,0.72078771,0.82280142,0.92191867,1.8389444,0.23149272,-0.32216801,0.031058201,0.17681742
"904",0.7850705,0.71754464,0.72961989,0.8625584,0.91057523,1.3696654,0.22483367,-0.32638787,0.031267727,0.16391872
"905",0.61510514,0.69278139,0.71277561,0.8379768,0.87318826,1.7677316,0.32792122,-0.21414074,0.045491408,0.14716894
"906",0.63816556,0.6792234,0.69059491,0.8898518,0.88545192,1.6938737,0.27780765,-0.30864758,0.03858699,0.14522961
"907",0.61987939,0.65732719,0.73146085,0.89244839,0.88112391,1.5709183,0.27432982,-0.33205097,0.03153426,0.1502924
"908",0.68382202,0.68522919,0.71054148,0.93452797,0.91433588,1.7799098,0.30197518,-0.40287106,0.034186651,0.14567031
"909",0.62041038,0.66108463,0.75368783,0.76278294,0.91650362,2.161342,0.3089316,-0.44358404,0.037071917,0.14342581
"910",0.61566647,0.72945929,0.69331263,0.76793345,0.88471235,2.0779283,0.23083812,-0.36642069,0.038544852,0.14328976
"911",0.65165488,0.74143279,0.76507196,0.75189851,0.93258442,2.2256545,0.28680443,-0.36372515,0.037439679,0.1355758
"912",0.70888507,0.68053823,0.71742475,0.83071445,0.85476672,2.262616,0.30892691,-0.35076118,0.034350223,0.138971
"913",0.61096518,0.7588701,0.73953881,0.8116536,0.8745341,2.008919,0.21463921,-0.39556932,0.023485587,0.13854154
"914",0.55417483,0.60020635,0.74924426,0.80594476,0.84029834,1.81641,0.21116096,-0.45035338,0.025792136,0.14070199
"915",0.66483674,0.69868314,0.75434216,0.81376413,0.94236831,1.585138,0.29568435,-0.45834485,0.028750817,0.14819255
"916",0.70158981,0.64875338,0.71688031,0.85064248,0.87741877,1.4273418,0.24862756,-0.24646368,0.024947782,0.14649513
"917",0.70460363,0.65411117,0.70433583,0.80218135,0.87583942,1.6070028,0.24777523,-0.25562453,0.026242774,0.15477671
"918",0.64457062,0.67348136,0.70407283,0.76653346,0.93516789,1.4977582,0.24766374,-0.30391419,0.038353044,0.15619294
"919",0.62234716,0.70827664,0.72377507,0.86537922,0.90651962,1.2770407,0.19406369,-0.38904865,0.035896397,0.17035607
"920",0.69136184,0.75069839,0.74188137,0.84221551,0.91185176,1.2033958,0.19111779,-0.40518936,0.033223889,0.1760348
"921",0.7316016,0.68761656,0.76044819,0.82133264,0.86527416,1.1730103,0.1357275,-0.40857824,0.022024958,0.17132589
"922",0.58895424,0.68730692,0.7168345,0.76729399,0.87082571,1.3224222,0.13676212,-0.47207899,0.02511616,0.17748642
"923",0.68727827,0.66492438,0.73138458,0.76954715,0.91667199,1.4079165,0.27309377,-0.41033702,0.039324262,0.18676053
"924",0.72643,0.60368734,0.69448659,0.81612069,0.88375201,1.7190625,0.2535902,-0.52361564,0.035580777,0.18380886
"925",0.55174111,0.71484127,0.68835943,0.81595174,0.87414635,1.4918143,0.21452957,-0.60566655,0.036445676,0.1807172
"926",0.729712,0.69814455,0.73585507,0.78441714,0.85874049,1.3862342,0.29095214,-0.42141752,0.021068727,0.1829302
"927",0.65191484,0.69484546,0.73618417,0.84610574,0.90187766,1.3467548,0.17562471,-0.37540989,0.026189759,0.18247702
"928",0.70884296,0.68262272,0.72578171,0.80996566,0.88659959,1.6518741,0.23417006,-0.44951296,0.0184073,0.17013285
"929",0.7406055,0.73520837,0.74377849,0.84503842,0.88043744,1.5511044,0.23580632,-0.42675573,0.019388797,0.16676833
"930",0.71638231,0.76224382,0.77172414,0.82138886,0.84262316,1.6133403,0.20859762,-0.41063198,0.025694753,0.16109251
"931",0.74878091,0.73539853,0.7475296,0.8347021,0.95049389,1.6013108,0.22099408,-0.36681164,0.030516038,0.14321538
"932",0.71305343,0.78533954,0.75054451,0.89290599,0.85969113,1.509727,0.22306719,-0.37614054,0.030081114,0.13037243
"933",0.69410407,0.66798951,0.71551294,0.83588748,0.85290902,1.4920668,0.25222692,-0.36335968,0.029055967,0.13538627
"934",0.70406932,0.69693502,0.71589299,0.75928152,0.8839614,1.4152609,0.2879729,-0.46597545,0.046406344,0.14365463
"935",0.68582452,0.70067934,0.69601008,0.75207679,0.84160217,1.2416026,0.33896928,-0.47168417,0.052192295,0.13275497
"936",0.71731906,0.67947654,0.73561957,0.82587515,0.88880961,1.1497608,0.41837576,-0.49818819,0.046023061,0.11230811
"937",0.70337455,0.70477813,0.74538971,0.85119156,0.94420294,1.2497581,0.27304816,-0.54343688,0.037397715,0.12679472
"938",0.66015956,0.65881307,0.7015092,0.79666917,0.82754248,1.4443177,0.19235758,-0.40081071,0.027089983,0.13738204
"939",0.72357257,0.76804271,0.74249386,0.87449547,0.96087392,1.5099143,0.16729923,-0.36447094,0.016445119,0.15374322
"940",0.6692276,0.64324619,0.71684095,0.77434496,0.83092368,1.6565396,0.14766641,-0.34199324,0.025131423,0.15400609
"941",0.70543137,0.72969164,0.71048705,0.82238539,0.96715331,1.6537443,0.11118717,-0.39959816,0.026319188,0.1722602
"942",0.70594297,0.6672949,0.7062659,0.78123145,0.88067903,1.7107939,0.16554193,-0.41104156,0.03411966,0.16111922
"943",0.67835367,0.69732725,0.7623952,0.85194545,0.8594034,1.3139221,0.17774765,-0.36597927,0.016795521,0.15702417
"944",0.7197664,0.66641462,0.76486282,0.8544259,0.89560297,1.2946812,0.22755827,-0.33355529,0.016960418,0.1436295
"945",0.68809433,0.65823978,0.74044036,0.82125815,0.88342359,1.2065855,0.20413221,-0.33620937,0.011203544,0.1443608
"946",0.69262901,0.69822342,0.75103436,0.81786562,0.93176622,1.3418542,0.29105615,-0.32795664,0.022861505,0.13827199
"947",0.68828287,0.70337097,0.7165516,0.82982516,0.90946826,1.5280022,0.31089136,-0.35182466,0.018549881,0.13603527
"948",0.63668462,0.73329823,0.73273979,0.80959586,0.92564987,1.4677085,0.26297575,-0.34313902,0.019861749,0.13670809
"949",0.65009234,0.67158596,0.7578007,0.83636981,0.91868069,1.7948501,0.32127213,-0.46278378,0.017735791,0.14356471
"950",0.76104756,0.74115905,0.73949104,0.82123765,0.89980223,1.8571442,0.24415542,-0.47578842,0.012304459,0.13731054
"951",0.68781734,0.69207148,0.78437653,0.86594384,0.97090222,1.7038638,0.25880663,-0.38214705,0.0076851429,0.1420591
"952",0.72229717,0.70479048,0.78871931,0.89198456,0.962974,1.8841182,0.28359609,-0.3508908,0.005266461,0.14485773
"953",0.69858361,0.65781323,0.68327939,0.78142063,0.80397556,1.8611203,0.27846158,-0.43991174,0.022558763,0.14549878
"954",0.67681588,0.73267607,0.76998618,0.90254068,0.94068541,1.8630688,0.27614087,-0.45551403,0.022853736,0.16679523
"955",0.78591195,0.77409634,0.71069808,0.90029532,0.93783299,1.4469877,0.18657851,-0.47394447,0.026554115,0.17517627
"956",0.67565732,0.72097006,0.80002,0.90604246,0.94992078,1.6272392,0.21787943,-0.4117195,0.025161657,0.1648649
"957",0.63553767,0.66023735,0.73577483,0.79846544,0.82490574,1.5498805,0.20907367,-0.2869106,0.033796621,0.15169469
"958",0.78404803,0.76474234,0.71935082,0.88592981,0.93335513,1.5600658,0.1798304,-0.26019609,0.037963897,0.15051371
"959",0.67144699,0.67883174,0.75907864,0.87388907,0.89471179,1.6291866,0.17307058,-0.30542581,0.029451772,0.15091624
"960",0.70266647,0.72135696,0.69514204,0.81205512,0.91632353,1.9370656,0.25850248,-0.29277237,0.031968215,0.16145181
"961",0.69907912,0.58868643,0.72034215,0.89484376,0.88337292,1.8320208,0.17244101,-0.15875361,0.018614948,0.16007682
"962",0.72099702,0.80381454,0.68498067,0.79322553,0.91607239,1.8374196,0.25312152,-0.22745554,0.023098768,0.16047873
"963",0.68383557,0.74326738,0.70637875,0.79769506,0.87487041,1.859223,0.25827623,-0.20680348,0.02468577,0.15871596
"964",0.70288538,0.74054256,0.69140872,0.77092394,0.90125367,1.9489591,0.21020803,-0.26218153,0.029556076,0.15268752
"965",0.67109321,0.68572508,0.72410319,0.82167261,0.83868813,1.9645057,0.16282748,-0.25169175,0.030684247,0.15058253
"966",0.68645093,0.70761073,0.71264107,0.79704758,0.89530235,2.1829596,0.13721446,-0.22941273,0.036917435,0.13837838
"967",0.7124311,0.68711395,0.7627915,0.83766376,0.86463448,2.0427315,0.16815855,-0.20394369,0.036432579,0.13075251
"968",0.65562431,0.70916546,0.70657632,0.80519091,0.90957956,2.0947299,0.14977551,-0.19316542,0.032147208,0.1408394
"969",0.77160671,0.72276161,0.78505673,0.82953431,0.87826573,2.3684613,0.20342803,-0.17569808,0.035847599,0.14896883
"970",0.73085747,0.68815697,0.7493373,0.84006317,0.98834146,1.8719728,0.17625812,-0.16287014,0.035993256,0.15373324
"971",0.73377843,0.69032683,0.75861635,0.87640519,0.98959683,2.1758155,0.25639812,-0.16904998,0.036425843,0.15093814
"972",0.70960825,0.69448336,0.72751591,0.8611641,0.95234962,2.0482766,0.1662763,-0.20591086,0.033972969,0.1541927
"973",0.67390632,0.69717234,0.72421552,0.83437067,0.88725903,1.7966278,0.15175222,-0.25653509,0.033737954,0.14949771
"974",0.67602847,0.68769954,0.72328057,0.90541076,0.97807759,1.5261101,0.14952171,-0.19574413,0.029548464,0.13844269
"975",0.56956827,0.6548944,0.6626175,0.85791793,0.84292586,1.6016031,0.14901604,-0.21543113,0.037731095,0.1421765
"976",0.68356688,0.69633079,0.68036314,0.78512463,0.87159919,1.4841462,0.18643451,-0.30318737,0.034449024,0.14491866
"977",0.65760153,0.66790569,0.72278118,0.88519353,0.92531509,1.4716174,0.23787795,-0.22823959,0.054622379,0.14829401
"978",0.60328609,0.6894705,0.74560499,0.88684396,0.88444855,1.4566085,0.18631178,-0.24096122,0.054114308,0.1554389
"979",0.6301789,0.68429964,0.74583405,0.76074554,0.88287764,1.5438274,0.31742527,-0.37651116,0.058724073,0.15129728
"980",0.66500398,0.70756727,0.70759061,0.75375818,0.89389127,1.4302804,0.2589489,-0.43401925,0.058885914,0.14987801
"981",0.67925138,0.73261228,0.74811282,0.7745944,0.89643754,1.3921869,0.15016085,-0.36989824,0.04679129,0.14727094
"982",0.64759509,0.63792693,0.73315947,0.81497664,0.86726416,1.1257893,0.26824502,-0.4913624,0.037730157,0.14958951
"983",0.65311841,0.64808032,0.70981853,0.84705609,0.8836051,1.1817657,0.31742768,-0.47506977,0.040587456,0.14798092
"984",0.70807612,0.68746632,0.69752165,0.83430721,0.86218214,0.93429627,0.1769413,-0.44540832,0.022119536,0.16600293
"985",0.64836833,0.78455532,0.76467475,0.80222124,0.94940417,1.2575961,0.2022981,-0.44184481,0.018801707,0.16597226
"986",0.71360015,0.72692096,0.72221654,0.86322156,0.87041136,0.97110415,0.2074217,-0.47113412,0.015983769,0.16157572
"987",0.60582162,0.70772998,0.73076192,0.8055578,0.87999849,1.1248738,0.26719782,-0.36441183,0.025803843,0.15828308
"988",0.71626579,0.70029314,0.76036447,0.80294174,0.85980586,1.8064209,0.23763883,-0.33257075,0.027985073,0.16400674
"989",0.68815039,0.73998357,0.74408939,0.88841284,0.89562364,1.8817022,0.24199995,-0.32029093,0.0038974498,0.1548013
"990",0.71329926,0.65829405,0.71485828,0.80084919,0.88587691,1.8459226,0.26790309,-0.34402963,0.0076391111,0.1527815
"991",0.7127394,0.67599769,0.70132674,0.80896143,0.83285562,1.7947639,0.28709439,-0.32629597,0.01248408,0.15698042
"992",0.69398359,0.74241592,0.7796782,0.8680339,1.0265411,1.0232377,0.36459587,-0.39913801,-0.0056209816,0.14336115
"993",0.6546389,0.65253879,0.66492335,0.85492941,0.88151069,1.1961367,0.38554743,-0.30885986,0.0039878927,0.15367992
"994",0.72326229,0.73473092,0.78001663,0.84152918,0.902764,1.4902948,0.26815883,-0.39891926,0.018699848,0.16308547
"995",0.59582879,0.63129925,0.65149037,0.89099819,0.82728289,1.7898697,0.3825625,-0.3935726,0.019474032,0.18607166
"996",0.77322807,0.71162464,0.79440639,0.77196256,0.93467323,1.6029505,0.11640909,-0.45474583,0.042981051,0.17164507
"997",0.73537736,0.69847884,0.74169047,0.71868376,0.87137507,1.6258796,0.11099425,-0.47883645,0.032485163,0.16662033
"998",0.65880489,0.74618169,0.76053283,0.77003543,0.8765519,1.4900943,0.17155177,-0.49244066,0.047128222,0.19282403
"999",0.62614967,0.67406343,0.68094691,0.76766214,0.85992024,1.3250441,0.17853795,-0.45736842,0.049371274,0.17237561
"1000",0.60517686,0.70236012,0.69961123,0.78874956,0.85243902,1.3860104,0.17626045,-0.44095235,0.051822162,0.16880874
"1001",0.71360923,0.6687854,0.73270936,0.83477991,0.85577798,1.9774504,0.19934355,-0.2406543,0.030285715,0.18230931
"1002",0.76066555,0.71770119,0.72956932,0.82699996,0.8637147,1.4472673,0.16906093,-0.32758915,0.043470298,0.16170619
"1003",0.61754383,0.64147031,0.70318388,0.79319213,0.90849301,1.9616435,0.18198091,-0.31669054,0.030382334,0.14646312
"1004",0.67523278,0.7031663,0.72001299,0.78574801,0.87833543,1.2466021,0.068768788,-0.31433923,0.024691992,0.16602484
"1005",0.68078036,0.65816879,0.69967838,0.77411735,0.86744687,1.3622498,0.1737226,-0.42662806,0.030926222,0.13979082
"1006",0.64709609,0.67295605,0.72741096,0.93222977,0.88542792,1.1330437,0.3442207,-0.42596478,0.033303588,0.17237519
"1007",0.64056339,0.68978054,0.73785372,0.89679151,0.90527428,1.078636,0.31721385,-0.43808512,0.05306511,0.16529711
"1008",0.63230829,0.6191639,0.66057201,0.74468845,0.85276924,1.0534271,0.21266772,-0.38802109,0.056360604,0.16167246
"1009",0.62795407,0.67668093,0.65038187,0.88197634,0.92943046,1.4436293,0.26492137,-0.30867811,0.051696892,0.15783578
"1010",0.62953314,0.70507204,0.68410062,0.90344094,0.90905941,1.4740438,0.30590164,-0.23136548,0.048488372,0.15458106
"1011",0.73078203,0.68109504,0.73548979,0.86742701,0.77830502,1.3127654,0.26479877,-0.41350005,0.029867461,0.14812692
"1012",0.73934108,0.70664955,0.74570852,0.80011981,0.9092429,1.2166973,0.16808505,-0.39913555,0.026419085,0.13925079
"1013",0.74472256,0.67979646,0.72846948,0.85829674,0.89458121,1.1835919,0.20314761,-0.38285465,0.026288116,0.1423137
"1014",0.67445624,0.69386024,0.7485343,0.80880194,0.95986847,1.187074,0.14159879,-0.38899673,0.011330822,0.14978147
"1015",0.6936911,0.67270139,0.7120305,0.76747414,0.92380589,1.0348042,0.18554283,-0.43049681,0.019162601,0.15331073
"1016",0.62339251,0.63848288,0.613006,0.83948379,0.77538416,1.5236359,0.24724844,-0.41660895,0.026322784,0.15757929
"1017",0.68280658,0.64856691,0.73179517,0.81985363,0.94860814,1.2060163,0.2607319,-0.43040427,0.020742961,0.17739379
"1018",0.7015816,0.67595614,0.72113154,0.85185575,0.78530544,1.3655068,0.1638239,-0.22261305,0.017672351,0.18382161
"1019",0.70586726,0.66482711,0.71898095,0.86548208,0.77972369,1.4565136,0.17921501,-0.24587708,0.016632672,0.18718478
"1020",0.62806437,0.62368732,0.69390941,0.85885676,0.87438715,1.4204025,0.24100169,-0.26584646,0.022236958,0.17008038
"1021",0.7142869,0.70627928,0.74998824,0.86765054,0.87477688,1.3563378,0.2371351,-0.25363904,0.024400524,0.17203237
"1022",0.59717465,0.65986545,0.69426127,0.84548907,0.87678573,1.5644791,0.25744144,-0.17606728,0.012852911,0.17562588
"1023",0.62823709,0.6772706,0.71760799,0.80001828,0.87465738,1.7161486,0.24425176,-0.14125016,0.0081435661,0.17577498
"1024",0.62102341,0.68209096,0.70277999,0.77732484,0.86939883,1.8326631,0.27307401,-0.13534406,0.01433214,0.17431587
"1025",0.58627589,0.67326466,0.71061568,0.80347698,0.88164854,1.7485455,0.25273512,-0.16152899,0.014753684,0.17466037
"1026",0.55726814,0.68173472,0.68663085,0.78997488,0.8923915,1.9152092,0.28404101,-0.078850173,0.018602419,0.17497361
"1027",0.7087033,0.63874202,0.7429462,0.84884433,0.84745112,1.5645685,0.30459738,-0.2980208,0.011766817,0.17979429
"1028",0.65873783,0.64062366,0.74556793,0.8005182,0.92720651,1.5162291,0.26968275,-0.25577036,0.014049055,0.16054995
"1029",0.68158106,0.68716961,0.72670557,0.77768473,0.94856482,1.6436693,0.21402259,-0.22319911,0.010044121,0.16366878
"1030",0.7295065,0.68163569,0.69578358,0.82666969,0.97688195,1.7084289,0.23092106,-0.2109196,0.006628548,0.15854827
"1031",0.65853818,0.74493431,0.75524886,0.76483714,0.84361758,1.9934121,0.2312801,-0.2819682,0.031679921,0.15147061
"1032",0.64320408,0.67170258,0.68477951,0.80122423,0.89289428,1.7729189,0.1974431,-0.35565947,0.030910707,0.14692781
"1033",0.62036872,0.67893452,0.72428648,0.85041919,0.91748005,1.6644834,0.16687574,-0.33708046,0.032701441,0.14407481
"1034",0.64021839,0.66487877,0.71269465,0.79992262,0.94650922,1.6979139,0.18386375,-0.3460924,0.030792833,0.14568273
"1035",0.72220291,0.72880949,0.72133999,0.82571815,0.91716675,1.7153086,0.19671501,-0.45889646,0.038485004,0.15234375
"1036",0.67854462,0.6707349,0.71115334,0.88513385,0.91490932,1.5879633,0.24932421,-0.51329639,0.042149278,0.16038713
"1037",0.62288845,0.64444369,0.69116456,0.91209527,0.88613576,1.4612635,0.36071862,-0.50309773,0.045091974,0.1528277
"1038",0.59955502,0.64875758,0.69746718,0.91430296,0.89944474,1.2816396,0.36411414,-0.52412986,0.044776536,0.15402692
"1039",0.68582792,0.72447593,0.75704592,0.75696817,0.92954597,1.2199393,0.37059491,-0.55636121,0.034833564,0.14526863
"1040",0.67899892,0.65415445,0.74947759,0.8408841,0.94828063,1.4016438,0.38028462,-0.47237174,0.018417976,0.15271396
"1041",0.6177966,0.67187201,0.67488219,0.79739709,0.84132875,1.7286712,0.39467414,-0.46843557,0.017159101,0.14890001
"1042",0.69659285,0.70648363,0.75895331,0.76345929,0.86731384,1.3344945,0.26896728,-0.37756426,0.005679344,0.16161419
"1043",0.66743637,0.64620907,0.73425741,0.79721436,0.91870418,1.5971175,0.31790347,-0.45879464,0.017710305,0.18141089
"1044",0.65202463,0.68733864,0.65830647,0.85607863,0.8446453,1.7407954,0.29412577,-0.50072987,0.020254446,0.18464708
"1045",0.67509299,0.66319809,0.68749421,0.82585443,0.87640232,1.5018473,0.280826,-0.52183275,0.017030623,0.18930864
"1046",0.66314487,0.65166652,0.68663583,0.81567824,0.89027135,1.7380522,0.13571253,-0.53697315,0.01623667,0.18755797
"1047",0.73303524,0.71298001,0.75787463,0.79795408,0.83648142,1.6910552,0.067530956,-0.48956584,0.016697231,0.18748725
"1048",0.68845081,0.70757117,0.69681296,0.81596414,0.86424796,2.0975805,0.042546221,-0.43544812,0.012131421,0.14496472
"1049",0.63699608,0.62035356,0.67852698,0.74479756,0.86517413,2.1621583,0.080077315,-0.4364319,0.013900246,0.14618742
"1050",0.68943211,0.69969842,0.76820787,0.83000217,0.94537156,1.9010561,0.19062253,-0.43364562,0.015356253,0.15472397
"1051",0.66172675,0.75023924,0.74668608,0.85824113,0.89510914,2.233682,0.28362555,-0.33024114,0.026235213,0.16017976
"1052",0.61906682,0.66833349,0.69879795,0.80860846,0.84637604,2.2638384,0.40233375,-0.37405572,0.01904076,0.15498354
"1053",0.71414218,0.76831051,0.71706228,0.75857143,0.84758744,1.9407488,0.29174479,-0.41436632,0.029204617,0.15448045
"1054",0.66053637,0.72007255,0.70720461,0.74610673,0.88432278,2.0024648,0.31955516,-0.36518811,0.021316375,0.15844826
"1055",0.68419934,0.68533148,0.65977078,0.80831919,0.8944695,2.0141466,0.32056058,-0.39260453,0.019420515,0.15943861
"1056",0.69821052,0.64402746,0.69292599,0.80715962,0.90319671,2.1122318,0.25303847,-0.41894693,0.022169334,0.1630866
"1057",0.62344938,0.72544295,0.70968213,0.80179772,0.92768509,1.6499719,0.098259067,-0.29053166,0.010685874,0.17991388
"1058",0.58349171,0.62410901,0.73196895,0.79955589,0.90720949,1.3830769,0.19797268,-0.32185443,0.01679784,0.16352763
"1059",0.70914806,0.70817821,0.71012348,0.78872055,0.90741774,1.4677445,0.24781361,-0.35679435,0.021751186,0.19206385
"1060",0.75892444,0.71045831,0.74653996,0.83059955,0.86573715,1.4257495,0.22512947,-0.36770233,0.015199033,0.19187511
"1061",0.70150055,0.7217887,0.73108698,0.89119166,0.94005727,1.4790565,0.23333767,-0.32393471,0.026842988,0.18513311
"1062",0.57461299,0.64790045,0.66140055,0.78382584,0.84118018,1.4252937,0.22844897,-0.24064566,0.018979316,0.18525661
"1063",0.73315393,0.74379566,0.77343202,0.91488641,0.95638509,1.5248426,0.23690542,-0.40317173,0.021362987,0.16662091
"1064",0.67715756,0.61835082,0.72776671,0.82923752,0.88843517,1.6402775,0.23146291,-0.4227312,0.023327661,0.16955375
"1065",0.71201405,0.71870216,0.71679705,0.83163283,0.85418802,1.5746783,0.2735428,-0.45066307,0.020370913,0.17065524
"1066",0.71207626,0.67762628,0.77068455,0.84264093,0.92820589,1.5233978,0.25962538,-0.41354969,0.020751643,0.16724852
"1067",0.58949199,0.69192677,0.68791607,0.76700327,0.86698716,1.8730971,0.17445934,-0.35326187,0.018666603,0.17872967
"1068",0.61876466,0.66466629,0.66312313,0.78252586,0.89703417,1.8733141,0.16983224,-0.37842409,0.015567045,0.17765377
"1069",0.70896438,0.65025101,0.76392013,0.82331608,0.94580037,1.4186331,0.41726814,-0.29855786,0.022760073,0.17933028
"1070",0.64055881,0.68832208,0.68550969,0.83548621,0.85829658,1.5973421,0.066835799,-0.38104048,0.024020804,0.19248166
"1071",0.67550516,0.70765512,0.75998421,0.84873912,0.87477124,1.5420409,0.26330611,-0.42637004,0.020167008,0.16201301
"1072",0.6782272,0.74684314,0.78386399,0.80852058,0.93702938,1.8124581,0.28771782,-0.44250322,0.018753468,0.16105135
"1073",0.70437526,0.75107444,0.70877065,0.83309187,0.84694651,2.348879,0.27194665,-0.29713855,0.025387578,0.15829461
"1074",0.65432282,0.76811433,0.70586205,0.77895013,0.8874438,3.2297131,0.16988766,-0.32291376,0.0075681303,0.17374254
"1075",0.66464073,0.67078652,0.73833246,0.8101487,0.83017636,2.211779,0.18974335,-0.34172432,0.014352008,0.15236936
"1076",0.6655783,0.71924459,0.77418403,0.89059294,0.98888702,1.6142799,0.18074709,-0.39903612,0.013862366,0.14795742
"1077",0.73415581,0.71968637,0.76515115,0.9946375,0.93226284,1.6820556,0.23797274,-0.40500805,0.031274233,0.16010487
"1078",0.72602403,0.69655632,0.71287861,0.90680466,0.87243943,1.6266835,0.29053963,-0.4015046,0.011889677,0.18035059
"1079",0.66584949,0.67975477,0.74970894,0.76777337,0.95898021,1.4180023,0.33654585,-0.44193579,0.029833728,0.15651748
"1080",0.68586178,0.69976738,0.72683493,0.84161282,0.86780594,1.732405,0.44789223,-0.35578652,0.039346145,0.15429058
"1081",0.66424919,0.64125039,0.65576817,0.78431628,0.87756558,1.9206314,0.46343501,-0.29823986,0.029670758,0.15635149
"1082",0.67401389,0.617836,0.76232585,0.69084844,0.88664036,1.8327367,0.65116875,-0.29185601,0.021925219,0.1493817
"1083",0.65479483,0.60180118,0.75217633,0.68335402,0.87585821,1.8160931,0.62854207,-0.32766753,0.025442965,0.14703101
"1084",0.62831592,0.63693452,0.73245924,0.83495724,0.91057984,1.7998289,0.50990378,-0.24728302,0.031112533,0.1457485
"1085",0.62781974,0.71557794,0.67484627,0.7688017,0.88905854,1.7975273,0.38809058,-0.27646682,0.030560525,0.1490677
"1086",0.58026637,0.61331623,0.6897775,0.78192719,0.89235562,1.8131604,0.31293966,-0.36629835,0.039126836,0.14504392
"1087",0.61223719,0.72022512,0.73368672,0.8337356,0.8826125,1.2957249,0.3027269,-0.43707663,0.034965952,0.1239092
"1088",0.72253563,0.64004656,0.67459083,0.83678609,0.85643943,1.5002242,0.29817141,-0.46404111,0.019794021,0.13828149
"1089",0.59256249,0.65661387,0.70433476,0.82487072,0.85787858,1.7340935,0.26815705,-0.45048218,0.020590861,0.13356038
"1090",0.65479017,0.68909951,0.74824354,0.78030543,0.87875183,1.650076,0.32306912,-0.56663021,0.01509632,0.13099844
"1091",0.65170319,0.71557182,0.73690551,0.80714027,0.90099415,1.6414943,0.31166647,-0.53654,0.013786398,0.12818845
"1092",0.61690781,0.70295899,0.67083988,0.8126397,0.82088125,1.549789,0.30998863,-0.46100394,0.014486814,0.15102774
"1093",0.71578135,0.7271443,0.75552657,0.83458691,0.93237766,1.3292125,0.26840901,-0.38139001,0.00043706974,0.15234245
"1094",0.65584897,0.64648253,0.67840775,0.84469643,0.85008441,1.6941838,0.24951906,-0.36556794,0.018264164,0.14934051
"1095",0.71828563,0.6896347,0.71083938,0.80787115,0.85497131,1.8441947,0.24577549,-0.23131584,0.023112711,0.143601
"1096",0.68246658,0.65644581,0.68778465,0.69482732,0.81570504,1.9716536,0.26086392,-0.33479152,0.024921883,0.14713481
"1097",0.62119115,0.66677339,0.72826773,0.85733165,0.93875529,2.3291397,0.14469827,-0.55324421,0.02467588,0.12644823
"1098",0.67182611,0.6845202,0.74851256,0.85301616,0.89997017,2.1432651,0.066347496,-0.51495652,0.027724205,0.14067557
"1099",0.6862422,0.69070139,0.71330003,0.95486438,0.8576225,2.1424851,0.076551924,-0.5308255,0.028894671,0.13355379
"1100",0.70483375,0.70948205,0.74377144,0.86519706,0.89632953,2.4284636,0.084336003,-0.49318878,0.022322787,0.13601773
"1101",0.62092983,0.71464176,0.67547612,0.73267748,0.89176526,2.0093499,0.13467398,-0.44891113,0.03227492,0.14318253
"1102",0.77610819,0.70975052,0.77082513,0.73601079,0.90836342,1.9636121,0.15844656,-0.43446765,0.026111171,0.13708573
"1103",0.57880923,0.67704106,0.7090345,0.90316702,0.87813336,2.0680277,0.11884607,-0.4711631,0.019645305,0.14991659
"1104",0.57194095,0.65951097,0.70756057,0.83814615,0.85184266,2.2219132,0.1248459,-0.40409577,0.023532219,0.15354394
"1105",0.61438073,0.66805768,0.74935453,0.78313912,0.84516286,2.1239724,0.12071122,-0.40559854,0.026815207,0.15961816
"1106",0.5470226,0.649219,0.66661451,0.76125509,0.8284332,2.1349436,0.13780635,-0.35328037,0.036531333,0.16370231
"1107",0.53206589,0.62906953,0.72169566,0.74913306,0.80706793,1.8729075,0.14267598,-0.36471793,0.041171111,0.16233129
"1108",0.64036692,0.69482877,0.69048058,0.79551569,0.91728153,1.9333893,0.18119279,-0.38563112,0.046110181,0.16457515
"1109",0.72108717,0.65617885,0.73445341,0.75833305,0.81283227,2.0852885,0.17295526,-0.29207767,0.042054683,0.17086486
"1110",0.70043537,0.66305139,0.69098647,0.75013103,0.88258203,1.715094,0.15792868,-0.32011642,0.036258293,0.16530846
"1111",0.719461,0.70195299,0.72937546,0.79812237,0.86556732,1.2891078,0.23860843,-0.36749316,0.040204558,0.17329706
"1112",0.74574727,0.71856669,0.7317378,0.83836102,0.90824173,1.2532789,0.17344601,-0.30772658,0.040740874,0.1628811
"1113",0.71359089,0.70952507,0.77689334,0.82053086,0.94672218,1.2371186,0.17782292,-0.29198801,0.043998862,0.15846455
"1114",0.63775279,0.63696909,0.6713053,0.80343019,0.83813347,1.605289,0.35348567,-0.29064589,0.027706482,0.14607821
"1115",0.71841897,0.74668218,0.7504443,0.81232651,0.94645461,1.6066471,0.22328858,-0.22100508,0.033897228,0.14100359
"1116",0.6342405,0.72102998,0.72102961,0.80552076,0.87626618,1.9366012,0.16191578,-0.32185671,0.037150549,0.14461795
"1117",0.57526198,0.7026703,0.65209896,0.80129403,0.88201984,1.6924224,0.13662417,-0.4005159,0.031559967,0.14292201
"1118",0.62390448,0.69450566,0.7093065,0.77345293,0.87732528,1.3794799,0.25141333,-0.41197074,0.017667248,0.14398907
"1119",0.60446081,0.69458876,0.73301433,0.77846221,0.86318057,1.5166154,0.2445095,-0.37321074,0.025752621,0.13988404
"1120",0.66808028,0.62365622,0.69467469,0.73824059,0.85579524,1.7916081,0.31940647,-0.43034973,0.032663717,0.14609891
"1121",0.66515426,0.62104469,0.69046709,0.7755235,0.86280132,1.9637003,0.367717,-0.43780315,0.038297234,0.14448984
"1122",0.60990214,0.58717314,0.6994076,0.77488171,0.81464227,1.9521104,0.2809442,-0.37831927,0.036340356,0.15306013
"1123",0.69820381,0.73185194,0.75344653,0.88483118,0.91580333,1.6220056,0.33244009,-0.53592755,0.027093485,0.14775612
"1124",0.73755356,0.68213078,0.75262848,0.86277666,0.87457155,1.5969358,0.28417994,-0.54817577,0.013956477,0.16316385
"1125",0.73040578,0.68369875,0.68198168,0.85231771,0.93746435,1.5804262,0.24920913,-0.48034081,0.025243329,0.16629927
"1126",0.71386373,0.65179281,0.75863898,0.83515384,0.90267017,1.8894886,0.2310065,-0.42789742,0.011200679,0.18634746
"1127",0.65078408,0.72284867,0.68290249,0.81246893,0.87421048,1.820552,0.35890001,-0.49725253,0.018640808,0.15452847
"1128",0.6502637,0.65212518,0.70093611,0.89906136,0.88968764,1.9698382,0.2853416,-0.48836224,0.014005477,0.14593501
"1129",0.62740734,0.70987883,0.74236468,0.83110268,0.86844381,1.5124199,0.23717175,-0.4412407,0.019813428,0.1451668
"1130",0.635644,0.69158182,0.71898632,0.82969689,0.93357288,1.6682541,0.29817406,-0.43125352,0.017585349,0.14143483
"1131",0.70128892,0.69692135,0.73002179,0.93574281,0.90235335,1.4023833,0.36044934,-0.43131125,0.024407739,0.13174676
"1132",0.62996346,0.7147395,0.71722137,0.89975143,0.82423548,1.5740712,0.32252754,-0.37974591,0.02433157,0.1397529
"1133",0.66703968,0.72302161,0.78680509,0.85205807,0.90772488,1.5475283,0.20377574,-0.41945169,0.016668202,0.14319228
"1134",0.75112052,0.65699535,0.7645036,0.93010352,1.014583,1.361492,0.18796913,-0.33018804,0.019061967,0.14366463
"1135",0.61936818,0.69444024,0.67014421,0.74670354,0.81203625,1.3915826,0.15496121,-0.33726634,0.02929008,0.15782323
"1136",0.68272036,0.69909383,0.69337608,0.8490833,0.86592926,1.6861191,0.16570098,-0.36551573,0.023689245,0.15153586
"1137",0.61961092,0.78855208,0.72574319,0.8704824,0.97772636,1.3931264,0.16613652,-0.44615982,0.025066308,0.15627365
"1138",0.70785747,0.64415714,0.66895707,0.79826046,0.89463026,1.6451605,0.26743529,-0.3763326,0.02419241,0.14229676
"1139",0.75974497,0.68927964,0.77570799,0.79133496,0.85062138,1.6860355,0.25949893,-0.39092381,0.01842308,0.14965602
"1140",0.6109444,0.61921657,0.67573873,0.77733731,0.83680226,1.6403766,0.33165217,-0.39726097,0.013262202,0.15874582
"1141",0.66140853,0.67849028,0.79331577,0.88495215,0.92389725,1.6191464,0.23105015,-0.28919808,0.010757791,0.1474968
"1142",0.6705591,0.67829416,0.73544658,0.7689048,0.87881902,1.7393299,0.33450972,-0.32840041,0.013086316,0.16241008
"1143",0.66411099,0.70582003,0.70426389,0.83606631,0.89839397,1.2740019,0.27223709,-0.38743991,0.015769117,0.14437087
"1144",0.60937656,0.7061381,0.72907762,0.81260277,0.91395342,1.2104129,0.26730107,-0.29440767,0.032251098,0.14569786
"1145",0.72314029,0.71418673,0.78175646,0.81518049,0.92417005,0.94588679,0.20612335,-0.23291419,0.044940093,0.14033855
"1146",0.595329,0.70833039,0.72017089,0.84546545,0.8129608,1.076671,0.32289376,-0.33938652,0.0084760159,0.16211852
"1147",0.58929007,0.70521844,0.72142293,0.84367,0.86930923,1.0299016,0.40587478,-0.33665655,0.00024689884,0.17064013
"1148",0.68081646,0.69024268,0.71364329,0.76193728,0.87321579,1.4416393,0.27799358,-0.38008016,0.02539166,0.18694898
"1149",0.65095318,0.76473766,0.78552655,0.90926116,0.8362882,1.2962328,0.18475582,-0.38499148,0.027228724,0.19898909
"1150",0.64834678,0.65348845,0.71138146,0.93110049,0.91455212,1.446864,0.18200536,-0.38680735,0.039533646,0.18505816
"1151",0.5355273,0.72374691,0.80010848,0.90514226,0.86091876,1.608025,0.26603285,-0.41578303,0.048640615,0.16371044
"1152",0.61943864,0.68447976,0.6996387,0.95335596,0.91005294,1.5836771,0.29037174,-0.42044287,0.051096326,0.16155055
"1153",0.67020969,0.71207796,0.76351687,0.75205197,0.9153565,1.3396621,0.24728903,-0.31232342,0.048309141,0.16887089
"1154",0.69030176,0.67016953,0.6953165,0.84427273,0.85712621,1.6468532,0.35693602,-0.28622191,0.026060431,0.20002871
"1155",0.69931205,0.70452263,0.68967563,0.82114715,0.8489957,1.7121861,0.35739731,-0.24731071,0.022151412,0.19758743
"1156",0.6882909,0.69927225,0.74199122,0.82626056,0.94518949,1.6606884,0.37418579,-0.39097859,0.027885589,0.18248875
"1157",0.71113049,0.67225855,0.7075966,0.85255343,0.92623058,1.6341531,0.43491932,-0.39440236,0.0313098,0.19821326
"1158",0.64235053,0.66187583,0.73742071,0.79218744,0.911738,1.7469628,0.36744974,-0.43215215,0.031835847,0.20796465
"1159",0.72407731,0.66049742,0.76263021,0.85616444,0.97171785,1.6120964,0.30934876,-0.40848875,0.046395393,0.20066857
"1160",0.64237015,0.66424591,0.67077295,0.79200425,0.86620346,2.0059941,0.49021564,-0.28737701,0.031620864,0.18375223
"1161",0.69199904,0.68422952,0.67645205,0.7862321,0.84458452,1.6762238,0.44651714,-0.29019381,0.027550903,0.18799802
"1162",0.68956136,0.66877834,0.7431355,0.87321166,0.8829902,1.5732439,0.34258317,-0.34804404,0.029414943,0.1830397
"1163",0.68197141,0.74862736,0.71556345,0.78481573,0.91026824,1.8991237,0.28037848,-0.26715634,0.013883137,0.18387114
"1164",0.63836814,0.73557227,0.73877605,0.84929047,0.89494385,1.8400756,0.29827022,-0.30657719,0.014930898,0.1820922
"1165",0.65466281,0.73606645,0.73769125,0.85098727,0.89207132,1.9117926,0.31706004,-0.28684625,0.012509057,0.18127979
"1166",0.68441824,0.66542781,0.697255,0.7873496,0.91646523,1.782292,0.28663814,-0.33852111,0.024652134,0.18332545
"1167",0.60127505,0.67476232,0.74203165,0.80790685,0.83616309,1.6786711,0.31117256,-0.35692504,0.037479407,0.19970181
"1168",0.64321448,0.60862935,0.63744142,0.79686777,0.76632368,1.3206524,0.31335979,-0.41096814,0.039877872,0.21494408
"1169",0.62018991,0.74955665,0.74061971,0.81805256,0.84843943,1.6027409,0.35154569,-0.28442283,0.05886687,0.20914518
"1170",0.69379044,0.65857412,0.71682184,0.77609648,0.80736265,1.5661472,0.2395099,-0.37722562,0.061209425,0.19226251
"1171",0.68595102,0.62234327,0.69970936,0.7402745,0.89618455,1.6386865,0.27487433,-0.31644556,0.050586111,0.18826926
"1172",0.67585797,0.69986776,0.71962525,0.83047496,0.86083251,1.6530541,0.38300793,-0.2773951,0.030408569,0.1653229
"1173",0.70546484,0.73383869,0.7311774,0.82653176,0.9482328,1.4305638,0.31192826,-0.29426536,0.025376373,0.15108421
"1174",0.73421761,0.726133,0.78467023,0.82359449,0.95934643,1.3263145,0.27795959,-0.26870821,0.026831867,0.156245
"1175",0.71253315,0.70343952,0.77326391,0.8744334,0.92238256,1.2710075,0.29529227,-0.17485546,0.023093112,0.15347194
"1176",0.70887113,0.69212844,0.79243015,0.85209473,0.93332925,1.1373491,0.26179114,-0.18089551,0.015381441,0.15999865
"1177",0.60970262,0.7508268,0.65461224,0.88072906,0.84007507,1.3509497,0.23648693,-0.14922248,0.022439886,0.15048122
"1178",0.73159287,0.54640362,0.79689137,0.75272237,0.88626595,1.1066441,0.39290764,-0.17691909,0.013668552,0.16365233
"1179",0.68465201,0.69226115,0.74170915,0.83586932,0.90784578,0.78876824,0.44739849,-0.31836613,0.012530858,0.17025004
"1180",0.67115745,0.68778484,0.70197754,0.91480883,0.87683157,0.54462886,0.29989176,-0.35330238,0.016288121,0.16335523
"1181",0.68847886,0.71135871,0.75340899,0.77156054,0.92254729,1.2152784,0.14467663,-0.52123612,0.0013132859,0.1586971
"1182",0.66161303,0.68278032,0.6804746,0.78752311,0.88316521,1.1864093,0.24643803,-0.46460276,0.0038479671,0.13945481
"1183",0.69961708,0.6626416,0.69973956,0.80983335,0.86854458,1.4542738,0.192229,-0.4039066,0.016352082,0.13339951
"1184",0.65587754,0.71569574,0.73459958,0.80333404,0.92553088,1.3306605,0.21201528,-0.34585637,0.017302032,0.13572345
"1185",0.69516595,0.66611896,0.69876553,0.78042221,0.85994218,1.4753949,0.20041646,-0.42851766,0.015431761,0.13295869
"1186",0.64568553,0.69609146,0.71493469,0.86011771,0.89513451,1.5672045,0.15201137,-0.36634598,0.011735648,0.13633532
"1187",0.67309753,0.67849102,0.64126813,0.80362767,0.86490094,1.1288268,0.12355679,-0.33287971,0.014251565,0.12823748
"1188",0.64394102,0.7049587,0.6742186,0.79657293,0.88020469,1.1893484,0.15474216,-0.41559045,0.016204485,0.13483792
"1189",0.65072236,0.70277132,0.67914443,0.81844916,0.88183739,1.0836009,0.11441986,-0.46827301,0.020713518,0.13607773
"1190",0.68393484,0.73125696,0.76585197,0.7725732,0.92343965,1.2730769,0.16426046,-0.46752791,0.027332652,0.14708
"1191",0.64652838,0.6815978,0.7066969,0.87929437,0.85076991,1.4631623,0.27520175,-0.37770161,0.045103106,0.15264953
"1192",0.6993569,0.6977866,0.7712463,0.80451422,0.9307451,1.404049,0.26964867,-0.42563546,0.047291821,0.14950103
"1193",0.65270221,0.68136187,0.72666406,0.81113692,0.92557043,1.2427333,0.15983075,-0.45997956,0.055696822,0.14846631
"1194",0.75081333,0.73722174,0.75560998,0.83367745,0.93221935,1.3174742,0.15890195,-0.33256916,0.047813534,0.14091116
"1195",0.63992957,0.66576677,0.729209,0.81914276,0.89508848,1.6690811,0.10997054,-0.39539492,0.035433203,0.13725178
"1196",0.6166279,0.70185257,0.68881573,0.80615283,0.87499005,1.0649254,0.16277609,-0.52202908,0.025627097,0.12736035
"1197",0.63349137,0.6998269,0.71277516,0.81079298,0.87502812,1.258234,0.15426567,-0.42637735,0.031156779,0.13316224
"1198",0.70921709,0.72741259,0.69791052,0.86716584,0.9264531,1.1162501,0.18239463,-0.45148651,0.023047109,0.13411592
"1199",0.70780291,0.66421548,0.70570707,0.78774657,0.88278828,1.6107037,0.24309488,-0.37387196,0.011174835,0.14239307
"1200",0.7037526,0.73077457,0.72910585,0.81985424,0.89898633,1.5603569,0.25936611,-0.31967523,0.013965842,0.13882947
"1201",0.75772249,0.69894229,0.70638732,0.74352073,0.91063418,1.702204,0.3615949,-0.36634214,0.0043952663,0.13323309
"1202",0.57992311,0.68332139,0.72132978,0.80217791,0.87879662,1.5497557,0.49063338,-0.33363851,0.010023699,0.13382374
"1203",0.66992913,0.61369577,0.7431693,0.74585471,0.86940548,1.118242,0.368908,-0.3311212,0.022700688,0.1344147
"1204",0.7186576,0.70610202,0.66153645,0.81015848,0.85145217,1.2002956,0.39955695,-0.38689065,0.026312483,0.11419825
"1205",0.56429587,0.71517758,0.71843867,0.77980192,0.87025686,1.2368668,0.32976484,-0.32928613,0.01800507,0.11021013
"1206",0.62298018,0.71493088,0.66439232,0.80933945,0.84744392,1.3491132,0.37801687,-0.32562071,0.014154458,0.11098308
"1207",0.73230444,0.60211177,0.74559548,0.76915574,0.8667057,1.3129186,0.40208996,-0.34575573,0.01909744,0.13797804
"1208",0.68589258,0.78335986,0.70601191,0.8952429,0.89450988,1.2461599,0.39459461,-0.35502147,0.012019125,0.13829884
"1209",0.57612234,0.64344847,0.72835761,0.68802242,0.86794875,1.0121537,0.37268728,-0.21349576,0.0067458613,0.13878269
"1210",0.58929105,0.65989853,0.72241511,0.70450876,0.88691222,1.0068723,0.34557448,-0.22846017,0.0058137486,0.13682466
"1211",0.67252574,0.68994659,0.74576576,0.93329223,0.92355439,1.6540243,0.14376341,-0.29613977,0.022879456,0.13710244
"1212",0.67428542,0.69006238,0.69372861,0.77662439,0.88718799,1.3549622,0.16093217,-0.20084828,0.022996937,0.13980351
"1213",0.70980928,0.75512794,0.75197489,0.79283826,0.89860485,1.2678296,0.10988993,-0.26693666,0.027764013,0.13660393
"1214",0.74531847,0.72698038,0.70406504,0.85857466,0.88591172,1.2884491,0.083832527,-0.22598709,0.02384985,0.13716188
"1215",0.63405681,0.65551159,0.72217012,0.80273189,0.92876378,1.4401531,0.085918029,-0.26262788,0.013135898,0.1477764
"1216",0.63111896,0.67651009,0.73886467,0.81917305,0.93032658,1.690407,0.16023236,-0.30982932,0.013331531,0.16803372
"1217",0.67392418,0.68519963,0.71732388,0.83367447,0.8326098,1.9093667,0.23813083,-0.35179993,-0.0036581536,0.15308497
"1218",0.68540229,0.69923831,0.69924309,0.86548608,0.92999501,1.4389132,0.28149126,-0.4656118,0.0062819119,0.13268193
"1219",0.68634042,0.70196811,0.73279594,0.81138368,0.88461215,1.2569689,0.20291841,-0.26963574,0.014508661,0.13993674
"1220",0.7002598,0.69205118,0.74849804,0.87351583,0.92814255,1.3564383,0.18739541,-0.21511091,0.013516809,0.13600675
"1221",0.66801464,0.67240911,0.73173657,0.7494126,0.83849447,1.5668209,0.21253965,-0.24707775,0.027736218,0.15089199
"1222",0.7281484,0.73641021,0.59513053,0.80160648,0.92863397,1.2329342,0.25597541,-0.25507452,0.034770811,0.15733048
"1223",0.68136571,0.6926104,0.76172482,0.80534647,0.88384528,1.2743614,0.19085635,-0.32491061,0.032965836,0.14761795
"1224",0.71977286,0.69731103,0.73926284,0.8457038,0.91670469,1.2887703,0.1643571,-0.36981672,0.028414352,0.15288611
"1225",0.67914989,0.67599893,0.71260853,0.75382459,0.86058316,1.507933,0.17807561,-0.43550097,0.039629919,0.15253073
"1226",0.68850165,0.70672656,0.76619128,0.93456042,0.86169528,1.6679143,0.17625627,-0.50615242,0.060899451,0.13640437
"1227",0.69481058,0.65319257,0.72448648,0.86521192,0.94999152,1.7492583,0.16466548,-0.48800334,0.054004848,0.13651295
"1228",0.67304147,0.6771395,0.75018719,0.91587204,0.91138319,1.7739992,0.19407681,-0.46082928,0.058349374,0.14266121
"1229",0.69729504,0.70106062,0.7328315,0.79994034,0.85622976,1.4794129,0.20990258,-0.53973174,0.033573496,0.14408172
"1230",0.73543282,0.65058937,0.77439973,0.81601726,0.92203887,1.7863196,0.24719009,-0.15198851,0.029626491,0.14412699
"1231",0.74026183,0.63364173,0.798286,0.81332394,0.91250735,1.7002626,0.27054774,-0.16171453,0.032654426,0.1467195
"1232",0.66629099,0.64543225,0.73978354,0.8225224,0.88454867,1.8262495,0.28259593,-0.1282302,0.028541009,0.14931956
"1233",0.72199131,0.66128644,0.68800971,0.8015595,0.8992894,2.0881805,0.22866308,-0.16543828,0.028581076,0.12938465
"1234",0.76897446,0.74553814,0.77112589,0.80656964,0.91976742,2.2490978,0.18763176,-0.28861974,0.029464469,0.12479872
"1235",0.72647977,0.70539669,0.74089979,0.90599059,0.94338159,1.9585613,0.21525756,-0.30174427,0.023301201,0.13293956
"1236",0.70903054,0.67871467,0.75550415,0.81684445,0.91965967,1.9133805,0.2546444,-0.27453713,0.021754533,0.12850258
"1237",0.63735021,0.73289832,0.71913676,0.73492688,0.8917343,1.9549348,0.18905514,-0.26209659,0.026022242,0.13745172
"1238",0.67151608,0.67109825,0.69475664,0.78665002,0.9107458,1.7758636,0.28301579,-0.30411723,0.039339179,0.14686514
"1239",0.65945883,0.70882205,0.67234092,0.77558332,0.89075486,1.618076,0.20366699,-0.28635559,0.033975151,0.144625
"1240",0.6442112,0.68276478,0.71168131,0.77433097,0.8791244,1.5984996,0.2027673,-0.28319249,0.021470134,0.15563501
"1241",0.64013625,0.69029024,0.71082016,0.80928632,0.85394691,1.6069229,0.17891669,-0.32718222,0.025964179,0.15629409
"1242",0.59321666,0.67940188,0.69397482,0.90455776,0.91432215,1.6634008,0.19391651,-0.2628984,0.021663938,0.15438927
"1243",0.6173556,0.69915796,0.73042069,0.77591271,0.87691885,1.7041418,0.19010218,-0.26344751,0.034077104,0.15133331
"1244",0.69314979,0.69705155,0.70700637,0.76349677,0.94775443,1.656446,0.17613217,-0.23158861,0.037506615,0.14876679
"1245",0.68153192,0.62522812,0.68356253,0.75787643,0.86369715,1.6235004,0.18868468,-0.30130054,0.042241704,0.15215015
"1246",0.64019087,0.65182164,0.71480339,0.63387349,0.86310229,1.653562,0.19631627,-0.32186445,0.039726152,0.15226361
"1247",0.62472041,0.61672711,0.70828646,0.6551868,0.89217066,1.5526663,0.19388428,-0.34970699,0.039176193,0.14921994
"1248",0.64972443,0.76158121,0.74368398,0.81683856,0.86991397,1.8241207,0.151616,-0.44708662,0.026031255,0.15271699
"1249",0.59147855,0.69445718,0.72958413,0.80464904,0.84315249,1.8781981,0.099935997,-0.49243072,0.026501635,0.1512022
"1250",0.62667526,0.72116232,0.76206816,0.79649225,0.90183974,1.7032514,0.17594405,-0.49749376,0.015760674,0.14422888
"1251",0.64570122,0.68642094,0.70265917,0.83441283,0.83528403,1.4584456,0.24319278,-0.51112245,0.013362742,0.14605324
"1252",0.64349984,0.69294042,0.73425829,0.76517225,0.93600458,1.811636,0.075939789,-0.4958144,0.011665308,0.15740599
"1253",0.68982236,0.68097959,0.70318184,0.88447907,0.90521164,1.3935698,0.19095951,-0.50887107,0.0049782958,0.16622669
"1254",0.63578237,0.67196995,0.73731762,0.79990684,0.91859868,1.8382601,0.16636046,-0.48564777,-0.0013340152,0.14449779
"1255",0.64736504,0.67395178,0.7166124,0.79569588,0.92094922,1.73661,0.16334734,-0.46257616,0.01236808,0.14036792
"1256",0.7491127,0.73778601,0.69859912,0.78698203,0.86993634,1.8557413,0.12338303,-0.42418783,0.014244418,0.13618948
"1257",0.62858517,0.73109172,0.72303225,0.87926732,0.92215826,1.426807,0.19789797,-0.33077191,0.013925677,0.15870197
"1258",0.6636235,0.72097178,0.72922143,0.83006297,0.82256645,1.505384,0.17342489,-0.27247187,-0.0016860634,0.17005698
"1259",0.68301214,0.71466723,0.73133497,0.85719315,0.82867248,1.5906603,0.21095252,-0.28351956,0.0031574394,0.17170321
"1260",0.74227674,0.76855612,0.72066503,0.84899738,0.95711665,1.2493224,0.28949254,-0.30490304,-0.0057453799,0.17444653
"1261",0.59133394,0.70302462,0.68605379,0.77285125,0.84889068,1.5819293,0.27806532,-0.36156107,0.010562506,0.17301034
"1262",0.68919115,0.69788461,0.72052911,0.74821351,0.86248019,1.1861322,0.24330142,-0.38244925,0.022157515,0.15828945
"1263",0.59315189,0.68561361,0.67937761,0.78855505,0.87837646,1.3371383,0.39479625,-0.36738158,0.021573279,0.15631748
"1264",0.71892522,0.74218816,0.73749394,0.84796089,0.94549843,1.4845855,0.30541301,-0.4576649,0.018439653,0.14998684
"1265",0.68397255,0.65366571,0.72371907,0.82873946,0.90964624,1.5009183,0.28807135,-0.40482925,0.030208028,0.15357949
"1266",0.65054548,0.71492819,0.74294391,0.8155069,0.89840382,1.2891066,0.25986356,-0.3134314,0.024293613,0.15418927
"1267",0.69507757,0.72939133,0.73281658,0.80496223,0.9442739,1.4854781,0.29068137,-0.31519527,0.0089001391,0.14402215
"1268",0.73619915,0.72978001,0.77823285,0.86929346,0.98702092,1.5804758,0.32980544,-0.29857586,0.012577908,0.14355581
"1269",0.58432058,0.63104103,0.71272135,0.71191615,0.81670335,1.4756811,0.25895638,-0.34686179,0.015065042,0.1538134
"1270",0.73973467,0.73210371,0.7711935,0.76725694,0.94327881,1.3594196,0.3298553,-0.31903595,0.02298156,0.13757595
"1271",0.60199174,0.68220849,0.67259528,0.78355988,0.88355252,1.7478313,0.33475178,-0.26327141,0.040282959,0.1474916
"1272",0.7113304,0.68744096,0.79692666,0.81721922,0.85050156,1.2321744,0.20326124,-0.35943667,0.037898168,0.14760699
"1273",0.68534122,0.69962361,0.77272925,0.82659223,0.83682197,1.2445017,0.23486285,-0.36836635,0.029778951,0.15135957
"1274",0.65914465,0.68696479,0.72464315,0.85977287,0.87501306,1.5607048,0.24618115,-0.41747513,0.032910569,0.14744869
"1275",0.62178767,0.67610388,0.71943315,0.80292958,0.84886041,1.1790374,0.19964076,-0.40654394,0.038198874,0.15027415
"1276",0.69170539,0.69383748,0.72333289,0.78355142,0.87581254,1.464997,0.29013722,-0.40377821,0.043898129,0.16002858
"1277",0.70575038,0.70017999,0.7033838,0.86045501,0.99402528,1.3451595,0.25521475,-0.27475786,0.055753065,0.15268543
"1278",0.63274548,0.65484343,0.71228078,0.75510057,0.84238635,1.8404073,0.27263106,-0.3052454,0.04063036,0.1537382
"1279",0.66147714,0.70297239,0.75342759,0.82999737,0.93902374,1.5816782,0.18762738,-0.41189114,0.059216556,0.15943657
"1280",0.67937195,0.6880779,0.67197805,0.73148293,0.82044527,1.6871142,0.25951039,-0.48271183,0.040480778,0.13363312
"1281",0.62799898,0.71682212,0.74091404,0.95506448,0.94487344,1.4512102,0.22966157,-0.42800967,0.049198077,0.14363723
"1282",0.65376053,0.69578256,0.72900126,0.94900965,0.90252696,1.6631843,0.25103238,-0.42931912,0.052815166,0.15008483
"1283",0.57427307,0.6190896,0.72630001,0.74012692,0.87455706,2.0353025,0.2026773,-0.31485089,0.050084727,0.14375621
"1284",0.65019013,0.70667997,0.74450842,0.83351905,0.9260123,1.9654744,0.15991039,-0.37441472,0.043619969,0.12244963
"1285",0.705682,0.64591135,0.71621219,0.80017007,0.87363854,1.6537098,0.1902754,-0.43230187,0.048336609,0.15584864
"1286",0.62787476,0.71024622,0.71560084,0.8162125,0.88000582,1.4611654,0.094425479,-0.34919139,0.039537687,0.15232465
"1287",0.67140016,0.71819788,0.75798313,0.83134938,0.88336174,1.461333,0.17271146,-0.25268802,0.040831379,0.15699093
"1288",0.68125762,0.69808708,0.74279689,0.83981505,0.94114212,1.6252209,0.13723928,-0.35566932,0.030707617,0.15560019
"1289",0.61213297,0.69755443,0.71898361,0.8367438,0.84835289,1.7094001,0.2167449,-0.40503702,0.040785976,0.14480876
"1290",0.60864642,0.64792319,0.72086432,0.79763195,0.89449025,1.8013008,0.19664687,-0.4115957,0.043171274,0.13958645
"1291",0.63033927,0.71674133,0.66397971,0.79433381,0.90240818,1.5665804,0.20905136,-0.41422215,0.04501133,0.13815326
"1292",0.72376587,0.69647099,0.70498174,0.80350568,0.8510401,1.5100984,0.18966815,-0.37085899,0.05679364,0.13883435
"1293",0.60198461,0.68254351,0.66963293,0.81257147,0.8176602,1.4935812,0.19076303,-0.41301229,0.047019586,0.14215634
"1294",0.66606206,0.59896393,0.68303664,0.83050564,0.88025431,1.2317392,0.25742665,-0.42945058,0.040764054,0.13711834
"1295",0.64550739,0.65148237,0.67045224,0.81730722,0.81124003,1.7020653,0.17771372,-0.42319528,0.043753903,0.13531589
"1296",0.61539477,0.64792491,0.70061732,0.82603905,0.84449363,1.6025628,0.29393724,-0.34398658,0.036650707,0.14316081
"1297",0.57986429,0.63032464,0.66899539,0.82438643,0.81795593,1.7194692,0.2130031,-0.27980259,0.039802572,0.13878378
"1298",0.68904199,0.64601364,0.67373667,0.73713539,0.88205234,1.7065125,0.27503816,-0.30343757,0.038226682,0.1412119
"1299",0.64080551,0.76458124,0.72476969,0.81425838,0.86141446,1.61774,0.39706941,-0.28525777,0.029284359,0.16190154
"1300",0.66474228,0.6076035,0.65736578,0.8273509,0.85097833,1.543217,0.35152747,-0.28660282,0.024423082,0.18342281
"1301",0.66709798,0.7773115,0.75859215,0.77242888,0.91507439,1.7288133,0.30612572,-0.30090958,0.028177249,0.15761846
"1302",0.6543835,0.64978945,0.7193687,0.83865428,0.89131642,1.7278624,0.34507232,-0.2757569,0.029099713,0.15572717
"1303",0.64919233,0.68667726,0.6721176,0.77322438,0.88208298,1.2875058,0.28058102,-0.46333051,0.039174007,0.14507541
"1304",0.69156265,0.63427825,0.72863414,0.70378598,0.85580877,1.4161738,0.3717648,-0.4149692,0.034756022,0.15986317
"1305",0.69603969,0.69966107,0.7229262,0.79998114,0.89496158,1.1507167,0.32362295,-0.41596313,0.025748044,0.15255516
"1306",0.66058078,0.65319722,0.73594572,0.81944766,0.82082354,1.6157867,0.32530169,-0.49649058,0.0021297332,0.16641866
"1307",0.65932684,0.64973026,0.73897182,0.81891854,0.83527017,1.6411844,0.3319609,-0.49977265,0.00043107138,0.16332039
"1308",0.67475697,0.70841639,0.70854256,0.78760005,0.87706546,1.3241806,0.29760998,-0.45582407,0.027152698,0.14654792
"1309",0.67720727,0.7088939,0.71740448,0.79392612,0.87996969,1.3538803,0.26582575,-0.45264214,0.026545951,0.14806164
"1310",0.69343608,0.66176105,0.73808889,0.84594989,0.8553427,1.1444984,0.22495053,-0.43027019,0.036836171,0.1460477
"1311",0.68497373,0.73933966,0.72629303,0.82220786,0.90086708,1.3139218,0.20267818,-0.3255058,0.032146055,0.14637635
"1312",0.64752831,0.69908232,0.75404171,0.89918496,0.9308166,1.5430012,0.14592958,-0.40871324,0.022458525,0.15598298
"1313",0.62680163,0.64758677,0.65015383,0.70752117,0.84185121,1.5088509,0.094584104,-0.43556384,0.036429087,0.1902958
"1314",0.75438854,0.68180249,0.79161114,0.85316879,0.90038795,0.99700747,0.16357441,-0.23586239,0.028710503,0.17315517
"1315",0.65018017,0.676482,0.72882895,0.83161614,0.91706444,1.2004429,0.1705419,-0.2570791,0.038851237,0.17498689
"1316",0.66186073,0.67923102,0.72475897,0.79184866,0.84731333,1.3990856,0.14299459,-0.17976312,0.032034307,0.16259522
"1317",0.60891086,0.6444527,0.66542915,0.7439874,0.85273499,1.5456691,0.1364203,-0.2306842,0.031285706,0.16356592
"1318",0.71849202,0.74487559,0.73569165,0.76636626,0.93724153,1.4223116,0.085591152,-0.26174014,0.037208619,0.14834695
"1319",0.63380237,0.68530099,0.74317901,0.78534849,0.88972161,1.6506853,0.14226928,-0.29288815,0.045940433,0.15261592
"1320",0.63050825,0.73129674,0.64679638,0.76743365,0.91270874,2.0298142,0.14509967,-0.40830039,0.033274912,0.14794326
"1321",0.69469642,0.63478877,0.74081812,0.85114426,0.86705311,1.8264504,0.194911,-0.35729732,0.024205162,0.15185312
"1322",0.64392898,0.75110768,0.67079558,0.8300088,0.93355151,1.2399017,0.25860005,-0.31279367,0.0064432226,0.15757719
"1323",0.62247809,0.6427596,0.73529382,0.8569599,0.8744314,1.4398867,0.26122011,-0.30682806,0.0075485286,0.15502958
"1324",0.65775453,0.65988567,0.73493527,0.75100681,0.88881161,1.7151638,0.20386674,-0.1836869,-0.0057126041,0.16432858
"1325",0.62894526,0.59975687,0.71849639,0.70763191,0.87958394,1.5859517,0.16341369,-0.20365058,-0.0015080327,0.15723148
"1326",0.66755899,0.61642697,0.70217987,0.74633566,0.91705716,1.6758207,0.18254527,-0.25772389,0.001819011,0.14951523
"1327",0.65385173,0.71607857,0.65779787,0.81775594,0.90279306,2.2516596,0.27060777,-0.35492424,0.017355418,0.14420781
"1328",0.65801458,0.6791732,0.73809519,0.82730515,0.91737099,2.3468275,0.23117873,-0.33822598,0.01831543,0.14594832
"1329",0.66599237,0.70927402,0.70560333,0.85831167,0.87948053,1.8281452,0.29441506,-0.5211943,-0.0017416837,0.14220922
"1330",0.79706378,0.69294805,0.75871521,0.8047162,0.90281266,1.2975059,0.41158164,-0.41410307,0.0068212513,0.14090824
"1331",0.70000033,0.69810326,0.77816375,0.9025417,0.92212535,1.4333027,0.41323235,-0.49987253,-0.0079602202,0.14389933
"1332",0.67317619,0.68034615,0.7742788,0.91261133,0.94911688,1.3430503,0.42693989,-0.52526777,-0.0061549037,0.14482672
"1333",0.70126052,0.65636772,0.65927217,0.82875007,0.84049847,1.7139994,0.41198837,-0.41678727,0.0015233817,0.16181406
"1334",0.71431164,0.65013646,0.77591537,0.83282076,0.91303943,1.5558247,0.37793122,-0.43714775,0.012215486,0.16715183
"1335",0.6827146,0.68195191,0.70954317,0.86939636,0.86778459,1.6166594,0.30204834,-0.51255527,0.019545761,0.18563987
"1336",0.6801287,0.7443416,0.72938466,0.80014123,0.94863353,1.962446,0.1843152,-0.56700443,0.020840191,0.17772928
"1337",0.66810081,0.69884819,0.68643351,0.84062523,0.78291594,2.3745959,0.22902174,-0.38166858,0.02397836,0.17171228
"1338",0.65614604,0.6702181,0.7355188,0.80319805,0.92910917,2.2807636,0.26463162,-0.40592137,0.018875454,0.14620718
"1339",0.64439936,0.75084292,0.7540427,0.91399528,0.84548147,1.4878622,0.22280924,-0.35001852,0.011076694,0.15470102
"1340",0.7172473,0.71754795,0.73768441,0.7883921,0.86929917,2.0517298,0.29263975,-0.47842693,0.019762794,0.15802612
"1341",0.66153406,0.7062381,0.75335911,0.74575235,0.92563659,1.2714577,0.35140407,-0.47625964,0.013309227,0.17155291
"1342",0.74337741,0.66587478,0.70222529,0.83841058,0.85957416,1.3019388,0.31532496,-0.44877467,0.013691347,0.15188822
"1343",0.70161589,0.67389831,0.75516642,0.76982704,0.87593204,1.1310612,0.27702657,-0.53892508,0.024708213,0.1329787
"1344",0.68543463,0.72202296,0.70787155,0.88108905,0.87681128,1.4109694,0.24500404,-0.41261759,0.02586688,0.15666501
"1345",0.66360416,0.71366182,0.73294889,0.91631093,0.89690549,1.3137715,0.25938365,-0.39312834,0.038319568,0.15062394
"1346",0.65425203,0.69870767,0.71733089,0.80658684,0.91593554,1.4282056,0.30479767,-0.37828917,0.037264157,0.15184742
"1347",0.66622334,0.76105318,0.78100051,0.80219957,0.9054761,1.5509261,0.29993878,-0.34283611,0.041831597,0.14478877
"1348",0.71491729,0.68073347,0.69483172,0.75533898,0.86654514,1.6127791,0.26091472,-0.37497291,0.031616687,0.14887062
"1349",0.61560671,0.6872914,0.75498612,0.85579018,0.90013212,1.7392008,0.27076174,-0.33447987,0.031857766,0.12367807
"1350",0.65888747,0.71747496,0.73623818,0.82831187,0.91699548,1.638775,0.25808566,-0.27183139,0.037549546,0.13119113
"1351",0.62535878,0.69535763,0.67529426,0.83170121,0.85440344,1.6578466,0.26625729,-0.22097834,0.029057736,0.13977033
"1352",0.68189363,0.69055653,0.71686424,0.89341388,0.88345618,1.577968,0.25840804,-0.23369376,0.042254192,0.13622125
"1353",0.73199195,0.69773977,0.76229763,0.82191206,0.92063772,1.3677079,0.22739091,-0.2741251,0.019215096,0.14614831
"1354",0.67486806,0.68560575,0.68289315,0.7783682,0.90585212,1.3445433,0.27189247,-0.26008653,0.030013247,0.16272772
"1355",0.69591022,0.69074506,0.70989506,0.83938826,0.9175531,1.6684238,0.24279595,-0.27006941,0.032604392,0.1402994
"1356",0.68189669,0.6883541,0.72905567,0.79251099,0.87690452,1.4001256,0.21108404,-0.2669026,0.036885494,0.13759693
"1357",0.65414319,0.74590059,0.71718076,0.81398374,0.93501478,1.4305115,0.23368373,-0.31694831,0.04521041,0.1401622
"1358",0.64372243,0.67852479,0.69662943,0.83163645,0.84520085,1.4299789,0.28078437,-0.35596942,0.048963739,0.14659402
"1359",0.67991879,0.71082915,0.72335507,0.74825142,0.90195891,1.6308503,0.24338362,-0.46305416,0.05204269,0.14908404
"1360",0.61998978,0.72699346,0.63655544,0.85919594,0.8361369,1.5847579,0.19196949,-0.42340608,0.032665444,0.14702723
"1361",0.74045711,0.64433764,0.83101038,0.76750807,0.90562879,1.6113583,0.27564745,-0.33902506,0.051281055,0.15036376
"1362",0.76715986,0.73886315,0.70348704,0.84034793,0.90013856,1.3924262,0.39370262,-0.33597903,0.048013063,0.14400705
"1363",0.79345662,0.67726779,0.73898915,0.74250277,0.9119613,1.2339528,0.39749785,-0.35313043,0.039980397,0.14897517
"1364",0.54674995,0.67957357,0.66577174,0.75894431,0.78401407,1.3240509,0.26978348,-0.40015852,0.036754241,0.13969886
"1365",0.63964825,0.65685442,0.69889831,0.74560486,0.84335422,1.2662529,0.26910711,-0.33609214,0.033064671,0.13528761
"1366",0.67427522,0.69550434,0.73538076,0.84194799,0.89866618,1.134103,0.3598264,-0.4498074,0.042710229,0.16553742
"1367",0.65832328,0.66589446,0.70600259,0.78930094,0.89182974,1.3695234,0.13977348,-0.48280238,0.064185439,0.17574046
"1368",0.6442941,0.70789042,0.75018282,0.83372358,0.93891119,1.3136795,0.18275077,-0.40510004,0.050613322,0.17382297
"1369",0.72429651,0.71014325,0.68662355,0.78824381,0.87419244,1.4887185,0.17410803,-0.39682526,0.040194882,0.16426263
"1370",0.70349142,0.69735973,0.71527005,0.72418794,0.87203571,1.2707203,0.21165905,-0.40862644,0.031174555,0.19331823
"1371",0.6895256,0.71275179,0.73666667,0.70876817,0.92508343,1.338872,0.2505428,-0.39759948,0.036362024,0.19209828
"1372",0.63741932,0.71259213,0.69533451,0.86615796,0.87441937,1.8608724,0.19607688,-0.26072918,0.035694112,0.1965564
"1373",0.6271091,0.71710127,0.67530202,0.84244064,0.88496917,2.0879891,0.25992059,-0.28057902,0.03770669,0.19486485
"1374",0.73312834,0.72083045,0.68497694,0.80566838,0.88123241,1.9653184,0.16873145,-0.29211346,0.033067327,0.19284309
"1375",0.66667722,0.68378432,0.73313813,0.75699824,0.84945903,1.5146513,0.18303411,-0.25846981,0.033346554,0.18336788
"1376",0.66843936,0.69074806,0.7295863,0.83268598,0.87988759,1.4255991,0.24938131,-0.27334506,0.038923848,0.17636223
"1377",0.6536288,0.75020769,0.75291981,0.78875033,0.91853923,1.4278894,0.15879689,-0.34629714,0.058531243,0.15384274
"1378",0.67267724,0.67295302,0.67961208,0.80315731,0.89248326,1.4574446,0.1203916,-0.47553962,0.036681019,0.13761795
"1379",0.66269771,0.6536422,0.74759589,0.81821264,0.89621447,1.2738909,0.1027856,-0.54244871,0.039827701,0.14457511
"1380",0.72837617,0.73761789,0.75009226,0.8033266,0.92790854,1.5665,0.2401138,-0.37062594,0.042346337,0.15470071
"1381",0.66012968,0.56896011,0.68914746,0.82606453,0.87136039,2.2539379,0.2455106,-0.2928694,0.052982448,0.13481313
"1382",0.64405657,0.55933718,0.72597888,0.79878478,0.85152881,2.0944389,0.2913298,-0.24985249,0.051581492,0.12433761
"1383",0.63964656,0.78013134,0.78729815,0.83301276,0.90963501,1.3610692,0.2708941,-0.2334434,0.033455042,0.14536895
"1384",0.68365495,0.74049156,0.69045981,0.75479657,0.87603243,1.7241075,0.2548339,-0.25001258,0.032456185,0.14759462
"1385",0.66430164,0.6689977,0.72526462,0.9520268,0.83518989,1.356443,0.25217158,-0.2651229,0.026423219,0.148692
"1386",0.66504848,0.72575844,0.69758239,0.7797604,0.86909925,1.882148,0.25809676,-0.27705863,0.031541806,0.15435158
"1387",0.66115288,0.65827469,0.71763157,0.8171051,0.87959118,1.5162145,0.26495084,-0.3671812,0.0090850202,0.15118751
"1388",0.6040069,0.68526849,0.68464941,0.76165182,0.85904954,1.7985767,0.35787194,-0.28747805,0.0071288173,0.15472624
"1389",0.64606767,0.66708149,0.7017002,0.8089293,0.84241653,1.467374,0.31671634,-0.29233777,0.0071850396,0.15054502
"1390",0.60569977,0.6554697,0.72559858,0.79093381,0.9032572,1.3609064,0.29286418,-0.33590998,0.0012060504,0.14234892
"1391",0.64727717,0.70293211,0.70419678,0.80061778,0.85764408,1.5862399,0.20280954,-0.3510035,0.0082380906,0.13649981
"1392",0.63433614,0.67248748,0.70607924,0.77235956,0.87410544,1.5759871,0.19624631,-0.39165543,0.002969255,0.14499314
"1393",0.65965543,0.71919627,0.74006015,0.89640701,0.86734991,1.5528249,0.11256526,-0.38882975,0.020877256,0.14821476
"1394",0.68417288,0.69925822,0.71665337,0.85243965,0.88067275,1.6439843,0.11929201,-0.37760821,0.020618669,0.15473198
"1395",0.75530689,0.69398019,0.80599887,0.82497431,0.8686067,1.4406667,0.16911744,-0.25402987,0.037407031,0.15019689
"1396",0.64370226,0.70211168,0.64579652,0.8430831,0.86961009,1.4875573,0.15380105,-0.2543247,0.025359233,0.15049664
"1397",0.68745962,0.59585559,0.79129558,0.8312604,0.86130261,1.319451,0.12402886,-0.33209733,0.032828267,0.15196717
"1398",0.67595705,0.6090142,0.81415056,0.85222245,0.8646323,1.2937743,0.098696503,-0.34124568,0.032940414,0.14947099
"1399",0.77606336,0.74001207,0.76066249,0.8362917,0.96869854,1.1225318,0.14892205,-0.27500562,0.014923798,0.15649911
"1400",0.72252704,0.70695073,0.7373043,0.80260585,0.91763636,1.3570791,0.16225119,-0.33324369,-0.00023456718,0.16482799
"1401",0.6393046,0.67572911,0.7428575,0.69707067,0.90579271,1.7758182,0.14575504,-0.32708608,0.013296863,0.15398021
"1402",0.69368951,0.64473189,0.72863088,0.81705507,0.8638215,1.5992619,0.12052895,-0.33256877,0.017192101,0.14951158
"1403",0.69380284,0.71066277,0.70317753,0.87169293,0.96718501,1.3599038,0.16134135,-0.30693536,0.0088539736,0.15862143
"1404",0.72400873,0.68621673,0.70766992,0.86085159,0.84482804,1.6353748,0.094071551,-0.37229105,0.013418593,0.16819954
"1405",0.65147401,0.71860035,0.73181591,0.81019463,0.95755991,1.4142385,0.057703829,-0.33828571,0.020690956,0.17149835
"1406",0.73611055,0.71454982,0.71928946,0.79392278,0.89842513,1.3915727,0.23483895,-0.32343519,0.035606411,0.17512722
"1407",0.67166947,0.7003643,0.73157759,0.80878973,0.86828778,1.2838499,0.1537753,-0.41697322,0.03066053,0.179994
"1408",0.63884918,0.69723301,0.70601759,0.96561283,0.93093047,1.3729379,0.14677378,-0.43402884,0.015902293,0.16519557
"1409",0.62074701,0.71948663,0.74076174,0.84651377,0.85367652,1.6580603,0.078067113,-0.47047757,0.022976731,0.16147171
"1410",0.6509831,0.71775236,0.66813674,0.75685802,0.87391237,1.6899318,0.20781798,-0.41709741,0.032897247,0.17170103
"1411",0.70304662,0.70568725,0.75760081,0.80455948,0.88405353,1.5927644,0.24727869,-0.48967508,-0.0062233302,0.17571766
"1412",0.60193782,0.69264142,0.72212202,0.77856326,0.82542324,1.6543501,0.22790187,-0.48621106,0.0013292645,0.16420352
"1413",0.67286689,0.70814064,0.69939897,0.77615167,0.92945999,1.7408157,0.24507925,-0.40801183,0.0016745843,0.17419498
"1414",0.70062499,0.69686787,0.70763181,0.83345847,0.88091304,1.6772387,0.3294154,-0.34037581,0.01909547,0.15939331
"1415",0.71648462,0.63509639,0.71659422,0.76605191,0.89499738,2.0826109,0.42967546,-0.33384015,0.02992289,0.14591323
"1416",0.62863181,0.66312627,0.68833394,0.71482481,0.89180305,2.1251311,0.35179635,-0.32002968,0.043127029,0.14405019
"1417",0.67910328,0.63001595,0.73129476,0.79020799,0.8797389,1.9212123,0.3534898,-0.33891969,0.03182461,0.15175096
"1418",0.59178061,0.71494184,0.70783738,0.78188159,0.88654344,1.7953725,0.31832083,-0.37098639,0.035455181,0.13937433
"1419",0.66351864,0.71108986,0.68650124,0.78647828,0.84840908,1.6770395,0.1829724,-0.34321513,0.025186547,0.15424923
"1420",0.68075795,0.71711644,0.70739399,0.77235364,0.87295212,1.5934109,0.18189911,-0.38215516,0.032708753,0.1485331
"1421",0.70202958,0.61317716,0.70192806,0.83900246,0.90125991,1.9329196,0.2782175,-0.41759457,0.030948768,0.14299711
"1422",0.68063302,0.73555093,0.68828475,0.78031718,0.93040048,1.5668356,0.22763857,-0.41993161,0.0030330843,0.13037445
"1423",0.62047474,0.69231564,0.72164968,0.74158454,0.90317669,1.8284798,0.23720091,-0.41071535,0.0038604413,0.12589374
"1424",0.64479076,0.68789179,0.70896517,0.74941904,0.94676062,1.7229174,0.21628011,-0.46059358,0.011647718,0.12731891
"1425",0.56777786,0.62403678,0.66610738,0.82457596,0.83072163,2.0371739,0.20629786,-0.40686293,0.035443742,0.13504878
"1426",0.61479007,0.5618937,0.69188675,0.83445383,0.89067764,1.98362,0.21564298,-0.4257128,0.030594822,0.13528083
"1427",0.63677711,0.68854866,0.72188515,0.85713031,0.87145425,1.6153828,0.19605227,-0.39332106,0.024643244,0.15213826
"1428",0.65980366,0.59861059,0.67895001,0.72695753,0.85149966,1.7985382,0.15804205,-0.41619852,0.030012828,0.17344875
"1429",0.69782007,0.73361301,0.74864281,0.90049938,0.90344052,1.5453707,0.26251924,-0.42879638,0.030371884,0.14993243
"1430",0.61952278,0.69223233,0.68848637,0.85759563,0.80539368,1.797829,0.2463222,-0.36878136,0.029876343,0.15239943
"1431",0.68335642,0.73157037,0.74378966,0.74268745,0.97103786,1.6628139,0.2646225,-0.40327092,0.036560079,0.13859757
"1432",0.66882814,0.66001012,0.73515602,0.71935153,0.93985476,1.9270824,0.3162953,-0.37856719,0.024387699,0.13642105
"1433",0.72263568,0.67758529,0.66688859,0.87497524,0.84740383,2.141326,0.32235057,-0.29972679,0.033817943,0.15793117
"1434",0.73196687,0.74974815,0.80726401,0.9429271,0.98663598,2.1118254,0.21611211,-0.32701988,0.019523249,0.14483352
"1435",0.60541995,0.65743976,0.6216741,0.77208887,0.78607756,1.8348755,0.21768544,-0.5152585,0.0014727558,0.15832604
"1436",0.74724082,0.78812343,0.79630904,0.84403363,0.93873086,1.7104673,0.32780893,-0.57329877,-0.020225577,0.14874677
"1437",0.578262,0.57930894,0.64397148,0.75359362,0.7501458,1.9596755,0.22547312,-0.38243364,-0.011414163,0.17232517
"1438",0.70404681,0.69778453,0.74787118,0.87277694,0.904787,1.8971918,0.15792866,-0.30116191,0.0047634548,0.17029377
"1439",0.62613222,0.70463374,0.71270168,0.71706511,0.89371738,1.781224,0.12582989,-0.26840672,0.021589686,0.19298744
"1440",0.64827731,0.69699384,0.72487164,0.96640019,0.89501096,1.2521546,0.11662417,-0.31040761,0.033184551,0.17229908
"1441",0.65705906,0.70647517,0.74346722,0.78787475,0.87774314,1.7149278,0.14362459,-0.20987462,0.030130338,0.20647344
"1442",0.63854154,0.66117176,0.70670295,0.850944,0.90057109,1.7346822,0.18518075,-0.31603881,0.026571775,0.21128276
"1443",0.64810174,0.72873014,0.69894088,0.74561159,0.90508696,1.5522924,0.29290488,-0.30131672,0.016656427,0.18105846
"1444",0.60798874,0.59912354,0.70953023,0.78927926,0.88919532,1.4687349,0.23950249,-0.44879794,0.025572284,0.16232665
"1445",0.61469172,0.65948427,0.72843603,0.72111637,0.90139904,1.0628906,0.2406769,-0.55553219,0.029835268,0.1659007
"1446",0.72066909,0.70922312,0.67645355,0.89698854,0.88369492,1.4774196,0.30520054,-0.40202815,0.027716253,0.16255969
"1447",0.61835705,0.62127864,0.74573431,0.87535831,0.82647922,1.4883086,0.32472631,-0.32568285,0.028046544,0.15359081
"1448",0.65251882,0.64496938,0.71268213,0.8166338,0.94160707,1.3684783,0.4433531,-0.30601809,0.024546005,0.15491809
"1449",0.65720989,0.64794792,0.65933658,0.80457367,0.85582851,1.5156508,0.33905209,-0.28345022,0.019757254,0.1536757
"1450",0.70512109,0.74000794,0.73208404,0.78663321,0.89661866,1.678109,0.3496167,-0.40629647,0.04575749,0.16059919
"1451",0.66792646,0.68237429,0.66789207,0.78652664,0.89477101,1.9825661,0.30219276,-0.48710825,0.031554579,0.17339031
"1452",0.70482218,0.70814647,0.78142811,0.8115896,0.85422683,1.7794926,0.2408301,-0.47982687,0.03047311,0.17777313
"1453",0.62988632,0.67030473,0.68821196,0.79983126,0.90315667,1.7819935,0.19167165,-0.42144215,0.050441891,0.17937794
"1454",0.68092666,0.64071909,0.71782296,0.75641042,0.87880777,1.5495765,0.24478618,-0.35604436,0.039271599,0.16700721
"1455",0.62451101,0.64423969,0.71767328,0.78593938,0.94566782,1.5269378,0.20623292,-0.37486195,0.037511372,0.16225415
"1456",0.73220315,0.73612064,0.74355165,0.86245436,0.86029633,1.347806,0.30133249,-0.31893384,0.038099306,0.14690119
"1457",0.61433626,0.66637124,0.66594016,0.81200485,0.8739269,1.1493273,0.18341441,-0.33462529,0.0322108,0.14816448
"1458",0.6984634,0.6437432,0.79587192,0.81390649,0.86893554,1.5172267,0.18394605,-0.30643444,0.036705116,0.16338611
"1459",0.6395485,0.63102376,0.75627522,0.89732439,0.94159207,1.3267553,0.19513512,-0.24798352,0.040629764,0.15828503
"1460",0.66308651,0.62713431,0.64868218,0.77741405,0.80073842,1.5761438,0.10003766,-0.29202847,0.043702652,0.16210213
"1461",0.68592068,0.75893956,0.71399922,0.85223198,0.92992126,1.3512643,0.18929613,-0.21452266,0.030002919,0.15513672
"1462",0.70777814,0.68268746,0.69632485,0.7605178,0.82457562,1.4931327,0.24289023,-0.21425264,0.025845526,0.14918426
"1463",0.64600513,0.70901944,0.8266263,0.90115486,0.90924674,1.3837687,0.26134694,-0.23761675,0.02064753,0.14748785
"1464",0.67852283,0.76052284,0.72533406,0.92914042,0.91556119,1.395498,0.24734948,-0.27619161,0.024281035,0.14494586
"1465",0.60110453,0.6086949,0.73672157,0.81698673,0.88252923,1.5868818,0.23786221,-0.28035765,0.011739649,0.14009169
"1466",0.59575991,0.63835878,0.71058332,0.82465515,0.85715806,1.6112113,0.29530231,-0.29755792,0.012850801,0.14192035
"1467",0.65980459,0.65475157,0.69301195,0.75738007,0.93071288,1.9018244,0.27063622,-0.29343029,0.0094985378,0.14695177
"1468",0.64393364,0.70887076,0.80066765,0.83822938,0.88498584,1.5404214,0.2972209,-0.24611402,0.015747647,0.14622566
"1469",0.67604658,0.65602147,0.70011079,0.7879951,0.94854848,1.9088499,0.38759308,-0.24054906,0.011298844,0.15344054
"1470",0.63637093,0.71538187,0.70936155,0.81691972,0.84252973,1.5794794,0.38089058,-0.29504138,0.013837419,0.15754052
"1471",0.69855048,0.66401571,0.71127234,0.77544459,0.89476179,1.7682026,0.32639517,-0.19865588,0.012537697,0.18457254
"1472",0.61312796,0.69639807,0.74116774,0.92760092,0.89816078,1.7507446,0.31339857,-0.27815183,-0.018133427,0.14649822
"1473",0.61971566,0.68603333,0.71826025,0.90319287,0.90026283,1.756564,0.32734222,-0.27831416,-0.014277563,0.15558703
"1474",0.71732682,0.69361902,0.69483644,0.86080637,0.91395973,1.8770175,0.35447591,-0.30083426,-0.0040998163,0.15880986
"1475",0.6535891,0.71865957,0.69976788,0.75204193,0.91857281,1.9323118,0.22473952,-0.29895434,0.0008594858,0.17857548
"1476",0.68181796,0.6971892,0.76462992,0.95157053,0.89729362,1.6140192,0.21159009,-0.30666627,0.010307391,0.16601263
"1477",0.62497845,0.68931752,0.72367592,0.83369318,0.90892506,1.6575694,0.24394694,-0.34555019,0.011618066,0.16674405
"1478",0.65021458,0.6625235,0.71227464,0.84371651,0.86707449,1.4358907,0.33660126,-0.35937053,0.041212292,0.15656703
"1479",0.65454959,0.67008294,0.70741863,0.83182799,0.86934909,1.4424366,0.34438437,-0.35112485,0.040095938,0.15583994
"1480",0.67077791,0.69388118,0.69775017,0.84860199,0.9334078,1.5054615,0.31336333,-0.45172666,0.035657034,0.1621965
"1481",0.64844337,0.70374346,0.74382845,0.86487168,0.88436069,1.1171703,0.21816974,-0.41998316,0.032281205,0.15811079
"1482",0.70822627,0.66669208,0.7199592,0.80447697,0.88668747,1.5100137,0.21553554,-0.34776103,0.039002141,0.17751638
"1483",0.67591865,0.70351358,0.71174389,0.87101118,0.90597605,1.4754658,0.1483217,-0.37521927,0.0321237,0.18783812
"1484",0.69284687,0.70765079,0.77355816,0.83723965,0.91380666,1.9161191,0.13159363,-0.40141616,0.031000277,0.17857971
"1485",0.72550671,0.70620744,0.66845862,0.7670907,0.78078154,2.08228,0.12139629,-0.36991922,0.028775014,0.18723605
"1486",0.69160789,0.64162599,0.78154363,0.78075777,0.9141246,2.3338294,0.16283399,-0.39244728,0.020595189,0.20969668
"1487",0.63417437,0.71452423,0.66517457,0.85553732,0.80792591,1.8674517,0.1455636,-0.47982121,0.038254552,0.16630388
"1488",0.65653432,0.65001704,0.75004702,0.81351685,0.91177085,1.849478,0.20177791,-0.41107301,0.027193911,0.14964815
"1489",0.68616269,0.72662847,0.66896442,0.82970622,0.87502724,1.7704558,0.2089993,-0.44776366,0.02748824,0.14149752
"1490",0.70079483,0.66863321,0.76005719,0.78131846,0.86647601,1.5883659,0.26488487,-0.35234042,0.012668666,0.16554971
"1491",0.70964692,0.70827802,0.7646976,0.7768849,0.7992732,1.5689371,0.14175494,-0.50042856,0.01424605,0.16999362
"1492",0.72094001,0.68300145,0.68056617,0.83225691,0.91601836,1.4612566,0.19247961,-0.4683586,0.035251663,0.17220426
"1493",0.69038922,0.70732661,0.80208758,0.74119697,0.88563403,1.4332118,0.20884368,-0.40495159,0.034020322,0.17077959
"1494",0.62253457,0.6785551,0.74093655,0.75423474,0.86394585,1.4557641,0.20047962,-0.43027571,0.033695339,0.17253457
"1495",0.6722033,0.59683946,0.63034772,0.81315972,0.85502605,1.7238301,0.19108614,-0.41346921,0.017224702,0.16554985
"1496",0.71580539,0.7422932,0.77405199,0.87078058,0.94766026,1.7347508,0.083356573,-0.4880771,0.035438606,0.16162166
"1497",0.75639189,0.70231772,0.73468311,0.79405434,0.85850123,1.638065,0.058098532,-0.37773683,0.038159651,0.16600381
"1498",0.69500228,0.67639729,0.6442357,0.77370464,0.87120329,1.6984717,0.22415114,-0.35199394,0.048021088,0.15209776
"1499",0.55212042,0.7062749,0.75405805,0.73602014,0.84728558,2.0011394,0.23347658,-0.21598803,0.043477515,0.16521248
"1500",0.84241346,0.70876974,0.69142746,0.92541994,0.93297723,2.0387656,0.15539613,-0.16571075,0.055688633,0.17400193
"1501",0.60668891,0.73571929,0.72861444,0.86409932,0.85035512,1.5963701,0.098318255,-0.32743737,0.044288191,0.16269028
"1502",0.76912733,0.70843471,0.71625336,0.86052287,0.91250034,1.5099651,0.10656516,-0.40757575,0.027755735,0.15824233
"1503",0.61143547,0.71534591,0.75138662,0.78716687,0.88758626,1.834871,0.082542235,-0.27786943,0.037945078,0.140526
"1504",0.6299482,0.65123114,0.68989857,0.85690133,0.88202238,1.2309864,0.25881762,-0.20035544,0.062480081,0.14004819
"1505",0.68456091,0.72415378,0.76351645,0.83938358,0.89427142,1.4718528,0.15749822,-0.35968399,0.082635159,0.15036529
"1506",0.67641263,0.68503892,0.71537329,0.82261897,0.88238102,1.7549239,0.16696744,-0.33526698,0.079052328,0.15131355
"1507",0.62149748,0.75485317,0.73526764,0.82677832,0.90328917,1.7245602,0.26514956,-0.38616807,0.070911941,0.14308505
"1508",0.65219296,0.65720434,0.6892034,0.76648348,0.85229795,1.4120183,0.27502042,-0.38436836,0.043308182,0.1411647
"1509",0.64621704,0.77483702,0.748818,0.86521906,0.89894255,1.473078,0.2143341,-0.33938499,0.019677042,0.14091514
"1510",0.63017521,0.65863953,0.72672476,0.8043344,0.8576283,1.48351,0.22541655,-0.3333772,0.011477621,0.14532915
"1511",0.64905279,0.66116018,0.72060192,0.80884628,0.84232764,1.6158999,0.26035812,-0.32925399,0.014671569,0.1451436
"1512",0.70693156,0.66909338,0.69546393,0.86040429,0.85352937,1.5325498,0.25543987,-0.31947453,0.013058086,0.14233602
"1513",0.69474384,0.60596729,0.70783482,0.82159913,0.84345908,1.5447821,0.20710524,-0.3597043,0.012904454,0.14356925
"1514",0.68397831,0.73066984,0.73626922,0.81818604,0.8697855,1.4587204,0.24217044,-0.31279287,0.0089378944,0.15057553
"1515",0.5710845,0.62891644,0.70444914,0.83868015,0.88244302,1.4919526,0.27608936,-0.26225868,0.0052942838,0.15042775
"1516",0.67608246,0.66933913,0.7366848,0.75291507,0.86206064,1.4066806,0.24071913,-0.30772315,-0.0044088814,0.14377074
"1517",0.71270025,0.67804377,0.67631535,0.80441431,0.81036312,1.4701329,0.15337742,-0.35124485,-0.00069202234,0.13495987
"1518",0.6960166,0.698199,0.71398668,0.75550836,0.90800868,1.2096031,0.1713502,-0.34977713,0.020063095,0.1453444
"1519",0.66789216,0.74130493,0.69562165,0.90369117,0.89802596,1.4470927,0.18616148,-0.3864036,0.019423537,0.15477165
"1520",0.57769824,0.64496349,0.72763503,0.81745786,0.89366324,1.4632106,0.25231657,-0.37102398,0.01343266,0.14194507
"1521",0.62589314,0.66727536,0.71889692,0.79390072,0.90470549,1.1763646,0.27923889,-0.43463496,0.016957987,0.15268367
"1522",0.67092591,0.6459867,0.69995166,0.79090594,0.88695211,1.3919891,0.28863589,-0.45455216,0.0018102649,0.16554729
"1523",0.66733231,0.68573914,0.68988657,0.76028974,0.87957291,1.5900469,0.3655794,-0.54703942,0.020209526,0.15896848
"1524",0.60573589,0.71431608,0.73532126,0.80806354,0.86390444,1.5662724,0.34114657,-0.56938193,0.033429982,0.15594094
"1525",0.65546533,0.68772823,0.71022847,0.80135986,0.90146154,1.6494204,0.32309475,-0.43685588,0.025865913,0.15047409
"1526",0.69169185,0.67106787,0.77124072,0.8799614,0.87914546,1.5601058,0.2947528,-0.43959574,0.020918956,0.15633107
"1527",0.63913927,0.72187055,0.74376373,0.82349292,0.87604035,1.8664123,0.33604939,-0.48128224,0.013788582,0.15572664
"1528",0.65659776,0.66687471,0.75137745,0.95459123,0.86696366,1.7527817,0.28895742,-0.55567404,0.012345146,0.15633122
"1529",0.71786094,0.67476661,0.71504913,0.79287406,0.91611502,1.8100099,0.37973016,-0.52697419,0.017235188,0.14254356
"1530",0.63706335,0.73642265,0.73847835,0.84298128,0.88532418,1.5126485,0.32076838,-0.46161855,0.033493865,0.14900488
"1531",0.69967133,0.70802964,0.70487726,0.82451983,0.88694685,1.4075995,0.3090523,-0.43776501,0.037339441,0.14853645
"1532",0.74834171,0.72672672,0.77832135,0.93708886,0.93249121,1.3218339,0.33486673,-0.40036914,0.033701559,0.1422896
"1533",0.67026459,0.62112152,0.70609009,0.75536367,0.86612149,1.9821189,0.36206329,-0.30573306,0.043489672,0.14984055
"1534",0.68181833,0.68804964,0.78335298,0.8292306,0.93332705,1.6346433,0.33964823,-0.10978814,0.029568779,0.13831162
"1535",0.65778653,0.64601054,0.72441842,0.75783674,0.91093507,1.5412858,0.32437595,-0.33586634,0.024634672,0.13164965
"1536",0.65918188,0.59379743,0.73737121,0.8135118,0.79081548,1.7818369,0.25018584,-0.34526301,0.022724366,0.13454454
"1537",0.60393195,0.63360393,0.68018539,0.74634706,0.88886286,1.8264523,0.28590063,-0.34288664,0.034625267,0.14149658
"1538",0.67101019,0.70065494,0.72502877,0.77463599,0.8934798,1.9774145,0.27654359,-0.3850697,0.023894821,0.14877198
"1539",0.65905016,0.69941407,0.74952621,0.88685485,0.91358227,1.2983256,0.21785181,-0.53437254,0.024768174,0.15168233
"1540",0.65074577,0.67567484,0.67251753,0.80807747,0.88271871,1.3152499,0.16013648,-0.44641598,0.021572363,0.1630389
"1541",0.65167542,0.70512385,0.72698646,0.82119621,0.90887552,1.0409654,0.15567115,-0.28494716,0.021015504,0.15812258
"1542",0.69057241,0.71606109,0.76021415,0.837086,0.89597467,1.1503137,0.1186341,-0.25487776,0.023982434,0.16714034
"1543",0.64523415,0.68125543,0.72955331,0.87305023,0.9840318,1.7331416,0.19501092,-0.3346757,0.00221886,0.1707812
"1544",0.73271251,0.69863264,0.72371804,0.83629674,0.90847882,1.7727675,0.12679604,-0.33182636,0.035506933,0.15856038
"1545",0.65291288,0.69778535,0.7463892,0.80137747,0.88362327,1.7285518,0.18201117,-0.31695889,0.028813781,0.17426448
"1546",0.73421482,0.71132624,0.71047443,0.90951994,0.90418565,1.7824133,0.29232904,-0.21452822,0.025863127,0.14997523
"1547",0.67040868,0.68262824,0.70214037,0.7982874,0.95303148,1.7018498,0.2775274,-0.18085911,0.029602661,0.14437383
"1548",0.63641816,0.68311733,0.73706858,0.83778154,0.89636549,1.6255311,0.27583075,-0.27609779,0.013440834,0.14169821
"1549",0.67469429,0.69842482,0.70461285,0.87049601,0.89898179,1.4997709,0.25108504,-0.33201502,0.019657512,0.13477211
"1550",0.69813239,0.7444882,0.74510905,0.77415059,0.83902528,1.2619409,0.29305581,-0.27269533,0.02445376,0.14868849
"1551",0.57611262,0.71387309,0.69558682,0.87945903,0.88341519,1.1599311,0.20516329,-0.37449344,0.0094591425,0.14056653
"1552",0.62365807,0.71125901,0.72087026,0.82082946,0.92414224,0.95525245,0.27068027,-0.29501844,0.00018248146,0.13966612
"1553",0.60501143,0.71669878,0.74557555,0.79993404,0.86437809,1.317564,0.28166493,-0.2933724,0.004823212,0.13761243
"1554",0.67196421,0.73271952,0.71033925,0.89202784,0.91994157,1.3247506,0.3572885,-0.26176704,0.006400325,0.13966971
"1555",0.6843532,0.62764443,0.71403588,0.74709453,0.89583984,1.4925392,0.29719233,-0.31289627,0.023061932,0.15357412
"1556",0.68787563,0.67740131,0.75678509,0.79077314,0.85224097,1.5552919,0.33037893,-0.33626435,0.010225752,0.15458792
"1557",0.73279856,0.68334572,0.72177651,0.93064114,0.88805918,1.6255286,0.34734772,-0.321795,0.022741546,0.15432626
"1558",0.62752057,0.69351769,0.66422589,0.74499328,0.9083702,1.380319,0.17692247,-0.39623068,0.017479906,0.15604884
"1559",0.72013035,0.75383989,0.7760801,0.86412991,0.91259791,1.1595901,0.20261401,-0.43685432,0.019657527,0.14612205
"1560",0.73695836,0.72519433,0.76082289,0.81516064,0.91152818,1.2399211,0.17907021,-0.45134869,0.018718248,0.14698922
"1561",0.73488201,0.72291207,0.77538708,0.85943174,0.93603093,1.2952428,0.17943762,-0.45468226,0.027748136,0.14744646
"1562",0.6191515,0.72802224,0.73407855,0.8048145,0.88776594,1.2688557,0.31138251,-0.44090995,0.028134153,0.14225036
"1563",0.71167845,0.70384684,0.71158458,0.92659451,0.93969655,1.7746648,0.27707113,-0.45976575,0.027206188,0.14263688
"1564",0.58833858,0.71740726,0.73162092,0.85737693,0.86959894,1.9902087,0.23418651,-0.45450977,0.036086855,0.13765112
"1565",0.62305952,0.67860297,0.70370209,0.80609181,0.90584929,1.9945603,0.26001049,-0.4198816,0.038403161,0.13172865
"1566",0.59482934,0.7120876,0.71004602,0.78451005,0.92195176,1.4740273,0.19925284,-0.31674389,0.026233493,0.15005206
"1567",0.73129668,0.67146559,0.74955777,0.78372605,0.86014694,1.6119338,0.17045724,-0.36605992,0.025911175,0.14633372
"1568",0.63023037,0.6753052,0.72590478,0.82155084,0.81477191,1.9124366,0.097094947,-0.42218603,0.028915141,0.12742973
"1569",0.75219478,0.70063497,0.68923436,0.90578786,0.94679958,1.8206431,0.18714293,-0.32669673,0.004633063,0.14186434
"1570",0.67117991,0.68071383,0.75709506,0.83351831,0.90576253,2.1744039,0.21608998,-0.24432644,-0.0044261099,0.14192997
"1571",0.61935805,0.67720069,0.6923945,0.81301537,0.88150614,1.8625605,0.25305789,-0.34850355,0.0040055061,0.1606785
"1572",0.63317924,0.70773269,0.70463911,0.75597724,0.86716793,1.6167834,0.19495694,-0.32176369,0.013346344,0.15886364
"1573",0.71240906,0.70841562,0.72861827,0.84327118,0.9425603,1.9007491,0.1309678,-0.36235725,0.030470285,0.15849208
"1574",0.57717729,0.69193868,0.70555957,0.76491806,0.82159328,1.7493058,0.2819976,-0.1850307,0.045163399,0.14912623
"1575",0.62215016,0.69094084,0.68727542,0.81683311,0.88270867,1.695828,0.23706991,-0.19882621,0.050662833,0.14889188
"1576",0.75919788,0.74430033,0.73203166,0.8437077,0.91577243,1.9871104,0.26630274,-0.26295208,0.035549144,0.14483074
"1577",0.60570686,0.70285846,0.7198021,0.79289382,0.90582819,1.7258679,0.21003001,-0.23219433,0.04002291,0.13945225
"1578",0.63568542,0.72854614,0.71513856,0.8293393,0.9037229,1.8947498,0.26924961,-0.38610708,0.03640661,0.14261787
"1579",0.70381209,0.74458954,0.73350817,0.85758359,0.91264911,1.9412179,0.20388552,-0.42944391,0.019714401,0.15218104
"1580",0.64684393,0.62872325,0.72558917,0.79932145,0.8389771,1.987774,0.2262283,-0.42335213,0.041974481,0.16650943
"1581",0.53272867,0.76995236,0.69184546,0.79533493,0.90569152,1.8865082,0.35811577,-0.31880665,0.041162163,0.16293708
"1582",0.79211208,0.73206721,0.7476807,0.87860201,0.96975925,1.3854017,0.22373359,-0.29981807,0.06573473,0.1450851
"1583",0.80406884,0.76027479,0.74281719,0.89056731,0.95906812,1.4478137,0.22725942,-0.31900291,0.067418643,0.14833093
"1584",0.51074938,0.62488764,0.68340906,0.79093936,0.85012194,1.3870432,0.38586061,-0.3759323,0.045613073,0.15605674
"1585",0.65127853,0.71293488,0.72564989,0.78070909,0.92774341,1.231757,0.24685655,-0.29616877,0.054472533,0.15513994
"1586",0.65550635,0.72237569,0.74430725,0.83549077,0.90198567,1.2043634,0.2448197,-0.30386749,0.053335691,0.15326787
"1587",0.70665797,0.6731383,0.66657539,0.86148793,0.86596867,1.5399748,0.25116266,-0.36659991,0.067989885,0.15895226
"1588",0.6372729,0.74848006,0.72174999,0.80543108,0.97833888,1.075044,0.21423745,-0.32132517,0.027830251,0.15164025
"1589",0.63330715,0.65856364,0.67175599,0.83527919,0.89718536,1.3462088,0.15140008,-0.36501164,0.026474707,0.17052242
"1590",0.66158031,0.73108859,0.77817543,0.86550853,0.91694259,1.4399257,0.23273106,-0.38100929,0.027807282,0.15921339
"1591",0.68905083,0.69282946,0.70378777,0.8207905,0.84083832,1.7510232,0.20621949,-0.28164964,0.029027633,0.14953287
"1592",0.68318659,0.65668603,0.70184924,0.75706297,0.93065197,1.9777363,0.19209069,-0.25505619,0.028401772,0.15577412
"1593",0.68601967,0.70737352,0.75995543,0.82158928,0.88371938,1.9594604,0.2261859,-0.42304688,0.019421852,0.14837126
"1594",0.7416579,0.72752715,0.676344,0.83174366,0.9192997,1.6754928,0.21969354,-0.44199051,0.023378694,0.13699002
"1595",0.71052876,0.68656994,0.72224426,0.86370355,0.91690849,1.7650318,0.24912246,-0.42886492,0.031517757,0.13379842
"1596",0.71004837,0.74756904,0.70139602,0.83123422,0.84824908,2.0150207,0.28963654,-0.48053187,0.027374985,0.13909412
"1597",0.65982249,0.72491097,0.75938126,0.82542366,0.86748954,1.9744735,0.29375609,-0.43622067,0.026261397,0.14007848
"1598",0.61062155,0.61315659,0.69278364,0.68536433,0.89309448,1.8154769,0.29121086,-0.49483642,0.019061966,0.14546992
"1599",0.65937908,0.64402061,0.69013389,0.72596677,0.84147001,1.4335066,0.35628989,-0.44991081,0.025826786,0.1520083
"1600",0.64946897,0.70552885,0.70935721,0.76237643,0.91884946,1.3752994,0.40428295,-0.3455829,0.025520737,0.15044165
"1601",0.66875549,0.69359245,0.71700657,0.80997296,0.92544969,1.3912445,0.32794472,-0.33982504,0.019232757,0.14607032
"1602",0.68149327,0.661132,0.70859718,0.85990771,0.86925502,1.5500042,0.27248835,-0.41405816,0.014571494,0.15810552
"1603",0.60821112,0.75344303,0.75938231,0.87386614,0.95386455,1.3034035,0.24874902,-0.4019355,0.0079122822,0.14999671
"1604",0.72137677,0.67193403,0.74370795,0.90618785,0.98660132,1.2679145,0.23624448,-0.39507284,0.0085229772,0.15208233
"1605",0.62606864,0.68970033,0.71856282,0.84565833,0.89853747,1.3763872,0.26128926,-0.42839993,0.012307114,0.15191198
"1606",0.70286236,0.71369366,0.69581143,0.76667477,0.80504527,1.4586675,0.38557982,-0.43036225,0.028311896,0.16788173
"1607",0.66554857,0.70093856,0.66451844,0.7517276,0.82881262,1.6051904,0.37299701,-0.40001584,0.029917628,0.17006117
"1608",0.60758717,0.6615171,0.7701008,0.83502052,0.96916138,1.6927715,0.37628779,-0.37328218,0.0073253792,0.18021273
"1609",0.66874116,0.63035756,0.74072027,0.92871728,0.94226961,2.0726592,0.43090763,-0.4809971,0.01153362,0.16291285
"1610",0.69219161,0.71302869,0.71075179,0.92593823,0.87571529,1.8218137,0.38704076,-0.55293691,0.013789094,0.16217674
"1611",0.69109601,0.70109183,0.69651456,0.85553821,0.89873046,1.8419889,0.33654747,-0.56953935,0.012726725,0.15043286
"1612",0.65981734,0.6687372,0.65324032,0.88782032,0.83771134,2.0086894,0.40722505,-0.55496969,0.016825237,0.14475424
"1613",0.64621816,0.67265481,0.7120614,0.85140043,0.89933426,2.0762651,0.40980648,-0.43103865,0.0036656599,0.14974062
"1614",0.73239078,0.65994754,0.68272852,0.77543774,0.88206783,1.8600969,0.37937127,-0.46992375,0.012151228,0.15363361
"1615",0.70697142,0.65884203,0.68957003,0.77833723,0.88152954,1.8342684,0.37078318,-0.4686152,0.012461681,0.15127463
"1616",0.62875621,0.70223533,0.69036649,0.80490716,0.8818874,1.86018,0.42770424,-0.47709757,0.0084107711,0.15481633
"1617",0.62149231,0.66587626,0.67857264,0.80189924,0.87025821,1.8706666,0.34850683,-0.49348096,0.018257852,0.15520624
"1618",0.64867618,0.68170514,0.70739874,0.76923791,0.83800588,1.7818871,0.31226671,-0.54820977,0.0164365,0.1547234
"1619",0.67873692,0.68225324,0.68261651,0.78808015,0.8471441,2.0072851,0.34096064,-0.51673106,0.01212893,0.15794186
"1620",0.66045768,0.6534624,0.7316219,0.789311,0.89445427,1.8020216,0.32346082,-0.51016328,0.01224209,0.16282656
"1621",0.70293334,0.63337611,0.73394181,0.8210729,0.91578661,1.6795685,0.39984767,-0.48895154,0.023328872,0.15991585
"1622",0.61158535,0.70676933,0.69055191,0.77707573,0.80812843,2.2262447,0.24381066,-0.45351336,0.026950408,0.15891454
"1623",0.76471621,0.70098269,0.69427847,0.93348108,0.92761019,1.6698623,0.15125276,-0.47812633,0.010710839,0.15125625
"1624",0.67224706,0.67435908,0.73336473,0.7854714,0.83244649,1.659479,0.13485914,-0.47115411,0.028319584,0.14935116
"1625",0.63687561,0.64495272,0.67967315,0.79012699,0.90791806,1.9607079,0.24434725,-0.42935829,0.032409578,0.15653985
"1626",0.64101466,0.70320187,0.74042256,0.78147099,0.85587265,1.8037558,0.38817132,-0.33995932,0.02642118,0.14420769
"1627",0.67564854,0.70434356,0.76756626,0.84756861,0.86956966,1.5441584,0.33969172,-0.33125229,0.012351729,0.13803633
"1628",0.7139922,0.64057449,0.77210353,0.77646139,0.91113284,1.7056219,0.37023787,-0.41658197,0.0041849496,0.13257672
"1629",0.80731329,0.70699072,0.73572847,0.89563408,0.94452842,1.3789819,0.27616476,-0.40748374,0.024088272,0.12536606
"1630",0.7139907,0.70818113,0.78047589,0.9497315,0.90817992,1.2859149,0.40656683,-0.4414509,0.016575243,0.13307496
"1631",0.71529721,0.71760488,0.79016231,0.87837417,0.92484818,1.0651263,0.39712218,-0.47160612,0.018818731,0.13084922
"1632",0.58399936,0.68184348,0.66793428,0.77561157,0.88056848,1.6163959,0.28838648,-0.46910063,-0.01215704,0.14348384
"1633",0.62724023,0.6300798,0.65088432,0.79523133,0.86231127,1.6915679,0.30092632,-0.49420508,-0.006370723,0.14764898
"1634",0.74989675,0.76970463,0.75301792,0.89827168,0.94729399,1.737142,0.28123319,-0.40787201,0.00031353208,0.14913026
"1635",0.55897369,0.64720178,0.67620947,0.67795487,0.84799491,1.593714,0.29195949,-0.2812873,-0.0092536003,0.12185455
"1636",0.55345695,0.64374243,0.70238731,0.71948837,0.82696733,1.5984289,0.31329059,-0.33827381,-0.00043001947,0.11739226
"1637",0.59223955,0.64129603,0.76411877,0.81521092,0.8591918,1.5467076,0.27385248,-0.34852549,-0.0017701279,0.120728
"1638",0.72403366,0.66884928,0.68209085,0.76048022,0.88931183,1.7328418,0.27584056,-0.36889011,-0.0056238613,0.10893764
"1639",0.65524687,0.70110852,0.74317851,0.81114112,0.88434283,1.7665677,0.34398106,-0.46074536,-0.002491556,0.13246203
"1640",0.70067625,0.6831548,0.74457042,0.84575084,0.85254067,1.8703318,0.33856321,-0.45633733,0.0038624939,0.13865807
"1641",0.66847755,0.66242714,0.70173665,0.71755016,0.82519161,2.310477,0.45004686,-0.49785895,0.012215688,0.14823309
"1642",0.66271926,0.68584737,0.72602666,0.91266857,0.89977981,1.8215976,0.3330648,-0.60520294,0.0198136,0.14864958
"1643",0.68420808,0.79930883,0.75932554,0.83421076,0.94534651,1.598201,0.34996235,-0.63347799,0.014815292,0.15664027
"1644",0.63414345,0.76043067,0.72501984,0.82422625,0.93066775,1.6035626,0.36468329,-0.58713994,0.018301785,0.1554407
"1645",0.64838861,0.65078168,0.68803231,0.81790126,0.88330345,1.8521072,0.29183001,-0.24923861,0.02695629,0.17210113
"1646",0.67118044,0.65404381,0.73964457,0.81833302,0.87153618,1.7558482,0.29844269,-0.3373887,0.025805691,0.15871937
"1647",0.68066625,0.70829169,0.76833886,0.8440127,0.89346073,1.8278134,0.23553924,-0.33881897,0.015693515,0.16369536
"1648",0.69551325,0.70531408,0.70625373,0.82069012,0.86833845,1.1526879,0.21777508,-0.28424886,0.016223897,0.1767695
"1649",0.71628377,0.81055053,0.7640679,0.82384724,0.96961817,1.0565774,0.25768386,-0.31152781,0.010712755,0.18556113
"1650",0.75420736,0.72556703,0.75739428,0.85152775,0.95061167,1.3589258,0.20824254,-0.21198502,0.015589231,0.17170358
"1651",0.6150651,0.6570291,0.69221852,0.69274775,0.82244069,2.0318055,0.17579311,-0.18994721,0.013369301,0.16750882
"1652",0.58392309,0.64433601,0.70468131,0.84882798,0.8930728,1.5330715,0.17929401,-0.23306281,0.022779046,0.16907051
"1653",0.62827954,0.68220929,0.67563912,0.75490322,0.85178167,1.7642589,0.28411609,-0.27245703,0.020768951,0.17068082
"1654",0.71026298,0.74334595,0.77103609,0.83532165,0.95252909,1.5394682,0.2751559,-0.21886,0.038968724,0.16292671
"1655",0.70796509,0.68333704,0.68476418,0.7475229,0.76783453,1.6378005,0.33714909,-0.27147474,0.034877961,0.17315332
"1656",0.686147,0.71051664,0.70918986,0.83681651,0.95628866,1.7210156,0.32385767,-0.25724356,0.017196621,0.17591958
"1657",0.64323454,0.65443018,0.71580869,0.73116445,0.82423145,1.6534975,0.32048874,-0.28648009,0.03826534,0.16653257
"1658",0.62397179,0.70111682,0.69199771,0.87150838,0.89853174,1.6483159,0.32989196,-0.25314361,0.030529427,0.17710757
"1659",0.77296102,0.68188588,0.7355214,0.78741497,0.81564145,1.6760473,0.3371223,-0.26863345,0.019795727,0.17023535
"1660",0.64043018,0.68954505,0.72762639,0.812304,0.86848776,1.3475854,0.32929725,-0.17672583,0.031544149,0.16704731
"1661",0.70625564,0.70771494,0.73914402,0.85316169,0.88710486,1.2353624,0.18768076,-0.21312271,0.028291053,0.17021039
"1662",0.63846947,0.63562845,0.64102129,0.76477126,0.84342131,1.2493197,0.30732653,-0.26346294,0.033716255,0.18792744
"1663",0.67170984,0.69379545,0.63726585,0.79464623,0.83250155,1.4021106,0.30185165,-0.3045852,0.034601749,0.19052249
"1664",0.66957075,0.67735485,0.66532289,0.82221799,0.82135553,1.1786462,0.2458317,-0.33870663,0.030808515,0.18597285
"1665",0.59769578,0.62407802,0.70696267,0.82300707,0.86331658,1.3532195,0.18584477,-0.23222677,0.024837932,0.17771427
"1666",0.59080553,0.63426162,0.72153294,0.81111128,0.87946274,1.1940594,0.17107272,-0.20323026,0.027838854,0.17483188
"1667",0.6959071,0.70419468,0.6638282,0.85320666,0.85602301,1.6391176,0.17226282,-0.36150985,0.018756328,0.15741188
"1668",0.64430911,0.59931843,0.75850544,0.7747098,0.90393396,1.5298187,0.21458125,-0.37067656,0.018315441,0.16757382
"1669",0.67941249,0.58925945,0.77880702,0.78402639,0.91902038,1.3526938,0.18989806,-0.38883492,0.015861922,0.16821663
"1670",0.64306714,0.74389356,0.6873606,0.76253342,0.84842173,1.5688178,0.24695516,-0.32733011,0.018477031,0.17518355
"1671",0.68931383,0.64129684,0.76461185,0.82639527,0.81394953,1.7680762,0.20869179,-0.39453626,0.0062674664,0.16894097
"1672",0.68991024,0.68074998,0.70977382,0.82168743,0.87010557,1.7925277,0.22087867,-0.37569976,0.0071634797,0.17344411
"1673",0.66690278,0.70557422,0.72104876,0.88271115,0.85795277,1.9845581,0.2314299,-0.38762254,0.01042074,0.15324654
"1674",0.75594495,0.71610926,0.74594589,0.90439924,0.89347326,2.004512,0.16438372,-0.42753973,0.010332115,0.13832584
"1675",0.76992974,0.71978532,0.78001335,0.89259409,0.91908862,1.9644835,0.15181835,-0.40297722,0.014275149,0.13374322
"1676",0.71974325,0.73284349,0.69095678,0.84829123,0.92322602,2.0256205,0.20699356,-0.40222962,0.017192365,0.1374869
"1677",0.67732703,0.63929348,0.75466316,0.83866796,0.9245929,2.2812903,0.1781323,-0.30359623,0.025534326,0.14126589
"1678",0.64472489,0.77216187,0.7260415,0.83635853,0.86570574,2.5171726,0.2355078,-0.29398463,0.019074417,0.1387404
"1679",0.70771108,0.72427191,0.73952409,0.82312699,0.90126132,2.1814613,0.19519025,-0.35289127,0.023404757,0.14305447
"1680",0.61807207,0.71584198,0.70370531,0.78852964,0.8176962,1.7607796,0.22434482,-0.30120408,0.026149748,0.14224657
"1681",0.53874499,0.69143856,0.71156935,0.81630485,0.86931405,1.7742122,0.24352244,-0.3409426,0.028984012,0.14032595
"1682",0.64938247,0.67778169,0.64815905,0.76019483,0.87849621,2.0959665,0.21692218,-0.37012132,0.036530573,0.1299342
"1683",0.64453161,0.64238382,0.70314245,0.82681557,0.87541185,2.1708004,0.25408801,-0.31527812,0.022650565,0.13145335
"1684",0.70963653,0.70793664,0.77339559,0.86497306,0.8496651,1.958639,0.30029094,-0.22344425,0.014523737,0.13863033
"1685",0.66818297,0.71406811,0.70331262,0.79045204,0.89282655,1.9939454,0.32574765,-0.30040415,0.0059865591,0.15313057
"1686",0.69619232,0.79736849,0.67921174,0.78834556,0.85676062,2.0939476,0.38608172,-0.27788246,-0.007797765,0.14957333
"1687",0.68754902,0.69615172,0.73999205,0.83818363,0.85527094,2.331256,0.34503518,-0.27833236,-0.0092279024,0.15407428
"1688",0.72572826,0.71069426,0.72306857,0.81613202,0.918965,2.6283887,0.32943625,-0.27466524,-0.0085432864,0.16176279
"1689",0.65204972,0.69352059,0.74261056,0.84492641,0.87723383,2.2604789,0.38408604,-0.32489353,-0.0086647555,0.16733081
"1690",0.72463944,0.72963073,0.75097671,0.79101281,0.91698763,1.9570243,0.33233702,-0.31597897,-0.013055427,0.16995278
"1691",0.67974286,0.72416389,0.71196424,0.79715605,0.87436244,2.1989437,0.31788434,-0.29688259,-0.0022746937,0.16388811
"1692",0.70214345,0.68197154,0.75155994,0.8595327,0.92574635,1.4921709,0.20991253,-0.37547844,0.0011251022,0.164316
"1693",0.66479772,0.67500432,0.71118772,0.75753068,0.90488397,1.9982315,0.31890071,-0.4790994,-0.00529419,0.1691778
"1694",0.64476124,0.66658478,0.69267714,0.74115565,0.84962002,1.9911899,0.25109769,-0.50531263,-0.0085190917,0.16670601
"1695",0.70785472,0.67745633,0.70757019,0.82516573,0.90125313,1.9791032,0.25882441,-0.50297005,-0.0052096498,0.16619221
"1696",0.68124021,0.74060584,0.70867776,0.78063153,0.93671214,1.9979511,0.27698744,-0.51023063,-0.0041964231,0.15919021
"1697",0.74264693,0.69314545,0.75217282,0.89937579,0.8418354,1.8719668,0.25271649,-0.3769633,0.0013151261,0.14150011
"1698",0.68316045,0.73306156,0.69864386,0.84401827,0.91182971,1.900337,0.16094928,-0.38539914,0.00053281497,0.13557431
"1699",0.70936259,0.77965518,0.67974941,0.86671772,0.91189182,1.5165763,0.076851844,-0.40248282,0.0018828234,0.1516962
"1700",0.73045899,0.6779803,0.79905801,0.84068483,0.97485516,1.2311969,0.10323108,-0.4306917,-0.011387205,0.15845111
"1701",0.59930542,0.71050146,0.73024508,0.76363255,0.81020104,1.6138218,0.21548294,-0.45436485,0.011408299,0.15450566
"1702",0.64249163,0.6762764,0.69689002,0.79784363,0.91422917,1.3917616,0.2829597,-0.37182555,0.018012889,0.15093917
"1703",0.64858264,0.68406491,0.74797435,0.77291107,0.86119001,1.5734754,0.29843212,-0.33820914,0.0084543753,0.14039788
"1704",0.64688462,0.71693433,0.73599645,0.81379517,0.87499475,1.374703,0.24033448,-0.37764691,0.0092260692,0.13261842
"1705",0.68715865,0.71877114,0.6914211,0.80212499,0.91746819,1.2243085,0.17482983,-0.42144398,0.020629125,0.14409308
"1706",0.60356158,0.70656586,0.70145774,0.8564206,0.84913974,1.4497468,0.15912681,-0.33274176,0.009443189,0.14131147
"1707",0.61111078,0.66056366,0.77893855,0.84698691,0.87324468,1.2689778,0.26727918,-0.44952549,0.013309989,0.14854745
"1708",0.6528655,0.7051255,0.72732914,0.83726466,1.0109831,1.5027281,0.2077576,-0.4402384,-0.00070678554,0.14549562
"1709",0.67060281,0.78740356,0.69959161,0.85560634,0.87910158,1.2610868,0.2879765,-0.37840783,-0.0080167258,0.13901942
"1710",0.68699235,0.77644862,0.75456055,0.81701878,0.80996974,1.0275729,0.19810899,-0.40683152,-0.0051851165,0.14558146
"1711",0.71822095,0.64830112,0.74233227,0.79447883,0.92916601,1.4267706,0.22814379,-0.38594842,0.0013757958,0.15434971
"1712",0.63193964,0.73427809,0.76760165,0.71127122,0.84230312,1.4243947,0.17500383,-0.35146017,0.02411258,0.14125846
"1713",0.643875,0.72974229,0.72620581,0.76190212,0.82485293,1.4429395,0.13887636,-0.3895703,0.03153133,0.13568743
"1714",0.60996854,0.67178225,0.68665467,0.8226449,0.85957065,1.8522475,0.25408127,-0.31731837,0.037734821,0.15212965
"1715",0.58493985,0.66113349,0.68213328,0.81592616,0.85299009,1.8512129,0.23239848,-0.33164331,0.039737972,0.15349845
"1716",0.67258042,0.68265142,0.72087868,0.76636689,0.9111908,1.4339351,0.20712025,-0.26433176,0.021271393,0.14015241
"1717",0.55291763,0.6976174,0.73112928,0.73955011,0.90485656,1.61878,0.15051624,-0.3727754,0.008768345,0.14813858
"1718",0.53293717,0.71421967,0.73549198,0.75229543,0.8852987,1.4927044,0.17524914,-0.38590135,0.013269373,0.15746631
"1719",0.71002373,0.67950764,0.69831932,0.8999052,0.83864169,1.9912608,0.1835291,-0.30368571,0.014411336,0.17026484
"1720",0.57473101,0.62440635,0.71603309,0.80277028,0.88072736,2.0233171,0.17699938,-0.3737629,0.012355293,0.17514116
"1721",0.6597648,0.68810816,0.75865658,0.75452668,0.86147431,2.3773123,0.22708397,-0.34101096,0.01016031,0.17149127
"1722",0.63195853,0.62602487,0.76241003,0.93046353,0.93488466,1.8184021,0.14497192,-0.33453198,0.0041141521,0.16215289
"1723",0.69376351,0.68578352,0.61781396,0.76257052,0.81291141,1.7155248,0.2930967,-0.3090885,0.013086221,0.14617646
"1724",0.58765334,0.63408218,0.79188306,0.82015831,0.89026788,1.7247772,0.24843103,-0.33344708,0.025829056,0.13639722
"1725",0.7617416,0.70554662,0.67282081,0.82661412,0.86734187,1.6342103,0.26652847,-0.40577516,0.0037113167,0.12924851
"1726",0.75369108,0.73120541,0.69736211,0.76037579,0.86379806,1.7808114,0.2672806,-0.36662341,0.015803725,0.13063357
"1727",0.54857966,0.71996005,0.7252095,0.81023758,0.90089016,1.5134091,0.10061579,-0.32938425,0.017678739,0.13028267
"1728",0.65038096,0.69646629,0.68502026,0.82652129,0.87697858,1.6534914,0.09765276,-0.29580497,0.0039931546,0.13211629
"1729",0.63553102,0.71952014,0.74437817,0.83730073,0.89920442,1.5921714,0.19696555,-0.4233406,0.0011738971,0.13374314
"1730",0.65408521,0.65030506,0.69556994,0.79549214,0.88031852,2.094461,0.25573783,-0.35436154,0.025627627,0.16048367
"1731",0.63833899,0.70257893,0.71697314,0.77276267,0.87268534,1.9627866,0.20619895,-0.39903379,0.037709052,0.15257372
"1732",0.6662222,0.7104934,0.69334167,0.73529626,0.88710508,1.9292874,0.26291759,-0.36373794,0.042328826,0.14194439
"1733",0.71154593,0.65560315,0.7253516,0.83602999,0.88786787,1.8334755,0.20350527,-0.35510342,0.039854697,0.14199623
"1734",0.70594445,0.70039769,0.7397672,0.87099234,0.91788926,1.7133599,0.14666088,-0.397591,0.04970799,0.13911737
"1735",0.60929771,0.65668639,0.71111568,0.79934246,0.88902979,2.0382123,0.20898412,-0.38801379,0.029248988,0.14361787
"1736",0.62365548,0.7162684,0.69637501,0.71223991,0.8933381,1.776917,0.21407632,-0.42426194,0.01648823,0.1550326
"1737",0.67098507,0.62027675,0.67521137,0.75645215,0.86101,1.7375493,0.23123781,-0.41180198,0.020755916,0.16463478
"1738",0.65225192,0.76324606,0.7252507,0.89912897,0.84844515,1.7218258,0.26966447,-0.3910359,0.030152518,0.16103669
"1739",0.64374561,0.64044505,0.72497381,0.87425594,0.88905788,1.7477474,0.19842276,-0.41949681,0.024341823,0.15985683
"1740",0.64642861,0.70367748,0.73662779,0.9002062,0.9169124,1.7470196,0.2229996,-0.42288882,0.021620548,0.15944887
"1741",0.65292417,0.65118932,0.77140463,0.83713492,0.8627751,1.7606472,0.22850246,-0.46020296,0.011047401,0.15706261
"1742",0.69812016,0.74907258,0.71585276,0.89766113,0.92969586,1.7444617,0.2598435,-0.54572016,0.017562118,0.15778133
"1743",0.73172227,0.60885111,0.74741405,0.83191453,0.85335333,1.7705331,0.25559799,-0.44342615,0.013331717,0.18348181
"1744",0.6113462,0.64717766,0.65065277,0.85961162,0.87833451,1.8674016,0.31906303,-0.52647361,0.017803617,0.16415705
"1745",0.64385856,0.66521158,0.66448283,0.85044465,0.8464487,1.5305495,0.34774681,-0.48064229,0.028502605,0.16153499
"1746",0.76602318,0.69173928,0.75911489,0.83072671,0.87077507,1.4562042,0.19580208,-0.47082058,0.044675821,0.1603788
"1747",0.64831096,0.66141983,0.74208547,0.84491374,0.92950713,1.3695846,0.15062321,-0.43132738,0.033772771,0.16469526
"1748",0.70903388,0.72782064,0.68242307,0.83846779,0.82020372,1.5229456,0.167854,-0.40248792,0.034999244,0.17166753
"1749",0.70248562,0.66171036,0.71077373,0.77132113,0.80451439,1.8163277,0.18866813,-0.41083128,0.026976415,0.17615152
"1750",0.74825925,0.71535312,0.76138355,0.8662537,0.93661369,1.5138189,0.15467582,-0.36662357,0.033011558,0.18155861
"1751",0.67405286,0.6599011,0.72903816,0.8460772,0.84958192,1.6879413,0.25377862,-0.42815291,0.031116089,0.17450735
"1752",0.64921134,0.68456375,0.68756759,0.72279114,0.97812615,1.9681833,0.2783587,-0.3313187,0.048648618,0.19352828
"1753",0.6032606,0.67768946,0.76930709,0.79416272,0.92226535,2.0449522,0.25906053,-0.36245491,0.056860816,0.18956961
"1754",0.59685022,0.7085563,0.74636332,0.75794813,0.97212669,2.0096361,0.29110817,-0.36149746,0.052922515,0.18940686
"1755",0.67920399,0.68276911,0.64069159,0.80542237,0.84179283,1.8703788,0.29172827,-0.32488657,0.052000724,0.16792757
"1756",0.70313864,0.67568952,0.74059651,0.8441523,0.91876462,1.5650346,0.14751361,-0.26335535,0.04702131,0.17231678
"1757",0.68238775,0.65476629,0.78265899,0.85809283,0.92834519,1.6873816,0.1603393,-0.26649904,0.040803673,0.16485943
"1758",0.68356205,0.67295641,0.7806936,0.88990599,0.91809627,1.6136598,0.16266176,-0.27515601,0.039406668,0.16118449
"1759",0.72928929,0.66803306,0.73554886,0.81258963,0.93262481,1.7025281,0.189554,-0.32523735,0.049435253,0.16187343
"1760",0.6978256,0.69676361,0.76672218,0.826594,0.8892515,1.3921819,0.12581416,-0.36847593,0.053549258,0.15961117
"1761",0.62353616,0.66236195,0.71618068,0.85995912,0.90157529,1.388722,0.1227048,-0.15661057,0.033157978,0.15160928
"1762",0.66924638,0.65297373,0.71054413,0.72557616,0.88937918,1.5058921,0.14667601,-0.24689478,0.035789483,0.15901125
"1763",0.63608138,0.69658195,0.72864701,0.8260677,0.86214206,1.4548352,0.14312314,-0.19978785,0.039325611,0.1571535
"1764",0.67134673,0.64765716,0.72412369,0.8239528,0.784523,1.4992553,0.10681145,-0.15873312,0.037398204,0.15134548
"1765",0.71149122,0.66239429,0.67503852,0.78035348,0.90684296,1.4005851,0.21993954,-0.15275604,0.031193681,0.16144554
"1766",0.73194524,0.67425719,0.73600427,0.83024761,0.87788931,1.1953808,0.22269522,-0.20886,0.030290199,0.15946565
"1767",0.6584217,0.66799154,0.70827225,0.73036455,0.91550543,1.3418448,0.37415308,-0.24050927,0.018289761,0.16068196
"1768",0.57725123,0.68153663,0.67576074,0.83372561,0.89293968,1.6550955,0.36912044,-0.2390507,0.018125628,0.16071181
"1769",0.66488051,0.78636398,0.76985084,0.80601202,0.8972597,1.66554,0.32716452,-0.2038373,0.021129343,0.16039188
"1770",0.59030336,0.69524292,0.70877879,0.8079065,0.95188252,1.9852115,0.24177577,-0.40478846,0.016017116,0.17791855
"1771",0.68120814,0.71356493,0.73954024,0.9070302,0.88092471,1.7755318,0.27238139,-0.38748519,0.032233531,0.1561258
"1772",0.7215284,0.75990395,0.72823188,0.94061713,0.91314462,1.8745598,0.30731128,-0.33663916,0.034323933,0.1599342
"1773",0.62504622,0.6755208,0.73866576,0.83108175,0.9073811,2.0165237,0.32249837,-0.30472782,0.02367186,0.16070691
"1774",0.6203769,0.73352674,0.69474552,0.87441548,0.86722704,1.9891264,0.30885009,-0.31998395,0.018352345,0.16065648
"1775",0.63729272,0.70770398,0.68530937,0.79115997,0.94179534,1.9989914,0.35849593,-0.40401878,0.022148765,0.17235084
"1776",0.72920753,0.73001988,0.72693752,0.88142785,0.87094142,1.9919075,0.30947801,-0.46723218,0.025886476,0.17710824
"1777",0.67222503,0.61722074,0.72118119,0.71780795,0.94481593,1.5369151,0.27760268,-0.46293732,0.028087145,0.17792463
"1778",0.71232041,0.63226231,0.71022832,0.77665601,0.89575264,1.2870795,0.21789604,-0.35660482,0.03236923,0.16800248
"1779",0.70342903,0.65074079,0.71497079,0.74267062,0.83272799,1.4881118,0.24922012,-0.49682678,0.03019565,0.17465544
"1780",0.67153906,0.64597402,0.70892619,0.76925614,0.87853207,1.3333164,0.25914536,-0.37758097,0.024868256,0.16904418
"1781",0.6414464,0.61652659,0.66278735,0.91766819,0.84951507,1.8060487,0.25631944,-0.45764877,0.026312897,0.16674192
"1782",0.59377429,0.69989952,0.64447303,0.835878,0.89315647,1.4030793,0.21953712,-0.49633595,0.018576585,0.1642789
"1783",0.6987476,0.64685303,0.81762797,0.84523057,0.9267239,1.7668515,0.21554557,-0.51562246,0.0098667562,0.15166563
"1784",0.71972831,0.70011916,0.68274093,0.83817903,0.92937485,1.3725393,0.24620134,-0.55317064,0.012971966,0.16468827
"1785",0.72219146,0.70737125,0.70591575,0.77106343,0.833375,1.8907376,0.25744043,-0.46551114,0.0076201958,0.16769571
"1786",0.58730037,0.62072995,0.72157475,0.80689832,0.91572272,1.6562966,0.17873157,-0.43140614,0.034542538,0.16933977
"1787",0.66726651,0.71739728,0.76196748,0.85664582,0.91409943,1.6002449,0.22621174,-0.37685636,0.046719896,0.16112629
"1788",0.66138453,0.79678807,0.69068942,0.90977913,0.90045267,1.3771894,0.19545861,-0.35077058,0.04153794,0.1638426
"1789",0.63316764,0.65919538,0.79453177,0.79613969,0.87884036,1.446169,0.25700628,-0.33989205,0.052245138,0.16743505
"1790",0.63803465,0.66658546,0.73688503,0.86141491,0.91988577,1.427241,0.17294876,-0.33912188,0.053368933,0.16773097
"1791",0.67272103,0.68284931,0.74636426,0.91287764,0.8648234,1.7857366,0.12363977,-0.32778994,0.048513159,0.17272446
"1792",0.71901434,0.70740983,0.71594022,0.84125997,0.86117211,1.8928489,0.10015312,-0.28459562,0.039172521,0.17006293
"1793",0.72894132,0.69205065,0.72165937,0.65036622,0.93765124,1.882752,0.11082865,-0.36440657,0.051685688,0.16000272
"1794",0.65723377,0.68691755,0.71322189,0.850112,0.86752123,1.7838988,0.21128674,-0.35315325,0.032279569,0.18288458
"1795",0.63448722,0.64106494,0.68362367,0.83194125,0.86265079,1.3337373,0.22640918,-0.26320317,0.023113258,0.17023354
"1796",0.56620655,0.66715865,0.70295704,0.74665024,0.81574077,1.3633886,0.16459938,-0.33698671,0.033438038,0.15218048
"1797",0.58899136,0.64353222,0.67539778,0.80743015,0.84551858,1.5343374,0.24376207,-0.30189224,0.037544729,0.15270717
"1798",0.55814031,0.69468342,0.64621355,0.81472972,0.89806413,1.508058,0.19724587,-0.29360386,0.045272772,0.15671241
"1799",0.6435975,0.70998352,0.68649156,0.76164074,0.90393271,1.738113,0.23584392,-0.34147339,0.043055123,0.15422214
"1800",0.64942967,0.62791506,0.73513022,0.80661747,0.84984449,1.3633134,0.35885984,-0.25748198,0.026380161,0.14681538
"1801",0.69958486,0.70076777,0.70109786,0.84761624,0.91144753,1.3195917,0.27444416,-0.23957452,0.021050311,0.12993684
"1802",0.67236536,0.68016632,0.77172379,0.84767792,0.8621804,1.2323786,0.20366026,-0.27829103,0.018642324,0.14372606
"1803",0.67250458,0.67032618,0.6806055,0.7746938,0.84876225,1.3522157,0.23831243,-0.30636958,0.015728233,0.16552022
"1804",0.65573238,0.68240543,0.71483177,0.77456219,0.86665575,1.2800453,0.20410148,-0.29614541,0.01624344,0.16343642
"1805",0.65657518,0.69751057,0.73233023,0.81362546,0.88873528,1.4505441,0.341297,-0.32154965,0.025877547,0.16274828
"1806",0.67705398,0.66862716,0.74084228,0.79433802,0.85718515,1.394107,0.29432778,-0.40211926,0.034954092,0.17294163
"1807",0.66039446,0.76706593,0.70849121,0.76884637,0.88585429,1.0424129,0.21962095,-0.27225555,0.023886959,0.1498194
"1808",0.72639155,0.69852056,0.75957031,0.73646879,0.9382021,1.3688531,0.26554034,-0.24392886,0.033686461,0.15760574
"1809",0.68653892,0.69553926,0.67361146,0.89083919,0.82324201,1.2576057,0.32241626,-0.35644718,0.037740917,0.15033132
"1810",0.71282816,0.72036138,0.71663465,0.80378794,0.93668384,1.3835498,0.22758967,-0.25962175,0.039992927,0.14729075
"1811",0.68640044,0.65562953,0.72068809,0.82420467,0.87588478,1.3127947,0.22665414,-0.36435172,0.037495112,0.155556
"1812",0.66784935,0.73919197,0.80647715,0.82687495,0.92057178,1.5818792,0.2936713,-0.2878336,0.041169083,0.16846106
"1813",0.67523031,0.59508274,0.67488496,0.82820006,0.80689423,1.7622906,0.331927,-0.34539826,0.035286703,0.17374075
"1814",0.67592986,0.59311044,0.685956,0.8227562,0.82042652,1.8535706,0.35106227,-0.33854477,0.032168836,0.17657818
"1815",0.64837576,0.72104293,0.72955695,0.87037011,0.88229769,1.3338643,0.40746273,-0.34202194,0.023543853,0.16480044
"1816",0.62673832,0.69752238,0.70252282,0.78019988,0.88026911,1.50307,0.36262453,-0.37652507,0.029327818,0.17060904
"1817",0.55952392,0.69800981,0.72008116,0.82025147,0.84831337,1.5610877,0.36903798,-0.3247501,0.028642978,0.16491739
"1818",0.71651509,0.71652803,0.7342509,0.83594078,0.88200658,1.4048653,0.2249532,-0.3040745,0.028947998,0.1765933
"1819",0.617369,0.71047721,0.74037326,0.84502008,0.89878627,1.3725361,0.18775944,-0.22778501,0.018019126,0.18499061
"1820",0.72762006,0.71819334,0.72833377,0.83752792,0.86542418,1.4179372,0.19494624,-0.26512513,0.013543471,0.1867973
"1821",0.71481338,0.70260183,0.75098221,0.86689014,0.94934642,1.5501131,0.19953028,-0.31446708,0.01532652,0.19404666
"1822",0.6653845,0.77425484,0.73278363,0.78972807,0.96547588,1.5859284,0.13023176,-0.28762501,0.023027747,0.18437346
"1823",0.67568598,0.66533458,0.73090143,0.80323548,0.86700678,1.3485273,0.14002499,-0.29980773,0.02034589,0.18270227
"1824",0.73788528,0.7023405,0.70446603,0.77975828,0.88668744,1.315836,0.14934917,-0.27049953,0.025809635,0.18800445
"1825",0.67967735,0.69181686,0.74237938,0.89390496,0.86598901,1.3187397,-0.010558379,-0.20771446,0.02057713,0.17873458
"1826",0.71198085,0.72174573,0.68903023,0.82731753,0.93777293,1.8537031,0.069468085,-0.36486698,0.017511914,0.16945549
"1827",0.71424965,0.70636494,0.70307902,0.83658288,0.95159964,1.8520447,0.096988471,-0.3515346,0.013861407,0.17032449
"1828",0.68647875,0.7036363,0.72893417,0.8763595,0.87009097,1.6300106,0.13495555,-0.1786818,0.039706337,0.15647343
"1829",0.65361462,0.65036132,0.69993335,0.78563873,0.86260453,1.3505185,0.12813497,-0.25610939,0.047243549,0.17016828
"1830",0.70912899,0.74415161,0.71043813,0.82179758,0.90346056,1.7343837,0.17121613,-0.41418794,0.046621153,0.15555368
"1831",0.6549752,0.72784271,0.77615163,0.86694283,0.99940464,1.6332556,0.069258044,-0.38103429,0.051283083,0.1636664
"1832",0.67188979,0.67399946,0.707947,0.7797489,0.87360941,1.4163386,0.078638739,-0.49283312,0.027549931,0.13592846
"1833",0.71568906,0.66875506,0.73715193,0.81135539,0.90320621,1.7959721,0.1602535,-0.37347011,0.025317656,0.13957644
"1834",0.72661626,0.7220921,0.72588407,0.84178238,0.9002992,1.8437332,0.084676623,-0.29164075,0.031051925,0.15245457
"1835",0.67046857,0.72408559,0.73590209,0.85326562,0.97498945,1.4670676,0.07661803,-0.17612254,0.037160188,0.1540875
"1836",0.72724382,0.69338819,0.65823155,0.84586279,0.94675888,1.3050072,0.12595494,-0.34645328,0.057711999,0.14957658
"1837",0.7353903,0.64654572,0.7340766,0.78935247,0.96113383,1.3547023,0.15621382,-0.32620576,0.053228137,0.15504083
"1838",0.65529324,0.66686418,0.7248765,0.81881995,0.85759223,1.369885,0.20117877,-0.35560296,0.062351356,0.14844436
"1839",0.73504196,0.67433261,0.67779933,0.79702082,0.93155336,1.2969977,0.20397005,-0.30804744,0.061935376,0.15030853
"1840",0.70059316,0.66913748,0.74494997,0.90245507,0.83790834,1.4201566,0.25646414,-0.30221253,0.063043162,0.14854007
"1841",0.71499134,0.71173474,0.74992982,0.87813369,0.81776455,1.5862618,0.28754391,-0.36854942,0.068260876,0.14498034
"1842",0.60990758,0.64950004,0.66036547,0.74535746,0.89171634,1.9003533,0.36020315,-0.38911887,0.049061413,0.13899329
"1843",0.63166233,0.69196776,0.67764196,0.79941609,0.85337042,1.9795519,0.42117446,-0.32970043,0.047461513,0.14593528
"1844",0.55062747,0.64377502,0.71339412,0.76705052,0.8476613,1.9159532,0.34005927,-0.38185785,0.050654357,0.15596414
"1845",0.72004082,0.729902,0.72189758,0.87079031,0.93531477,1.3836516,0.29743479,-0.43118915,0.04402054,0.14860547
"1846",0.67588894,0.72718673,0.68479196,0.80931379,0.84581964,1.2669911,0.40763927,-0.42425351,0.025313359,0.14794903
"1847",0.65392323,0.74704795,0.73988848,0.85886926,0.96549529,1.2349188,0.35970457,-0.41674362,0.016126509,0.1586688
"1848",0.63725632,0.69754274,0.78052537,0.83733624,0.86252699,1.2125113,0.27760293,-0.53250933,0.01677281,0.1630635
"1849",0.66260641,0.76053862,0.68289224,0.80315374,0.92709513,1.306708,0.32261576,-0.49028138,0.029692587,0.15381255
"1850",0.67287449,0.68857965,0.64366318,0.87465121,0.84948289,1.3538142,0.34230845,-0.42984496,0.025220032,0.15255618
"1851",0.72524671,0.73722664,0.7762389,0.81047498,0.92885829,1.245978,0.30675331,-0.27579763,0.0035230173,0.16167187
"1852",0.71098014,0.71458113,0.67429619,0.83754198,0.92530887,1.3312753,0.27112262,-0.37569736,0.018209583,0.14622846
"1853",0.68163497,0.79352628,0.75487279,0.78114957,0.96266796,1.2020584,0.30572518,-0.42178702,0.026247149,0.14494342
"1854",0.59763831,0.67803639,0.71482752,0.8817995,0.87640552,1.3766461,0.22900242,-0.39675197,0.023425393,0.14161913
"1855",0.73044989,0.71620167,0.74563568,0.76405368,0.84943315,1.0746021,0.27381517,-0.48336678,0.017931928,0.12766622
"1856",0.66098795,0.67368656,0.70843851,0.89004414,0.92056254,1.5572172,0.19026994,-0.41008277,0.011302459,0.14156215
"1857",0.68876871,0.72386495,0.73391309,0.8185149,0.90629017,1.6321987,0.20979961,-0.37503809,0.020483903,0.1494262
"1858",0.69692483,0.69294213,0.75837995,0.82637338,0.89697316,1.6568796,0.27506044,-0.34652119,0.015620923,0.1531447
"1859",0.69829867,0.71843867,0.79175887,0.8862274,0.9154151,1.6562027,0.27408428,-0.35430045,0.024579563,0.1496348
"1860",0.61033037,0.73075506,0.70792411,0.86081443,0.92705133,1.6503771,0.25842565,-0.27194605,0.019496341,0.14806756
"1861",0.59281626,0.71260585,0.76290556,0.81453802,0.87737913,1.8187044,0.27761503,-0.3100341,0.023230553,0.14801467
"1862",0.74726171,0.64165978,0.70855501,0.87239242,0.91188575,1.6094003,0.35345625,-0.44862194,0.029816078,0.1410534
"1863",0.72231199,0.63273838,0.71065742,0.85360082,0.91336807,1.6252903,0.35154605,-0.47522262,0.029897366,0.14136919
"1864",0.63345096,0.7740447,0.7468108,0.75004027,0.84287514,1.2483004,0.20621414,-0.46636678,0.026551826,0.12990399
"1865",0.67318848,0.79886202,0.74207669,0.8288811,0.86476596,1.3329232,0.19076904,-0.44392966,0.025241632,0.12152011
"1866",0.71234923,0.68730506,0.71882773,1.0551568,0.92366566,1.6643657,0.22225202,-0.44806974,0.030079143,0.12521129
"1867",0.72517767,0.75835373,0.77457239,0.87978435,0.91143835,1.626267,0.17503905,-0.41394252,0.028285838,0.12339869
"1868",0.71010543,0.74430744,0.76095243,0.93758882,0.95231774,1.3193722,0.17540582,-0.40281503,0.020848435,0.12381268
"1869",0.60142554,0.68805729,0.74746357,0.89892165,0.84449058,1.4593983,0.18651331,-0.40440339,0.035879469,0.13188731
"1870",0.64894489,0.6970427,0.7770247,0.90055836,0.86484373,1.3954347,0.23591376,-0.393604,0.032078106,0.13635516
"1871",0.61284018,0.69199543,0.73808253,0.88921408,0.86097717,1.3824488,0.25027002,-0.42551848,0.028630979,0.13872439
"1872",0.67173033,0.67402645,0.6849252,0.76334389,0.94915052,1.3557232,0.25548099,-0.32868212,0.018608452,0.13084417
"1873",0.66376712,0.70765141,0.75136577,0.79709009,0.84548488,1.4555089,0.27226149,-0.43361921,0.027771792,0.12774515
"1874",0.66842325,0.71733757,0.75013396,0.86157854,0.94833281,1.5262275,0.36911384,-0.39451527,0.032402174,0.13559343
"1875",0.72361962,0.74105111,0.70906914,0.75966478,0.86645864,1.7185589,0.39061754,-0.45640971,0.031072179,0.13357189
"1876",0.70298477,0.71043921,0.68082895,0.7507444,0.8923421,1.8264859,0.41970834,-0.37109323,0.027058673,0.13339543
"1877",0.63213804,0.66244463,0.70461637,0.81835069,0.8520217,1.8996004,0.4130485,-0.44370913,0.032112447,0.13718306
"1878",0.64582099,0.73262785,0.7320727,0.74631954,0.85720413,2.238606,0.41508412,-0.3565847,0.036390318,0.13866465
"1879",0.60247442,0.65507909,0.71465632,0.78440631,0.88749252,1.9580083,0.36170776,-0.39911986,0.03558704,0.14898556
"1880",0.74480683,0.70672805,0.76328642,0.89198395,0.90527176,1.6737679,0.27668686,-0.37407829,0.021761933,0.16435906
"1881",0.66048316,0.73476102,0.74900507,0.85703449,0.9198046,1.4261631,0.22542151,-0.32850064,0.014489996,0.16883959
"1882",0.65931501,0.73616665,0.75483863,0.86682059,0.93911242,1.3244577,0.19411422,-0.41069305,0.019815624,0.17243896
"1883",0.6720821,0.72503994,0.72760149,0.78523415,0.84521369,1.5450227,0.096173359,-0.39283104,0.02235059,0.174132
"1884",0.63962919,0.68264878,0.74270247,0.84493581,0.90147553,1.9320398,0.19749774,-0.35038665,0.019845933,0.18128539
"1885",0.6466875,0.66464097,0.67837095,0.80100683,0.83203028,2.0196054,0.21792423,-0.2630884,0.032547817,0.16354128
"1886",0.68168671,0.64552269,0.66957325,0.73332497,0.86168597,1.919277,0.25894043,-0.24546334,0.029401908,0.16414683
"1887",0.62684097,0.7409463,0.74181987,0.75243233,0.91308746,1.715643,0.2558664,-0.35648035,0.034337957,0.15220898
"1888",0.63875027,0.71546753,0.71915558,0.81018509,0.90522032,1.6259978,0.2544646,-0.3344097,0.037247157,0.15136448
"1889",0.67185414,0.6997586,0.74031418,0.74725339,0.90004801,1.5099667,0.27176771,-0.37032846,0.043215758,0.14649496
"1890",0.57078797,0.7339169,0.69540524,0.8074393,0.88235119,1.5676164,0.30824392,-0.30348834,0.036543718,0.15337869
"1891",0.68686769,0.67358035,0.71822198,0.82175731,0.89887626,2.0704119,0.26814502,-0.28695788,0.047081001,0.15784455
"1892",0.7037832,0.66449615,0.70312353,0.81623574,0.91778982,1.8294448,0.25683265,-0.28029566,0.045842874,0.15572607
"1893",0.69480747,0.67376324,0.68086981,0.87102585,0.97537418,1.9509504,0.26444222,-0.26914061,0.047950838,0.15956982
"1894",0.66012939,0.64736712,0.79649003,0.79310272,0.85754485,1.6260486,0.25744254,-0.24586785,0.044435131,0.16458407
"1895",0.59794641,0.76878635,0.72620614,0.8320906,0.96784469,1.5936596,0.25344168,-0.30020512,0.035611462,0.15987255
"1896",0.6107577,0.70603979,0.7334108,0.79992703,0.86592865,1.6603194,0.26371963,-0.2488427,0.032867736,0.1618732
"1897",0.66532164,0.73762534,0.79585944,0.80697726,0.89440719,1.6457727,0.44134688,-0.3630748,0.033999103,0.18076912
"1898",0.6446999,0.64425634,0.70355043,0.80046691,0.87294388,1.7201677,0.46998479,-0.32441116,0.046494322,0.17995734
"1899",0.63554854,0.72550102,0.68352765,0.82134277,0.85850892,1.4034497,0.3590674,-0.33264021,0.021239925,0.16955928
"1900",0.71957845,0.71590763,0.7996358,0.85106184,0.93802942,1.3853877,0.27703972,-0.34929835,0.021656644,0.17556815
"1901",0.64765224,0.70048236,0.71670623,0.80487047,0.84066358,1.1933606,0.25280803,-0.40465881,0.025040233,0.17366974
"1902",0.62894922,0.67150395,0.71309967,0.86662432,0.90713105,1.3094816,0.27276907,-0.4816018,0.022776994,0.17424184
"1903",0.71417907,0.67083803,0.7671576,0.81585864,0.88358243,1.3847199,0.24642581,-0.45428926,0.025729435,0.16104189
"1904",0.75415749,0.6942046,0.69280058,0.82956149,0.90684977,1.1650676,0.22274943,-0.47569191,0.023724746,0.16315615
"1905",0.7348477,0.70730496,0.67443378,0.83335887,0.8501064,1.8851245,0.19289106,-0.50888606,0.012897639,0.14826108
"1906",0.60410827,0.65813502,0.69549959,0.82818776,0.95487892,1.8459984,0.051525727,-0.52219858,0.039250762,0.15832903
"1907",0.69757173,0.73082286,0.76434907,0.79338581,0.84496829,1.7873941,0.064903135,-0.42658416,0.040957055,0.16686345
"1908",0.60605927,0.64448295,0.64778545,0.79838386,0.90545185,1.3407301,0.030803196,-0.41514653,0.04223925,0.14882731
"1909",0.64539043,0.7459791,0.77977099,0.86410517,0.88792764,1.5586476,0.18069257,-0.40669709,0.041283961,0.16566027
"1910",0.72188054,0.68168926,0.76884356,0.83613327,0.98586345,1.4304013,0.19574758,-0.51093866,0.041741174,0.17519456
"1911",0.6474358,0.65224223,0.67770244,0.76968859,0.80523881,1.6136008,0.25319206,-0.44964394,0.055432709,0.13869959
"1912",0.63025226,0.63558466,0.71655566,0.77141946,0.86582066,1.4962962,0.22996863,-0.51945024,0.050003325,0.14105187
"1913",0.70463951,0.72825176,0.73323942,0.85880009,0.89483953,1.3839735,0.22055883,-0.32082852,0.026499535,0.15967894
"1914",0.66784959,0.71798763,0.70356709,0.91745222,0.92108263,1.2953953,0.25403954,-0.2993318,0.03311447,0.15996496
"1915",0.71566141,0.72658864,0.74822627,0.81487668,0.89784332,1.6428836,0.31048855,-0.35271958,0.032041574,0.15882541
"1916",0.70118026,0.68731129,0.7556188,0.75802078,0.92726395,1.6925675,0.33103879,-0.26322468,0.021568183,0.14371621
"1917",0.73082471,0.70153865,0.74072436,0.82199787,0.88863077,1.5316433,0.24588678,-0.24244657,0.012037144,0.16225045
"1918",0.69237985,0.64914224,0.69895121,0.93661125,0.92187248,1.6422563,0.090834027,-0.33680308,0.014315596,0.14812934
"1919",0.61514394,0.70847962,0.76424602,0.91653407,0.91734414,1.598179,0.18605312,-0.25012323,0.011317329,0.14602664
"1920",0.70235331,0.70366478,0.66826916,0.79843793,0.8921425,1.7962112,0.28623043,-0.21097952,0.0018654055,0.16162099
"1921",0.71773699,0.71490138,0.76587171,0.77677023,0.91697,2.0508943,0.35034702,-0.2246088,-0.00061202733,0.16759285
"1922",0.65669965,0.60830639,0.68786605,0.80161361,0.88168342,1.8811598,0.42240648,-0.24374301,0.0081268958,0.15609867
"1923",0.72035094,0.7200436,0.7659255,0.8470845,0.8985016,1.7480375,0.37395726,-0.34108974,0.019757442,0.1518637
"1924",0.62721052,0.66380316,0.71854961,0.83276484,0.90313939,1.980059,0.41435466,-0.25986255,0.0194607,0.14524364
"1925",0.64983534,0.72573679,0.74999034,0.82618007,0.88453277,1.354249,0.39912528,-0.33184816,0.02420766,0.155231
"1926",0.62515977,0.69028978,0.71500079,0.82759316,0.83906605,1.4863826,0.30833272,-0.45956069,0.0097942882,0.15644223
"1927",0.68488064,0.70007514,0.7403389,0.87627645,0.93504974,1.2795265,0.24180279,-0.42451871,0.01924471,0.17128343
"1928",0.74810072,0.73034011,0.74439442,0.90518459,0.90697488,1.1891147,0.23448343,-0.43775096,0.01784318,0.1727434
"1929",0.68034904,0.65411484,0.71467948,0.72930732,0.89111414,1.7757618,0.23019536,-0.33616727,0.016498519,0.16326808
"1930",0.6159425,0.62340374,0.66333123,0.83939111,0.86265857,1.6083504,0.18674241,-0.32803425,0.013632887,0.15898905
"1931",0.61106342,0.6458572,0.68172833,0.85186463,0.86121406,1.6448275,0.1804639,-0.31304261,0.017222368,0.15507338
"1932",0.65991817,0.62775158,0.60577283,0.82863187,0.8352972,1.6719308,0.22242321,-0.34123111,0.020590005,0.15862835
"1933",0.74052597,0.76444463,0.86604666,0.76598702,0.9261811,1.8682565,0.16899855,-0.29705701,0.049085233,0.14232022
"1934",0.63790866,0.67176143,0.68846245,0.82851307,0.89485791,1.8314779,0.2335873,-0.28680434,0.044758755,0.1308498
"1935",0.65215412,0.67825868,0.69609173,0.83090669,0.87542104,1.6462659,0.20375791,-0.30567702,0.04382196,0.12501783
"1936",0.65993703,0.69580449,0.70532782,0.87140823,0.80681257,1.9709011,0.20667492,-0.3707264,0.056280935,0.13425471
"1937",0.68609236,0.70531432,0.76070065,0.83301273,0.89017239,1.4796031,0.17867703,-0.35515289,0.061547125,0.13141213
"1938",0.6336786,0.65774414,0.73320008,0.83393101,0.92619675,1.671831,0.24035435,-0.3054669,0.058767489,0.13215896
"1939",0.69792593,0.67057638,0.66873131,0.75505939,0.81918667,1.7535704,0.2559786,-0.29001543,0.060564552,0.13546708
"1940",0.61852703,0.73691437,0.72061601,0.80494974,0.85783286,1.8236031,0.24608466,-0.21065245,0.052543724,0.14752902
"1941",0.6105319,0.69835268,0.72648859,0.78223709,0.85093639,1.9975068,0.25429932,-0.24464479,0.060264801,0.14622817
"1942",0.7002764,0.72370565,0.74747699,0.83793564,0.91396225,1.6781366,0.2362971,-0.32299084,0.053573086,0.13276777
"1943",0.65469987,0.71339384,0.73153471,0.93877861,0.9468961,1.6528985,0.21396375,-0.32636864,0.062103397,0.14935476
"1944",0.69871288,0.68863897,0.72019981,0.78750443,0.83784123,1.6133454,0.14043942,-0.2955162,0.06571395,0.15798618
"1945",0.64615724,0.69551237,0.77584602,0.81084196,0.87421961,1.3256745,0.23292726,-0.29510459,0.052802542,0.15399295
"1946",0.59153303,0.69139174,0.74131152,0.7780865,0.87939073,1.2923564,0.17802707,-0.32841772,0.045115455,0.16130582
"1947",0.69578218,0.63700099,0.68732665,0.83613929,0.8551045,1.110901,0.19582847,-0.45077621,0.052603483,0.16153489
"1948",0.663088,0.6979034,0.75342191,0.78200964,0.9201814,1.2246218,0.27992681,-0.44557165,0.03552301,0.1651856
"1949",0.62764055,0.71369779,0.72864211,0.81035659,0.90917968,1.2033553,0.25491476,-0.42696244,0.034703442,0.16162633
"1950",0.67631185,0.73519441,0.72804179,0.75917928,0.88794426,1.2249084,0.21605267,-0.36015161,0.043305701,0.15208214
"1951",0.72028268,0.66485453,0.77623388,0.85643,0.87912956,1.2908221,0.20112211,-0.31342005,0.040265741,0.15813582
"1952",0.69235891,0.63983218,0.68695179,0.8627076,0.88390338,1.1357401,0.18169216,-0.33243915,0.052051286,0.14496638
"1953",0.77211056,0.76182534,0.79136199,0.86980147,0.94413105,1.3500085,0.27320106,-0.34976109,0.055795225,0.1382123
"1954",0.67031996,0.62515828,0.67443404,0.77788966,0.84974792,1.4917282,0.33682436,-0.27991133,0.042345172,0.14539722
"1955",0.65324824,0.73063433,0.78113714,0.7550525,0.90779041,1.0249203,0.20986924,-0.29981095,0.030863257,0.16229586
"1956",0.62802556,0.66299686,0.66323187,0.799636,0.82811021,1.2910765,0.20856943,-0.26613835,0.044841485,0.16919215
"1957",0.68801661,0.71388383,0.73062296,0.81559315,0.89362937,1.3806086,0.20051504,-0.29922315,0.044013668,0.17507575
"1958",0.7621833,0.74967273,0.73257815,0.78094642,0.9495064,1.5715446,0.20518005,-0.3455232,0.046092812,0.19574565
"1959",0.62912038,0.69669987,0.66222972,0.85403983,0.83895743,1.3518213,0.16723269,-0.36849684,0.021762302,0.18159237
"1960",0.7291752,0.74796138,0.76000868,0.90238786,0.95299457,1.3536144,0.19968219,-0.37041991,0.021862353,0.18941578
"1961",0.66807242,0.70103494,0.74309765,0.80777657,0.90376357,1.4548683,0.17149305,-0.33095388,0.015432173,0.19684075
"1962",0.58255914,0.66247415,0.74429206,0.85544752,0.87610567,1.5117344,0.25667468,-0.35688778,0.0025292409,0.16503745
"1963",0.67245141,0.65172344,0.69440055,0.7245865,0.87769062,1.3650753,0.19094774,-0.37671246,-3.1521283e-05,0.16226604
"1964",0.64352243,0.65279142,0.7407037,0.80701945,0.90016496,1.5168287,0.056317491,-0.47605458,-0.01559965,0.15746408
"1965",0.67695016,0.70200231,0.74086655,0.77757831,0.95480961,1.3840344,0.073794188,-0.5007,0.016723872,0.16518844
"1966",0.65985686,0.71408245,0.71598763,0.83882353,0.97818811,1.5226014,0.08983957,-0.47872533,0.011769251,0.16558594
"1967",0.68926749,0.67572702,0.70137128,0.82227609,0.93104268,1.5046173,0.12903426,-0.51912452,0.025581239,0.16660295
"1968",0.73484726,0.64938837,0.75624758,0.83223255,0.87078695,1.589676,0.078511034,-0.31978602,0.033141157,0.15582434
"1969",0.65354095,0.75916055,0.71925194,0.84643882,0.87157552,1.5122828,0.09146844,-0.29275761,0.032823728,0.13664738
"1970",0.68234202,0.6406411,0.72791459,0.8489351,0.94827784,1.3215298,0.035597155,-0.32660484,0.038507027,0.13258078
"1971",0.61960254,0.74399809,0.82435438,0.87179208,0.91958919,1.3399325,0.16184793,-0.2182638,0.029140142,0.15005542
"1972",0.60933285,0.65621555,0.67569518,0.83132914,0.90406706,2.1257379,0.18266064,-0.21193209,0.020163212,0.15693492
"1973",0.69477,0.69040737,0.70661095,0.80650829,0.82312524,2.1091581,0.15514377,-0.20345168,0.023183973,0.16302209
"1974",0.6197687,0.71972415,0.71950934,0.83980704,0.93026465,2.0496057,0.17284375,-0.19445815,0.0059413929,0.16794863
"1975",0.60529775,0.69676644,0.70175144,0.79644045,0.87836428,1.9837895,0.15678828,-0.2261418,0.0091263244,0.16886154
"1976",0.7087661,0.65949155,0.75116457,0.8811008,0.8991022,2.0030277,0.1217306,-0.19968735,0.0054455,0.18132445
"1977",0.61282743,0.71419991,0.7197928,0.78336357,0.85481662,1.6940202,0.19835485,-0.51344233,0.0043909684,0.18097017
"1978",0.69222497,0.68265209,0.69315431,0.81297106,0.9043218,1.542466,0.24387906,-0.48251667,0.0011494307,0.16988052
"1979",0.70597997,0.65680363,0.73058213,0.80786645,0.88446683,1.462655,0.25432661,-0.44976204,0.0088318184,0.17626581
"1980",0.60492466,0.638893,0.70236647,0.7684347,0.85769126,1.3759527,0.27091899,-0.48168021,0.0088834826,0.16455201
"1981",0.60797854,0.66897072,0.68554511,0.80492999,0.86521317,1.5382594,0.26577968,-0.47026231,0.014216524,0.15488271
"1982",0.64952944,0.67672745,0.71363724,0.76882469,0.9164383,1.6126314,0.24065738,-0.50336159,0.0060152713,0.15666755
"1983",0.66131319,0.70510722,0.74157274,0.84542341,0.85972839,1.6404409,0.1083092,-0.51936595,0.020879266,0.15515262
"1984",0.66467335,0.66612193,0.73829444,0.8285271,0.84955011,1.7417939,0.12249168,-0.48790848,0.027384015,0.155341
"1985",0.67268047,0.67087319,0.66831535,0.8549103,0.92610719,1.2775823,0.17400589,-0.49576116,0.028556653,0.15061107
"1986",0.68043051,0.69406474,0.72497503,0.82246275,0.92717045,1.6426936,0.2495657,-0.26065101,0.010375388,0.16834322
"1987",0.6615567,0.70008087,0.79178339,0.85695396,0.88171727,1.2581136,0.23920459,-0.28258744,0.014429931,0.16108036
"1988",0.63250122,0.67540603,0.68096521,0.83275798,0.87571916,1.5121844,0.33182199,-0.35656159,0.011667374,0.15649011
"1989",0.68935826,0.73243191,0.6977364,0.82909822,0.91900824,1.2871621,0.24083352,-0.43205801,0.010665106,0.17173143
"1990",0.62236,0.66713746,0.74345397,0.76999102,0.86950818,1.4397882,0.21950845,-0.30946888,0.015477856,0.16019289
"1991",0.65387057,0.67242713,0.68238019,0.79393294,0.88325481,1.8641944,0.17006454,-0.28213408,0.0099551259,0.15744174
"1992",0.74327854,0.71231333,0.73984438,0.83201671,0.93748484,1.3144229,0.19497911,-0.31119009,0.022991725,0.14977192
"1993",0.66644312,0.66456545,0.71492296,0.77686795,0.87027767,1.5130009,0.19239452,-0.24460323,0.018489063,0.1618829
"1994",0.72818347,0.70575801,0.73123006,0.85307189,0.90887191,1.5516736,0.18239978,-0.22820419,0.01027659,0.15955776
"1995",0.5853572,0.73982088,0.74201757,0.82149508,0.86122815,1.7467222,0.16190059,-0.21547277,0.012923318,0.18288791
"1996",0.64041732,0.66622919,0.69696744,0.86673985,0.9671284,1.2973601,0.15504234,-0.17418176,0.016071833,0.18346594
"1997",0.59224204,0.75381936,0.79611989,0.81917323,0.93052441,1.6545855,0.17114209,-0.20162703,0.0045565612,0.18482727
"1998",0.79565044,0.73377614,0.7097182,0.90395587,0.92553346,1.4540955,0.23961299,-0.17551921,0.018329068,0.18785294
"1999",0.66010118,0.7187418,0.71802538,0.71926157,0.80237088,1.6638723,0.33162126,-0.29312055,0.032679344,0.16922674
"2000",0.64588646,0.67666309,0.72995539,0.7477288,0.93731676,1.3241104,0.3588823,-0.30594478,0.019017123,0.17318475
"2001",0.66640851,0.69363354,0.73383533,0.84710442,0.81125202,1.812107,0.27476708,-0.52128162,0.045762099,0.14773406
"2002",0.63105791,0.70886295,0.75539706,0.80047572,0.89693802,1.9452305,0.33618749,-0.45534827,0.027362575,0.15123633
"2003",0.65283009,0.67348655,0.71356155,0.75232561,0.90202197,1.9031986,0.254719,-0.45867502,0.027024421,0.15336987
"2004",0.67207922,0.6930339,0.72044842,0.84419495,0.852977,1.6153178,0.26555079,-0.43459368,0.018669276,0.16495571
"2005",0.66676724,0.66870035,0.70657306,0.81684551,0.86570263,1.4841512,0.27122845,-0.45007094,0.024155727,0.1648183
"2006",0.70992196,0.72084621,0.72058408,0.83442671,0.9277143,1.5936455,0.2914219,-0.45465613,0.032730098,0.16755369
"2007",0.66084213,0.66663487,0.75644921,0.82182661,0.83665249,1.5035311,0.14461782,-0.45611253,0.020535127,0.14333677
"2008",0.73680005,0.70293492,0.70357925,0.90384016,0.98704874,1.3687687,0.21360298,-0.35989726,0.048883272,0.15231425
"2009",0.63636051,0.68220105,0.65697009,0.76894725,0.77684293,1.1294237,0.32275448,-0.33313504,0.035157729,0.15799357
"2010",0.66089093,0.68988067,0.75057783,0.7829569,0.9006793,1.1136054,0.38352855,-0.32944891,0.040087503,0.1521229
"2011",0.70756803,0.72795868,0.71842479,0.7736273,0.87363191,1.2517126,0.37148448,-0.27172136,0.043483088,0.1471702
"2012",0.65311998,0.72204953,0.79089995,0.81103931,0.89888651,1.2005775,0.39138235,-0.29753757,0.041796451,0.14772929
"2013",0.69738209,0.70379888,0.66419577,0.85130509,0.88963291,1.2582859,0.25091277,-0.36035064,0.038115596,0.14984641
"2014",0.6579817,0.74741241,0.71037824,0.88059567,0.96642415,1.2618562,0.21697066,-0.33463459,0.047803789,0.14401223
"2015",0.62817658,0.63084661,0.76188885,0.73916741,0.83465495,1.193686,0.27101662,-0.46684362,0.038911718,0.14207654
"2016",0.66794822,0.71805712,0.70926777,0.79283339,0.89773603,1.2982994,0.21159854,-0.34475091,0.051337254,0.14237022
"2017",0.70188319,0.70126146,0.69370345,0.78077795,0.83142856,1.2963666,0.25893703,-0.39838624,0.047277823,0.14317143
"2018",0.61802188,0.63271551,0.66470456,0.82275421,0.86215584,1.4077529,0.29937768,-0.43413734,0.041860849,0.14626096
"2019",0.75414194,0.77439595,0.79418681,0.81218785,0.95921161,1.6889739,0.40560313,-0.36339936,0.062149292,0.14568077
"2020",0.75613448,0.63099432,0.70034421,0.87171857,0.91771549,1.4722461,0.32825216,-0.37508764,0.06232399,0.14487644
"2021",0.7207445,0.71333975,0.73852333,0.87018599,0.90073647,2.1335334,0.49816905,-0.40321395,0.068422745,0.15772891
"2022",0.73387481,0.69157033,0.67314742,0.80971846,0.90449619,2.001975,0.55461027,-0.33825064,0.046362816,0.1624724
"2023",0.59962998,0.69369151,0.7285117,0.8411714,0.9404205,1.796276,0.17308999,-0.49367228,0.026571091,0.1431661
"2024",0.65104428,0.63324042,0.69406204,0.79487845,0.83797538,1.8593135,0.14406689,-0.50012436,0.021705205,0.14595738
"2025",0.6585856,0.71675399,0.72794748,0.85835308,0.89070979,1.6775522,0.14624297,-0.39901439,0.025102379,0.14907041
"2026",0.74170126,0.71811197,0.78109318,0.80472798,0.98110023,2.2137584,0.18246442,-0.44606654,0.021126809,0.15867232
"2027",0.74033962,0.71318733,0.76492953,0.80171934,0.98596771,2.2191058,0.196063,-0.4299367,0.022168021,0.15571095
"2028",0.68781266,0.76360159,0.78215604,0.88306505,0.92117441,2.2759859,0.20944089,-0.38661822,0.03002085,0.15438502
"2029",0.68128122,0.73517958,0.71318196,0.88448295,0.84427608,1.87233,0.20704427,-0.32251558,0.040971744,0.14289021
"2030",0.73060829,0.68918336,0.72065849,0.82889561,0.92439139,1.944028,0.2013926,-0.28611637,0.057080612,0.14541871
"2031",0.64805046,0.7005852,0.70892272,0.82845724,0.87966879,1.302328,0.21578923,-0.29011394,0.048364943,0.15114621
"2032",0.6516483,0.6760688,0.72605351,0.79728351,0.90542487,1.8430349,0.20898131,-0.40078163,0.055699392,0.16723825
"2033",0.68758871,0.6718753,0.73836656,0.846973,0.9088761,1.4629571,0.24153135,-0.38087018,0.06200701,0.16813675
"2034",0.62744319,0.67225879,0.64122618,0.90287482,0.87493916,1.6012814,0.14328618,-0.301117,0.060118917,0.18361498
"2035",0.6645826,0.66971527,0.73913215,0.73745283,0.88956938,1.6667634,0.18868017,-0.37556161,0.04212511,0.19192681
"2036",0.66742774,0.65971913,0.66121947,0.92456745,0.89276303,1.7315488,0.2607354,-0.41501965,0.035024934,0.17332752
"2037",0.74549458,0.69155086,0.70431396,0.8859108,0.82908092,1.6735272,0.32468358,-0.30569839,0.032779118,0.1768365
"2038",0.64382988,0.66620922,0.71744956,0.82435928,0.91436369,1.5136821,0.27374662,-0.24972291,0.025830081,0.17058565
"2039",0.71021401,0.72142268,0.70459512,0.83857389,0.88130825,1.1024061,0.33693459,-0.23932356,0.031919617,0.15340873
"2040",0.64905841,0.62737303,0.72335473,0.84563464,0.87992392,1.4900065,0.19415777,-0.39502151,0.026221151,0.18183565
"2041",0.7610152,0.65138403,0.7692698,0.77432653,0.92605863,1.2781798,0.25274344,-0.25028016,0.011519148,0.16989791
"2042",0.56801699,0.7095737,0.71547634,0.85726869,0.8876593,1.2792634,0.11317258,-0.27219612,0.010120253,0.19211867
"2043",0.79073283,0.68152572,0.73695431,0.75833452,0.93509641,1.2334778,0.098196984,-0.2895347,0.010957606,0.19823288
"2044",0.62430035,0.73627834,0.76038919,0.75341759,0.88363818,1.7745923,0.23387663,-0.15939261,0.0075835339,0.19081749
"2045",0.72312345,0.62082042,0.67780033,0.83242022,0.89332578,1.3319162,0.083039125,-0.31028483,0.024161379,0.21989784
"2046",0.72123306,0.69304452,0.6894159,0.82065258,0.75404853,1.4706821,0.20972225,-0.33320843,0.011166433,0.19073738
"2047",0.72383468,0.67156619,0.65706916,0.8598808,0.8795187,1.6129626,0.23433423,-0.31468648,0.02385432,0.17583374
"2048",0.65936212,0.72909842,0.72742858,0.84275293,0.87694523,1.7156893,0.21033305,-0.32725743,0.02437565,0.17787648
"2049",0.67108266,0.73538647,0.71023974,0.87147779,0.85751845,1.9448197,0.22722328,-0.27748734,0.024944281,0.17442638
"2050",0.69096552,0.63453338,0.7259785,0.82935476,0.9037598,2.0177883,0.21607646,-0.2938003,0.01940668,0.17968554
"2051",0.60650583,0.69494638,0.6764227,0.66870689,0.84681492,2.0853652,0.19416702,-0.18038508,0.010992953,0.21130697
"2052",0.80640304,0.65264314,0.75898952,0.83015811,0.8927689,1.6397517,0.18811958,-0.34457142,0.024572796,0.19983223
"2053",0.69782922,0.66744615,0.7254231,0.83508885,0.84567153,1.2450462,0.14586638,-0.34507215,0.019231113,0.19934475
"2054",0.65983066,0.72474678,0.80724544,0.91511653,0.86804396,1.2811088,0.0641333,-0.29805261,0.026337204,0.18249773
"2055",0.6166183,0.65205878,0.71646292,0.84525983,0.86677009,1.1631867,0.093201462,-0.31036194,0.0096547661,0.17525028
"2056",0.74059694,0.71615828,0.77347152,0.85978218,0.96768812,1.4826436,0.20471858,-0.3180391,0.015661513,0.17304386
"2057",0.65816977,0.63809746,0.7192761,0.79729855,0.87287521,1.8466529,0.18251836,-0.1905101,0.020565459,0.17208057
"2058",0.64047158,0.72582421,0.75423884,0.83398579,0.92334922,1.5372736,0.17132608,-0.40252349,0.01733146,0.15884794
"2059",0.71754382,0.62186459,0.71609357,0.82023969,0.85517605,1.2368207,0.18266794,-0.44743827,0.01386527,0.16040365
"2060",0.7347304,0.69717505,0.74054648,0.82597816,0.88815467,1.1073068,0.21616742,-0.4697976,0.01736594,0.18069853
"2061",0.61015477,0.73358213,0.73035091,0.83516122,0.90905128,1.2612228,0.24098876,-0.50705592,0.016720297,0.18997584
"2062",0.72828542,0.69829649,0.66484599,0.82817066,0.89923851,1.3385887,0.23219957,-0.18496993,0.021477413,0.18496392
"2063",0.68474502,0.65274216,0.69024446,0.79457569,0.82039569,1.4326239,0.32566225,-0.34167044,0.019531911,0.17713244
"2064",0.64481687,0.64858195,0.74301428,0.84282028,0.9270054,1.3632593,0.37101037,-0.41078863,0.025171966,0.17532443
"2065",0.75064797,0.7156028,0.7444377,0.81902599,0.90944198,1.0950713,0.1692433,-0.47456384,0.00039373701,0.153314
"2066",0.6211733,0.68898789,0.65211942,0.81614377,0.8936068,1.6719417,0.2193302,-0.41101048,0.017072729,0.14860596
"2067",0.61103639,0.66576182,0.79207947,0.75087227,0.8710746,1.4468057,0.22646035,-0.32567393,0.01830653,0.16137522
"2068",0.65124334,0.66049114,0.65129025,0.8345127,0.80156189,1.7347272,0.15848665,-0.43991238,0.02471933,0.16842056
"2069",0.63441499,0.68900865,0.70632737,0.72962878,0.91546545,2.03497,0.29864386,-0.47404562,0.032135109,0.18608611
"2070",0.7246765,0.66650725,0.70529509,0.74240055,0.81980606,2.3347334,0.27974373,-0.45392764,0.019198237,0.18752126
"2071",0.76295099,0.74251531,0.76572749,0.80294142,0.92328734,1.9817907,0.30057663,-0.36684314,0.025465589,0.1728917
"2072",0.58677936,0.66579411,0.68444134,0.75100279,0.88141238,1.5585432,0.22810258,-0.37016454,0.050631284,0.17060769
"2073",0.72244584,0.71264718,0.7680543,0.82018899,0.9373402,1.2731073,0.29900692,-0.39782237,0.052969404,0.19377909
"2074",0.71683784,0.71264177,0.74223768,0.87287416,0.93173243,1.5573729,0.31872734,-0.37539447,0.055005814,0.18587644
"2075",0.72836047,0.69041738,0.73794252,0.8287243,0.89116412,1.5884563,0.28006255,-0.34246909,0.040814717,0.18033967
"2076",0.67886849,0.73637611,0.70587392,0.83586422,0.88886893,1.7552058,0.2446854,-0.36907532,0.038292395,0.17651344
"2077",0.71244097,0.74106643,0.76289428,0.87722062,0.9266565,1.6448643,0.18671279,-0.39924562,0.035963899,0.18113024
"2078",0.59887661,0.64318965,0.6552855,0.76320026,0.89398829,1.6554857,0.30404864,-0.31908834,0.012385586,0.17301837
"2079",0.67566469,0.68319133,0.7307755,0.84773742,0.86553209,1.792018,0.34707293,-0.34366012,0.019808055,0.16913079
"2080",0.69850455,0.66697267,0.69719724,0.80208335,0.91602665,1.8342063,0.31506666,-0.30419904,0.020361232,0.17112589
"2081",0.7021952,0.69023939,0.74375507,0.87571642,0.92381297,1.194827,0.22028241,-0.33801351,0.0041626478,0.17237454
"2082",0.66849824,0.67751301,0.66575302,0.83970057,0.94226105,1.5743903,0.18370196,-0.49246017,0.015024923,0.18639863
"2083",0.6505264,0.66367234,0.68101207,0.83377757,0.81950984,1.5586724,0.20370943,-0.6158337,0.02292629,0.20189439
"2084",0.71350547,0.75577394,0.71544778,0.82937719,0.81036127,1.5305331,0.21518453,-0.54226404,0.029137457,0.20102076
"2085",0.63063403,0.64280181,0.66538483,0.7895118,0.83465953,2.2697108,0.20624683,-0.33501127,0.019254286,0.17201662
"2086",0.5579363,0.74670455,0.71522002,0.76660005,0.89338881,2.2651168,0.14345057,-0.29556186,0.032218068,0.16766455
"2087",0.73355732,0.66043212,0.69557329,0.91285182,0.97225989,1.6075379,0.26002531,-0.21340582,0.040860909,0.18048709
"2088",0.75152718,0.72712818,0.77093427,0.79056129,0.92319292,1.6528843,0.28620937,-0.16659125,0.032472222,0.18385414
"2089",0.63519131,0.71354016,0.72812921,0.79265334,0.85485369,1.7607589,0.37006707,-0.28625676,0.034035594,0.17022833
"2090",0.68677709,0.69054281,0.770496,0.86285276,0.98221701,1.4522164,0.34818645,-0.30712256,0.036497292,0.16612847
"2091",0.70968568,0.75527585,0.78641554,0.89558063,0.94701224,1.3932405,0.40020882,-0.32393945,0.03546374,0.1654117
"2092",0.67672253,0.66138779,0.7289998,0.78223236,0.83823163,1.5574104,0.3675008,-0.39043987,0.032325964,0.16131252
"2093",0.7059344,0.68372101,0.75759203,0.87455889,0.90794037,1.6740043,0.31534586,-0.35038549,0.029410553,0.14498367
"2094",0.62301564,0.63774851,0.67773963,0.77283168,0.86894999,1.8442146,0.28183046,-0.35780779,0.0087647529,0.13604626
"2095",0.67596613,0.63224267,0.72641636,0.84233553,0.87863766,1.993422,0.37892399,-0.34639829,0.019262368,0.14567582
"2096",0.61569595,0.67294926,0.73371788,0.77331871,0.85975492,1.3350739,0.18273016,-0.322471,0.022211478,0.14237728
"2097",0.69903857,0.71099092,0.69520414,0.83182604,0.95196433,1.3802574,0.19011248,-0.31286842,0.016043006,0.13571659
"2098",0.70185054,0.63862024,0.71758993,0.75510114,0.87862372,1.5439871,0.23712196,-0.32633644,0.017381894,0.13319496
"2099",0.62604307,0.71629347,0.78024527,0.82994602,0.89025599,2.0805518,0.36041915,-0.25000713,0.010046669,0.13895854
"2100",0.70165362,0.65958944,0.71855674,0.78362124,0.8919965,2.3100383,0.2556265,-0.37126146,0.026828397,0.16019867
"2101",0.7040425,0.69312949,0.65989151,0.84849862,0.90834879,1.9617767,0.21738655,-0.35324768,0.029403391,0.16625019
"2102",0.69476126,0.70098937,0.75110372,0.75073078,0.89195371,2.2074617,0.18708188,-0.38688945,0.033388871,0.17454787
"2103",0.64074208,0.6882512,0.68914503,0.76029905,0.85359174,2.1119574,0.19638623,-0.40431711,0.032922372,0.16306692
"2104",0.66678679,0.67892371,0.73760725,0.85258836,0.87781095,1.8113353,0.15845403,-0.52013295,0.024326759,0.17364829
"2105",0.68604341,0.70410867,0.80027365,0.86927792,0.92322952,1.4516569,0.34063869,-0.44489675,0.013390075,0.16324097
"2106",0.63592537,0.67133203,0.6696991,0.7734268,0.85842333,1.4700585,0.26334893,-0.39160042,0.011300537,0.15588713
"2107",0.73841823,0.73449307,0.7506557,0.86896261,0.96435439,0.95700752,0.2404316,-0.41486541,0.023416841,0.16824193
"2108",0.65685315,0.68348112,0.67200791,0.78597197,0.86223867,1.6134452,0.28056491,-0.5334911,0.0092830154,0.16263366
"2109",0.69452398,0.71873583,0.76674369,0.84783663,0.93108979,1.3420456,0.28826948,-0.52641472,0.023234933,0.16347447
"2110",0.71723271,0.75197841,0.73429048,0.75493836,0.90256122,1.1724705,0.28722438,-0.54222508,0.020347124,0.16247187
"2111",0.68936356,0.63077749,0.76977094,0.87779799,0.89953175,1.7590264,0.28582634,-0.36657966,0.019960495,0.15120459
"2112",0.64026314,0.76050117,0.72443677,0.85502147,0.87011057,1.9024879,0.27922568,-0.30525836,0.013751763,0.13799118
"2113",0.67815781,0.70333616,0.61542998,0.7039386,0.81882268,1.9427258,0.29826445,-0.39739334,0.017194739,0.15846615
"2114",0.69047679,0.67142773,0.7540427,0.7790054,0.87716494,1.7913819,0.25909859,-0.38728934,-0.0029946778,0.14835303
"2115",0.61772695,0.6911636,0.71029398,0.7722737,0.88954551,1.7123956,0.18723862,-0.55780956,0.023715494,0.15952631
"2116",0.59921531,0.65372563,0.73994108,0.78983614,0.88381088,1.831084,0.20897466,-0.46125173,0.024098386,0.16397118
"2117",0.63604914,0.72466665,0.69332231,0.80257679,0.91303972,1.7496847,0.12833476,-0.46231373,0.027523082,0.15900934
"2118",0.76578829,0.7082104,0.69911587,0.7896579,0.9116672,1.7455446,0.13898266,-0.47138293,0.044503932,0.1620195
"2119",0.5877817,0.62506517,0.70308449,0.87240249,0.85091987,1.7200479,0.24037795,-0.29811856,-0.0087143669,0.13309827
"2120",0.6851906,0.74376306,0.77922546,0.8656286,0.92476659,1.4776995,0.2268627,-0.25724538,-0.00067348011,0.128689
"2121",0.59736025,0.62364829,0.688689,0.8500906,0.8703153,1.4759127,0.2515442,-0.25152495,0.013486792,0.12625983
"2122",0.70341165,0.73751869,0.80225461,0.86691035,0.91713409,1.2089476,0.30231187,-0.29040843,0.025085835,0.13871006
"2123",0.6828234,0.66753021,0.67029285,0.83106056,0.89827497,1.6187505,0.2587904,-0.23204506,0.015437784,0.15463629
"2124",0.59918729,0.66113922,0.75160031,0.86240283,0.89013407,1.7848777,0.24205273,-0.26106474,0.015459929,0.16276782
"2125",0.72522002,0.69332522,0.75554042,0.86078449,0.88973667,1.5946035,0.13063882,-0.11511809,0.0091023911,0.14761791
"2126",0.60684554,0.7057254,0.71136087,0.90125594,0.82683312,1.5662358,0.23347973,-0.37414998,0.012107134,0.16711391
"2127",0.61288606,0.65806071,0.71556813,0.81343842,0.85698989,1.5618748,0.19113673,-0.43677205,0.016334056,0.17003581
"2128",0.59573259,0.61134956,0.69288259,0.84936853,0.86530186,1.7064049,0.21201476,-0.43856986,0.016979071,0.17045353
"2129",0.76075154,0.7650892,0.73503882,0.83915252,0.93055659,1.464353,0.12650165,-0.43218586,0.027012896,0.17129006
"2130",0.65796196,0.7121085,0.73185954,0.8870727,0.91110147,1.6218597,0.24581482,-0.49327009,0.04007879,0.1638526
"2131",0.69159848,0.65128879,0.69926825,0.75264972,0.91181947,1.8405238,0.32409857,-0.38285868,0.022564981,0.16085547
"2132",0.75546802,0.66206794,0.73117255,0.81825392,0.84670345,1.7598025,0.32257865,-0.34302811,0.015947587,0.15091503
"2133",0.58843425,0.71379609,0.70523179,0.8390463,0.89772842,1.7989631,0.28644609,-0.28323273,0.012780101,0.13726268
"2134",0.57033342,0.65640103,0.7306645,0.84998321,0.8192103,1.728573,0.28523529,-0.27272565,0.0016239235,0.14475724
"2135",0.74614696,0.84188738,0.74528605,0.78609177,0.94114577,1.8378185,0.33004293,-0.35194827,0.011959302,0.14736213
"2136",0.71902058,0.71815279,0.72513587,0.85087659,0.88199919,1.6692598,0.3234278,-0.43993609,0.011204397,0.15177525
"2137",0.67345025,0.67442247,0.66699987,0.75607034,0.82052302,1.7388936,0.36262032,-0.49019842,0.011590108,0.14339942
"2138",0.82376507,0.65450061,0.76743866,0.91528019,1.0103432,1.4941779,0.37682709,-0.54650644,0.0058342752,0.15072237
"2139",0.63632484,0.64220791,0.70244911,0.75178556,0.85127229,1.3964236,0.43377945,-0.42015562,0.006405937,0.16031245
"2140",0.71093675,0.60306255,0.68376632,0.76399398,0.83731656,1.4234835,0.46194798,-0.34004659,0.022537411,0.14720232
"2141",0.70752204,0.64574125,0.69626304,0.77579247,0.85688903,1.3594133,0.42632433,-0.35586547,0.025913246,0.14632739
"2142",0.64704466,0.59960758,0.70681185,0.65498063,0.85672285,1.5295656,0.43937077,-0.33841343,0.017825284,0.1434569
"2143",0.61807685,0.71751248,0.71574837,0.83185325,0.89082738,1.4327186,0.36256803,-0.39216412,0.03349071,0.15223095
"2144",0.6900567,0.64430661,0.67255015,0.73627807,0.8526221,1.703693,0.33625431,-0.24495,0.0073518178,0.12691181
"2145",0.63190026,0.68684199,0.75126464,0.88635373,0.91701985,1.5607311,0.24056782,-0.3820242,0.028936642,0.11347576
"2146",0.69876629,0.69720136,0.67239945,0.77416473,0.86571102,1.4125285,0.23269727,-0.23414812,0.028238086,0.11360592
"2147",0.67930902,0.73824284,0.75512382,0.83443603,0.90306888,1.8028486,0.17847035,-0.31131127,0.028538276,0.12654237
"2148",0.69140333,0.66891525,0.65163379,0.79868335,0.86727194,1.5679556,0.091332238,-0.3970102,0.043648337,0.13770046
"2149",0.69789854,0.6293989,0.62291945,0.80850602,0.88951467,1.50039,0.073117184,-0.38429431,0.039582416,0.14069982
"2150",0.67965548,0.64394828,0.62732844,0.85006628,0.83875055,1.43602,0.089056095,-0.39124671,0.034634103,0.14047818
"2151",0.66944059,0.65511049,0.65569007,0.81134106,0.9839515,1.4853887,0.13227086,-0.3912858,0.036623033,0.14006125
"2152",0.68869428,0.67763369,0.68498616,0.76082275,0.84853832,1.4593499,0.13891208,-0.43939753,0.032796988,0.12567124
"2153",0.71181628,0.61758989,0.66716735,0.79947947,0.87110494,1.3740362,0.14227884,-0.38576936,0.040766042,0.14087359
"2154",0.68746528,0.5944737,0.69638259,0.82529051,0.81959117,1.2785416,0.17168076,-0.39380636,0.032507448,0.14255823
"2155",0.6207144,0.60275996,0.66211828,0.7696862,0.80968665,1.2817989,0.16880535,-0.48091675,0.036203639,0.13900316
"2156",0.75871992,0.71941781,0.68958954,0.82575379,0.97431995,1.4148219,0.1945792,-0.40738892,0.041489477,0.13759098
"2157",0.76422065,0.68480027,0.68611369,0.82413355,0.96159435,1.3278487,0.1563001,-0.39854899,0.041990758,0.13607001
"2158",0.63354273,0.68479502,0.73535082,0.80922205,0.78667943,1.8166038,0.30951076,-0.48611945,0.026761668,0.16051727
"2159",0.71834153,0.73365581,0.71151648,0.82095709,0.9080002,1.95932,0.25588598,-0.47175375,0.021665717,0.15383004
"2160",0.65759787,0.6688339,0.74580754,0.95655348,0.90802615,1.9643085,0.092486726,-0.4394865,0.017795626,0.14924262
"2161",0.67343488,0.70999603,0.75994387,0.84978791,0.90259627,1.7899225,0.14886335,-0.44287171,0.019167119,0.14812822
"2162",0.63132137,0.76362378,0.7160954,0.7930911,0.920701,1.781404,0.21467878,-0.42301474,0.023030125,0.15009539
"2163",0.74003481,0.61253784,0.74310856,0.79580467,0.8761622,1.4066043,0.16135939,-0.27125903,0.023804745,0.1307262
"2164",0.74351036,0.60989641,0.75647704,0.79682995,0.88740644,1.5950857,0.20369972,-0.27602311,0.019289157,0.13298375
"2165",0.66069148,0.64829921,0.67773387,0.75510083,0.87300714,1.6156829,0.22614359,-0.39779344,0.023051335,0.13518608
"2166",0.66430755,0.62877806,0.69392223,0.78382011,0.89724215,1.5126386,0.21591919,-0.40867285,0.027516954,0.13418924
"2167",0.68064351,0.64337619,0.67546303,0.77947272,0.86708048,1.5528569,0.20763568,-0.43207465,0.034857574,0.1343642
"2168",0.70681582,0.73490728,0.74450547,0.86451172,0.85142013,1.6805953,0.17033946,-0.46160088,0.036423463,0.13541692
"2169",0.62257839,0.72540832,0.73286171,0.78380963,0.87723965,1.1994233,0.28550722,-0.4565868,0.030145277,0.13322766
"2170",0.5766347,0.62691614,0.65833903,0.73872463,0.85189212,1.1384582,0.3361798,-0.416605,0.026072366,0.13404185
"2171",0.70567994,0.6670839,0.74215962,0.79796987,0.91203248,1.73199,0.15267365,-0.3837783,0.038460629,0.13512785
"2172",0.68702553,0.67946173,0.68392995,0.84832963,0.89371178,1.699553,0.19523583,-0.38303639,0.034333058,0.13182766
"2173",0.67843771,0.75504463,0.76393515,0.84066095,0.9021835,1.2576031,0.1045314,-0.28410969,0.028093686,0.12033708
"2174",0.7223868,0.67176839,0.68263172,0.83523132,0.91514972,2.1333016,0.19400974,-0.42555362,0.020290772,0.13338256
"2175",0.71520027,0.70765566,0.69389205,0.80733287,0.9528576,1.9731553,0.21651447,-0.44533504,0.02314588,0.13057983
"2176",0.66072459,0.70700583,0.72621208,0.80382274,0.8471892,1.9799723,0.18548012,-0.26630557,0.031638901,0.14016778
"2177",0.63473302,0.78804767,0.72435406,0.79557278,0.90933313,1.4445785,0.25157926,-0.31828789,0.023043304,0.13484717
"2178",0.70672267,0.6631063,0.73005534,0.83817866,0.88659607,1.4717643,0.18336074,-0.36911621,0.038686825,0.13129721
"2179",0.69424011,0.64068675,0.73888602,0.85353876,0.84691505,1.5251072,0.19903886,-0.35604147,0.038742249,0.13349846
"2180",0.66725046,0.66110884,0.61878464,0.81800756,0.83052691,1.3608164,0.20654778,-0.30810879,0.039534543,0.12187266
"2181",0.64554523,0.66909773,0.84415088,0.75837052,0.91190287,1.2324971,0.3606682,-0.32023258,0.031875223,0.11991069
"2182",0.65199317,0.7184457,0.78800909,0.81943118,0.91137137,1.3446842,0.34578202,-0.31598299,0.031538962,0.12192104
"2183",0.68695042,0.66126353,0.77685401,0.79123059,0.92142054,1.3467997,0.35608615,-0.28581884,0.035900041,0.12087411
"2184",0.66080673,0.7324105,0.75175318,0.76977629,0.87706549,1.3512232,0.26727864,-0.31064304,0.03632547,0.1200539
"2185",0.73448267,0.71606416,0.66464754,0.9101444,0.91379564,1.4182463,0.15753633,-0.34572578,0.039295544,0.10731746
"2186",0.6880084,0.70058514,0.75298279,0.85617511,0.88693071,1.6439101,0.15319881,-0.31375328,0.040704686,0.11112495
"2187",0.55715025,0.69330573,0.65679913,0.70282932,0.88961698,1.332421,0.23030016,-0.46162012,0.031266227,0.12455831
"2188",0.64979472,0.67571413,0.78139083,0.8286958,0.83348265,1.5668733,0.18157762,-0.60636484,0.041576957,0.11853011
"2189",0.63170863,0.6657589,0.75180928,0.86996692,0.89377114,1.7086236,0.2514545,-0.52833842,0.040093721,0.12966528
"2190",0.66717284,0.67913898,0.6444968,0.70877797,0.85369206,1.3185147,0.31253058,-0.47585237,0.040305162,0.1455961
"2191",0.70799458,0.6936762,0.70086302,0.83697099,0.83449486,1.5737108,0.25677435,-0.41739572,0.038397783,0.13591007
"2192",0.66248383,0.70773115,0.69842449,0.83505153,0.83916348,1.6529748,0.29623416,-0.4649637,0.039860828,0.13333062
"2193",0.67701211,0.69123268,0.71187221,0.78282207,0.83471946,1.6805352,0.30925728,-0.51686509,0.040503701,0.13462444
"2194",0.68664528,0.69012234,0.68096965,0.74804921,0.8387205,1.7489046,0.43845044,-0.38965235,0.0060245344,0.1473866
"2195",0.66042106,0.69809885,0.71354562,0.82445813,0.85073569,1.4457319,0.46269809,-0.41286337,0.015035581,0.14185468
"2196",0.71698272,0.7247329,0.73787453,0.82891166,0.8614086,1.4504651,0.4506151,-0.42893503,0.012352123,0.1460494
"2197",0.7502275,0.73495839,0.75329659,0.83316993,0.8970194,1.5557718,0.45409879,-0.3980805,0.013024153,0.14609981
"2198",0.67321385,0.73103053,0.75151496,0.82492312,0.92055812,1.578965,0.38800259,-0.40412532,0.022504976,0.14390252
"2199",0.78715769,0.69305465,0.79595039,0.83514334,0.93901584,1.4458553,0.38934957,-0.4553128,0.030977317,0.14218318
"2200",0.75387822,0.6652043,0.69980556,0.87759507,0.95753083,1.556466,0.30429818,-0.46242545,0.017775095,0.1397102
"2201",0.67945555,0.70533006,0.68228958,0.83444397,0.83787234,1.4427213,0.23719764,-0.44630979,0.024563388,0.14146228
"2202",0.70653654,0.72556846,0.6875232,0.8206674,0.96480817,1.5475902,0.23948078,-0.44274368,0.022857747,0.1389049
"2203",0.62617093,0.58970319,0.65058277,0.76406497,0.83427184,1.8701069,0.33580547,-0.48550917,0.015292305,0.13707862
"2204",0.73783089,0.73889044,0.79146942,0.94604546,0.98830703,1.4134676,0.1074118,-0.41529575,0.032230308,0.13275917
"2205",0.70130932,0.66898447,0.66416988,0.75270163,0.85579347,1.2268368,0.044701365,-0.31182078,0.027197675,0.13778312
"2206",0.69955108,0.72050284,0.72684885,0.75289986,0.93318005,1.4975762,0.063645538,-0.323115,0.014615097,0.15204206
"2207",0.59649442,0.68706925,0.70705293,0.76492615,0.89131116,1.9772871,0.0339665,-0.35010351,0.019329268,0.1664639
"2208",0.72216302,0.66767366,0.7440723,0.86479399,0.92762273,1.7826579,0.2781923,-0.38515405,0.032108086,0.18018386
"2209",0.70016755,0.73496506,0.72713032,0.83136073,0.94367134,2.0087538,0.22412698,-0.41230433,0.027935176,0.1729022
"2210",0.74579937,0.71677083,0.71239585,0.82639083,0.9045637,1.9830453,0.23840346,-0.43140826,0.026465355,0.16969967
"2211",0.62260455,0.61627409,0.71918644,0.90110598,0.93585698,1.5064925,0.27151621,-0.31896587,0.020026602,0.16381073
"2212",0.69218702,0.69911667,0.70274022,0.76254354,0.90644594,1.0904172,0.36093944,-0.37089516,0.022859368,0.17313964
"2213",0.65237301,0.66472834,0.71306483,0.80290404,0.94386923,1.3259948,0.22702931,-0.20698237,0.025012367,0.16946596
"2214",0.75695048,0.7347694,0.72738635,0.7716987,0.86448011,1.339033,0.2838457,-0.22539458,0.018288666,0.16671945
"2215",0.71930037,0.69813179,0.72154548,0.72447359,0.87639468,1.4537081,0.25350587,-0.24962769,0.01586752,0.16458798
"2216",0.69495365,0.71923265,0.72258625,0.84916296,0.90705689,1.2375832,0.29023244,-0.26223474,0.011156274,0.18160891
"2217",0.68486218,0.70382959,0.71504062,0.85895582,0.88735535,1.1858246,0.20126785,-0.12543124,0.022495138,0.15600211
"2218",0.69749872,0.70992358,0.70568108,0.81443147,0.86315968,1.532491,0.099605512,-0.21421711,0.011707085,0.16895848
"2219",0.65280592,0.692158,0.76648129,0.85558055,0.95617831,1.4470026,0.07221233,-0.2008944,0.015367436,0.16639391
"2220",0.6553806,0.703368,0.72867293,0.81655224,0.86916771,1.6185769,0.096254503,-0.15567257,0.01322514,0.16202306
"2221",0.67439328,0.6775566,0.6844528,0.81964355,0.88464591,1.5347137,0.2092921,-0.026209033,0.023262876,0.16516409
"2222",0.59465057,0.68226722,0.714744,0.8128031,0.87261571,1.6610119,0.18370843,-0.12823658,0.028976336,0.16745386
"2223",0.63411768,0.65315156,0.71425328,0.7233959,0.82552887,1.682745,0.1810148,-0.21342512,0.033537697,0.17476492
"2224",0.62607943,0.6836898,0.717811,0.7510893,0.86545272,1.5833046,0.21220836,-0.1862259,0.030815241,0.17760025
"2225",0.55314314,0.65510164,0.68563608,0.79913599,0.88548498,1.5329675,0.34231622,-0.30053808,0.02970541,0.20047599
"2226",0.65463513,0.72087946,0.77171878,0.80435454,0.87685449,1.7085049,0.32080513,-0.19286045,0.017336172,0.18294143
"2227",0.68542389,0.66052366,0.64573868,0.817686,0.90569487,2.0218475,0.39110595,-0.37633319,0.012246112,0.18185022
"2228",0.70964375,0.65399416,0.70338406,0.89734181,0.86753664,1.661695,0.30353544,-0.42900393,0.0089406828,0.17058395
"2229",0.71162885,0.69424499,0.80678208,0.73952454,0.91553071,1.5343794,0.32315251,-0.48724595,-0.00029426722,0.17361703
"2230",0.64733424,0.72703035,0.67447205,0.80554279,0.93065918,1.318492,0.27211413,-0.43570866,0.00038719732,0.1664942
"2231",0.65967176,0.66645176,0.75278571,0.8502579,0.87065586,1.2263874,0.1943669,-0.42883215,-0.0014218999,0.15883453
"2232",0.66942423,0.71230083,0.80330041,0.80779813,0.88753259,1.249045,0.24807293,-0.56170124,0.001095281,0.16216815
"2233",0.66054945,0.70394365,0.72610478,0.98939068,0.89357385,1.2509736,0.29049929,-0.51644004,0.0020516842,0.17146952
"2234",0.63715767,0.74352194,0.76171071,0.89899185,0.91531081,1.4591065,0.28165889,-0.49155368,0.0060316058,0.1659884
"2235",0.6885844,0.67340051,0.72599129,0.83165935,0.85995425,1.2960182,0.38231673,-0.41730177,0.00229491,0.16519822
"2236",0.65035858,0.69548768,0.73043338,0.87384855,0.89796306,1.2346652,0.29341624,-0.39665495,0.0049067316,0.16984478
"2237",0.6923688,0.7292948,0.80318418,0.84074296,0.92674279,1.0071244,0.32949106,-0.40474263,0.0043114604,0.17512257
"2238",0.65757919,0.66677273,0.74694118,0.88501449,0.86445344,1.1427723,0.37622345,-0.41117311,0.0083075309,0.16748062
"2239",0.68205764,0.66195308,0.7694172,0.82108694,0.84819245,1.1488792,0.4124822,-0.39702928,0.0040216353,0.16774038
"2240",0.73004203,0.66722756,0.71688657,0.83021369,0.94784799,1.6318327,0.33603219,-0.46051763,0.0098758067,0.1803559
"2241",0.62971044,0.70884175,0.71216053,0.758857,0.86172962,1.5093898,0.30557164,-0.35558011,0.033640848,0.17412454
"2242",0.67653211,0.65532774,0.73332918,0.84229789,0.90379818,1.519525,0.23984194,-0.32355265,0.039011393,0.16222529
"2243",0.68273894,0.69882718,0.70951312,0.82720093,0.88801905,1.4435892,0.25278899,-0.47665621,0.032221852,0.16269053
"2244",0.63898907,0.6650112,0.6795996,0.78071832,0.83361552,1.7271188,0.30602021,-0.3987321,0.03254132,0.17213527
"2245",0.68722176,0.7172974,0.72834696,0.81964208,0.92804398,1.6621845,0.23272793,-0.42051101,0.037483618,0.17979606
"2246",0.6593259,0.8149892,0.72122219,0.86348887,0.88829379,1.7442761,0.25656109,-0.3113642,0.052008096,0.17664145
"2247",0.69861072,0.70648244,0.8325789,0.83400551,0.97638058,1.6111176,0.1932541,-0.34860774,0.059104531,0.17882857
"2248",0.64322677,0.66785978,0.63593555,0.79442391,0.84656022,1.7121143,0.24733393,-0.36058603,0.057401474,0.18200407
"2249",0.69061815,0.76859683,0.77376633,0.81813976,0.88082846,1.6405351,0.30839152,-0.34719465,0.054488299,0.1773916
"2250",0.63687225,0.66686427,0.70420859,0.8128936,0.92601893,1.5523125,0.32080962,-0.55201684,0.067436362,0.16891233
"2251",0.75124791,0.73083927,0.72477044,0.84284433,0.88471969,1.2275059,0.21012701,-0.44888651,0.061844676,0.16360674
"2252",0.6100297,0.71907103,0.69499784,0.79496382,0.88019436,1.7394786,0.2493756,-0.41833865,0.052651852,0.16139515
"2253",0.71848391,0.72280572,0.70993496,0.84803,0.83470942,1.0623577,0.20829916,-0.44805835,0.017972455,0.15312825
"2254",0.72696395,0.72327098,0.75804745,0.81675192,0.93320303,1.6760868,0.2042719,-0.46659375,0.023990612,0.13684021
"2255",0.63859257,0.7639659,0.72889407,0.78049107,0.89062292,1.4207453,0.2716358,-0.41694394,0.019931706,0.13748674
"2256",0.6690277,0.62067309,0.70457308,0.86191687,0.89199245,1.3152634,0.42642612,-0.39973812,0.029426719,0.13654126
"2257",0.73083559,0.74523401,0.75208999,0.92423334,0.92036412,1.3492427,0.21750306,-0.41171455,0.023524286,0.14388281
"2258",0.6933118,0.73633987,0.74577938,0.87513086,0.94775558,1.4423758,0.24855182,-0.47731301,0.012665908,0.13243757
"2259",0.65848257,0.68365495,0.71918339,0.91228738,0.83983765,1.3248077,0.24253478,-0.31254033,0.013021917,0.14474126
"2260",0.65457116,0.66801412,0.71524382,0.82012443,0.85928083,1.1606516,0.32219606,-0.42044247,0.0091216398,0.13883276
"2261",0.67942117,0.65246683,0.70149775,0.85378371,0.8646034,1.534647,0.23506294,-0.38720522,0.0053141071,0.17129339
"2262",0.6170717,0.65928049,0.75888867,0.87162755,0.88373338,1.5939776,0.25801833,-0.36638699,0.010216583,0.17206963
"2263",0.64930758,0.67514675,0.71530001,0.78380828,0.90905297,1.5944756,0.15170029,-0.37496514,0.014055223,0.17969936
"2264",0.73220643,0.77225149,0.76917294,0.83760139,0.92728526,1.7393131,0.19569801,-0.3152238,0.020358139,0.1808219
"2265",0.70780696,0.68814881,0.73673893,0.7878186,0.93674227,1.5161728,0.22669445,-0.34053053,0.033812686,0.17831073
"2266",0.72886905,0.67914923,0.76238125,0.84038431,0.8184715,1.2514105,0.3789501,-0.40207679,0.030382709,0.16009576
"2267",0.56931932,0.69292249,0.68352993,0.77823372,0.8986151,1.4323285,0.44213514,-0.36450712,0.034638495,0.15474901
"2268",0.56399852,0.69241529,0.67239487,0.77827162,0.89727249,1.3527228,0.42011971,-0.3838802,0.034014518,0.15644266
"2269",0.72106924,0.70175966,0.73676681,0.86434887,0.91164463,1.598014,0.23696278,-0.23666291,0.011204779,0.15244234
"2270",0.68531961,0.76075504,0.72148153,0.82577383,0.91305692,1.5206751,0.21473906,-0.27912508,0.016998082,0.15226015
"2271",0.70506713,0.69822008,0.73683949,0.86367051,0.90117547,1.0405792,0.058043871,-0.47224261,-0.00019290048,0.14446295
"2272",0.71552865,0.68960986,0.76609567,0.81577689,0.8963973,1.5855905,0.22142297,-0.56693627,0.0073898585,0.12726694
"2273",0.67212685,0.66104025,0.69840093,0.78555636,0.92321704,1.4355224,0.19398066,-0.53019881,0.010743158,0.12306168
"2274",0.65569776,0.69153031,0.72191477,0.82176714,0.83717946,1.6118595,0.24161338,-0.52640406,0.027253011,0.12567976
"2275",0.68667704,0.68289994,0.6824085,0.83645174,0.89385621,1.9470669,0.26950939,-0.4961224,0.047698605,0.12684371
"2276",0.72810345,0.68812147,0.76433527,0.85653058,0.90539056,1.6827591,0.22442584,-0.52944528,0.04916971,0.13227353
"2277",0.56157271,0.68062179,0.70511198,0.73502632,0.8169936,1.6899591,0.25633232,-0.36660767,0.042623027,0.14198124
"2278",0.74021361,0.66902629,0.77893191,0.86711988,0.97803356,1.7869303,0.34920605,-0.41282906,0.04425687,0.14823826
"2279",0.6030817,0.71480426,0.70515087,0.78171205,0.84469851,1.50975,0.21141608,-0.30227525,0.020660493,0.15627758
"2280",0.67008411,0.711034,0.64477208,0.79180887,0.96151361,1.5688657,0.23724831,-0.31172266,0.028011964,0.15811086
"2281",0.59066177,0.67322342,0.70567912,0.85114088,0.87722633,1.5974227,0.28864316,-0.31434007,0.020392423,0.15394213
"2282",0.65255127,0.66071813,0.7216683,0.80971022,0.85131871,1.6110219,0.2864669,-0.32193186,0.015215384,0.15627046
"2283",0.69942755,0.69973373,0.73774749,0.89371105,0.99379817,1.3345894,0.23492713,-0.37591869,0.024362223,0.13368007
"2284",0.61042075,0.64788412,0.64522064,0.76771089,0.80507238,1.9263503,0.33551579,-0.52023871,0.023351552,0.14287274
"2285",0.64716315,0.73214485,0.6705672,0.76911464,0.86093696,1.9359078,0.3403246,-0.55612104,0.020309407,0.14274578
"2286",0.59165531,0.63247613,0.68898739,0.74715491,0.80891714,2.0891756,0.34944374,-0.66510543,0.032202255,0.14249375
"2287",0.71165524,0.66726654,0.73312983,0.85016016,0.96991053,1.7844124,0.27603481,-0.51520085,0.027412256,0.12806796
"2288",0.79682507,0.73513399,0.69262631,0.79190622,0.88258065,1.9673328,0.20570523,-0.51872403,0.0044412019,0.15167167
"2289",0.68159388,0.69577468,0.73531486,0.84359422,0.87261824,1.5417716,0.21203253,-0.49891702,0.015261761,0.14313513
"2290",0.67683579,0.67965968,0.76652156,0.84790099,0.91814628,1.3260455,0.23267044,-0.50881996,0.018616734,0.14534854
"2291",0.67050616,0.72763266,0.77099147,0.8576409,0.92299265,1.5723194,0.18271729,-0.51500969,0.005910149,0.14495808
"2292",0.66456024,0.63453955,0.74733562,0.86054356,0.82727369,1.4354266,0.25268548,-0.36756518,0.004413378,0.1442998
"2293",0.69194984,0.73850433,0.70250662,0.79173645,0.92201442,1.7938824,0.15138939,-0.28775805,0.0070559765,0.14003482
"2294",0.68114697,0.66162942,0.69578657,0.73112235,0.86951406,1.5342951,0.18304372,-0.42253127,0.011641592,0.14833135
"2295",0.68684236,0.65798149,0.70907306,0.8165435,0.83707284,1.7376657,0.16651626,-0.38076192,-0.0025153056,0.14715437
"2296",0.70317788,0.69248637,0.76592816,0.84218908,0.8852883,1.8696334,0.24947725,-0.33708007,0.01558666,0.1401437
"2297",0.68297025,0.71315145,0.75037228,0.84722717,0.87420778,1.7568214,0.20960142,-0.34111489,0.010278143,0.14371734
"2298",0.68159744,0.70701083,0.68314382,0.8439358,0.86040627,1.8950361,0.27230314,-0.32773712,0.0091317874,0.13681834
"2299",0.69893077,0.7068211,0.74613928,0.79649963,0.9373121,1.4911324,0.28242497,-0.18060284,0.024934132,0.14530674
"2300",0.66630224,0.76670682,0.7272973,0.77314941,0.9159223,1.590654,0.23210507,-0.24520071,0.029607907,0.14923425
"2301",0.6729472,0.73165026,0.74864514,0.88277502,0.9120245,1.5729181,0.21111083,-0.32353709,0.038140547,0.14466065
"2302",0.65946131,0.63498291,0.6854048,0.69591707,0.80468944,1.4541548,0.24077058,-0.38565369,0.044244765,0.12804095
"2303",0.69308092,0.67604765,0.68107658,0.79585097,0.89417884,1.2742129,0.18625978,-0.36765693,0.047994187,0.12844525
"2304",0.68103026,0.6636345,0.71867117,0.82838481,0.91173948,1.4846273,0.14734487,-0.43802603,0.0097104385,0.14227297
"2305",0.64367929,0.73421491,0.7161645,0.79967945,0.90810842,1.2819405,0.25964404,-0.58230063,0.016224318,0.17044131
"2306",0.65047959,0.63072425,0.68527135,0.85552839,0.87640483,1.9769273,0.27260397,-0.35499025,-7.6631429e-05,0.16596466
"2307",0.67131054,0.69983568,0.70900039,0.80422854,0.92440758,1.9958258,0.34161535,-0.35743499,0.0010356011,0.17033592
"2308",0.71524521,0.71048831,0.70903231,0.76112598,0.86612985,1.7277833,0.36386383,-0.3801615,0.016847635,0.17484103
"2309",0.68022236,0.67656282,0.70691062,0.79845817,0.86978972,1.6525898,0.32554021,-0.35341521,0.011464734,0.16984082
"2310",0.68921024,0.72335957,0.73180619,0.96634158,0.89666542,1.4190313,0.4118289,-0.36396936,0.012597963,0.17746432
"2311",0.66244577,0.73601415,0.72540668,0.87747948,0.87252023,1.4305689,0.436468,-0.39795059,0.012857118,0.1767275
"2312",0.61308798,0.73190347,0.76001243,0.7639399,0.90913055,1.7579894,0.19928166,-0.40492042,0.0076731129,0.15358084
"2313",0.68927554,0.6649487,0.7071653,0.85440527,0.84554925,1.4352999,0.29089037,-0.36484676,0.0090552991,0.15350919
"2314",0.60673122,0.66170923,0.72727737,0.78054503,0.90353772,1.3656554,0.25006659,-0.49914406,0.014141075,0.16163271
"2315",0.66891214,0.71471875,0.72815742,0.81898234,0.91362303,1.338185,0.26525638,-0.48825205,0.0091809741,0.1699048
"2316",0.6426864,0.68568534,0.67774282,0.83376301,0.83638228,1.6210703,0.40310811,-0.43714711,-0.0008941942,0.17598221
"2317",0.65942168,0.58833761,0.66506277,0.8455022,0.87415926,1.6346701,0.32203292,-0.42271478,-0.0021186714,0.17230903
"2318",0.65996275,0.58986246,0.66491224,0.84544237,0.87635813,1.6315204,0.33046499,-0.42180117,-0.0040536739,0.17352394
"2319",0.61137805,0.60625618,0.7177939,0.80663056,0.88814348,1.7474874,0.38755237,-0.42988136,0.0032338736,0.16606724
"2320",0.81737421,0.74632239,0.71384988,0.78999481,0.9097065,1.6116343,0.30673604,-0.52231807,0.0065899961,0.16218703
"2321",0.61685579,0.65843918,0.70148374,0.8698592,0.9083986,1.8499642,0.418628,-0.48016181,-0.0032130089,0.17604768
"2322",0.6466592,0.6600779,0.7086464,0.91238835,0.87624132,1.8929989,0.34278066,-0.43281951,-0.0041511317,0.17547631
"2323",0.67848028,0.74798012,0.7264884,0.86365305,0.88077291,1.9154755,0.28288143,-0.45497724,-0.021845535,0.18082072
"2324",0.67294823,0.56933626,0.67848617,0.7565666,0.8646925,1.5930274,0.31268753,-0.31209824,-0.0016838,0.18989232
"2325",0.68782227,0.76526115,0.76943592,0.88485909,0.99938087,1.4745363,0.098714358,-0.25803347,0.0032987674,0.1663288
"2326",0.71907715,0.57655145,0.74905415,0.76436098,0.84822945,1.5893717,0.22130279,-0.19219969,-0.00098184954,0.17670802
"2327",0.64839952,0.57622951,0.69736159,0.8556666,0.86363676,1.3292374,0.15609985,-0.25622298,0.010184632,0.16759575
"2328",0.6657613,0.7296411,0.70043919,0.77096665,0.88789843,1.4501508,0.24348204,-0.18894954,0.0088453325,0.16408861
"2329",0.72294019,0.67661458,0.73045759,0.83092196,0.89859194,1.2610706,0.29941206,-0.14372841,-0.011095223,0.15626848
"2330",0.70204364,0.68392669,0.74814406,0.83216714,0.85194467,1.3439314,0.30330707,-0.14504134,-0.0074161408,0.15632476
"2331",0.6530914,0.66189003,0.67144876,0.82603362,0.90254401,1.3983617,0.29926177,-0.30076819,0.0042667164,0.13555951
"2332",0.70561542,0.68020958,0.72009761,0.84424728,0.89104938,1.4717355,0.22531806,-0.23317462,0.018330947,0.13955457
"2333",0.670786,0.67483355,0.73246283,0.82232815,0.89208849,2.0393975,0.30079008,-0.27888847,0.0083302245,0.15842404
"2334",0.62532643,0.71036997,0.73939002,0.84993366,0.91036004,1.8079041,0.17876525,-0.25780479,0.00069914425,0.14551173
"2335",0.67823059,0.63990584,0.75274528,0.79819926,0.87915997,1.8686996,0.26216199,-0.15501607,-0.003837107,0.14183539
"2336",0.64641169,0.69528764,0.68724412,0.76064818,0.86736619,1.7547964,0.24607318,-0.16942229,0.0042049805,0.14831224
"2337",0.6337308,0.71227753,0.73499083,0.85714647,0.89485531,1.3441195,0.11818548,-0.083218587,0.034395725,0.13155543
"2338",0.64117323,0.68653457,0.73373748,0.89004634,0.87246685,1.3216478,0.13281767,-0.077204681,0.032439678,0.13859534
"2339",0.71932926,0.70539518,0.69798567,0.78323467,0.89134944,1.7089447,0.18688438,-0.28049108,0.04551608,0.14038818
"2340",0.63335223,0.68122018,0.7092067,0.79127975,0.8715608,1.5179277,0.16454075,-0.26234423,0.048352242,0.13807151
"2341",0.69305585,0.72044931,0.72776655,0.86720178,0.93184385,1.4560767,0.20778571,-0.29551095,0.05653807,0.14108437
"2342",0.67724257,0.67497067,0.70053652,0.90451397,0.80909139,1.4218319,0.16198229,-0.28775241,0.056909153,0.14044745
"2343",0.64767741,0.71637195,0.75419981,0.74884103,0.91682107,1.2127442,0.26804355,-0.29329437,0.030504662,0.15116951
"2344",0.61675556,0.65922373,0.71489137,0.83736726,0.83854728,1.6119955,0.31400812,-0.27068553,0.014984249,0.15116482
"2345",0.64580387,0.68328185,0.76933015,0.76614564,0.90386277,1.4605819,0.38008436,-0.19854887,0.032940762,0.15998101
"2346",0.64981067,0.63328367,0.71798262,0.79573645,0.84562047,1.5511921,0.3951428,-0.1828191,0.032699315,0.15837741
"2347",0.70314916,0.75296773,0.74868013,0.81853021,0.93224962,1.9199931,0.28526189,-0.35529001,0.041994925,0.14486582
"2348",0.6253429,0.60630164,0.74020924,0.82159678,0.87031521,1.8367346,0.23065043,-0.33757585,0.051394594,0.15846212
"2349",0.67243481,0.71941487,0.74432823,0.86291096,0.88928163,1.8359082,0.26153052,-0.27750407,0.045619198,0.16907796
"2350",0.67798534,0.70757843,0.72596844,0.85467685,0.89006738,1.6504849,0.25677628,-0.30883245,0.042634726,0.17170608
"2351",0.65392726,0.66244739,0.69616893,0.79738385,0.89823253,1.724635,0.26944963,-0.21994333,0.044712066,0.16801958
"2352",0.71726717,0.71713114,0.72338779,0.84933555,0.94698555,1.5717138,0.24022457,-0.24593985,0.033983389,0.16198902
"2353",0.66899428,0.6933424,0.76596466,0.78391627,0.92193933,1.4190254,0.145212,-0.28990928,0.027342358,0.15437009
"2354",0.67718646,0.65117396,0.67114743,0.85027735,0.831066,1.4909483,0.23810488,-0.38566279,0.034126616,0.14918305
"2355",0.67904858,0.74099019,0.72357555,0.82336106,0.8880749,1.5969646,0.2016602,-0.4152418,0.0364863,0.1429756
"2356",0.70060826,0.60323781,0.7140462,0.85620416,0.96817711,1.4483295,0.16152548,-0.36661542,0.013222407,0.14298645
"2357",0.67085806,0.66011013,0.71719338,0.81422316,0.83583651,1.2598525,0.17467328,-0.24507989,0.027319555,0.13099469
"2358",0.66854843,0.67350945,0.69269399,0.86518084,0.84409568,1.5766326,0.20505768,-0.2578779,0.025958403,0.13447093
"2359",0.68029938,0.65447789,0.73172892,0.83559631,0.8707194,1.1869199,0.11491376,-0.2695364,0.020109549,0.12778041
"2360",0.69012047,0.72226347,0.68808452,0.84840055,0.91569772,1.3060442,0.17880718,-0.23347335,0.016087661,0.11992512
"2361",0.62833543,0.68511908,0.72552038,0.79767126,0.88358981,1.3810552,0.20585569,-0.35948307,0.027780513,0.12858415
"2362",0.69678498,0.74584135,0.7460327,0.83527246,0.94842572,0.99937659,0.16872951,-0.34194964,0.017937073,0.12446399
"2363",0.73540872,0.72803117,0.75244807,0.9349174,0.89032269,1.1173231,0.21109549,-0.30874896,0.0228747,0.12317055
"2364",0.67487053,0.65283895,0.71391992,0.76502766,0.88110868,1.4709711,0.2398752,-0.3033624,0.02289387,0.1286723
"2365",0.73091551,0.69731738,0.74692726,0.85747741,0.84715026,1.4871973,0.19730702,-0.3080686,0.026498384,0.12496459
"2366",0.64277833,0.7201225,0.68923085,0.85955252,0.91437728,1.5698715,0.16969891,-0.25621207,0.011682127,0.13174413
"2367",0.64991152,0.62200545,0.73873137,0.76954189,0.89718157,1.8428235,0.26947063,-0.30085051,0.015073595,0.14172137
"2368",0.6529252,0.70446068,0.74526173,0.74695616,0.87221319,2.0712124,0.30221804,-0.36429209,0.020436218,0.14054031
"2369",0.61149511,0.65076807,0.70021541,0.82720888,0.97047744,1.8575055,0.22612048,-0.32581057,0.018371068,0.13951079
"2370",0.67572074,0.65041697,0.69572308,0.79911925,0.9204228,2.0566445,0.23435649,-0.35354305,0.018624451,0.13795435
"2371",0.63649881,0.76764901,0.76418185,0.82166642,0.89362489,1.9155293,0.15652106,-0.20732677,-1.1957127e-06,0.14094961
"2372",0.62065939,0.7117757,0.70266489,0.9382579,0.95934804,1.9574572,0.19253089,-0.22424364,-0.0022067206,0.13919422
"2373",0.66584734,0.65072152,0.72397306,0.77790133,0.92450125,2.0646633,0.17279411,-0.3071766,0.024508752,0.15500707
"2374",0.66273285,0.74246704,0.7183306,0.79621577,0.8754554,2.0592959,0.16215918,-0.3417714,0.022214148,0.14896578
"2375",0.63434411,0.64909164,0.69225959,0.75936364,0.83951814,2.0867464,0.21799573,-0.34392195,0.027242924,0.15128566
"2376",0.66868374,0.67784813,0.75252032,0.91639118,0.92660842,1.9844433,0.28502597,-0.3469012,0.027905912,0.1512119
"2377",0.59149266,0.63984682,0.65904418,0.75925538,0.79038528,1.9262454,0.22268422,-0.27496756,0.035623,0.15749051
"2378",0.67763236,0.69444962,0.72514716,0.76283469,0.77608942,2.0522319,0.19576732,-0.3974224,0.052968958,0.15542205
"2379",0.67641028,0.65538559,0.76433681,0.81921338,0.9189874,1.7035065,0.17203682,-0.40768356,0.061337969,0.1415485
"2380",0.65801002,0.68069511,0.76000301,0.83842544,0.94001753,1.5953126,0.13471351,-0.45175362,0.056347328,0.14169714
"2381",0.63685029,0.68938663,0.68325516,0.75151215,0.7973652,2.3750827,0.13640006,-0.32495679,0.022581511,0.14478786
"2382",0.67415813,0.69203044,0.80848083,0.93985433,0.89978209,1.5450363,0.13662973,-0.31797578,0.0094773507,0.14787985
"2383",0.64208869,0.73494847,0.72619905,0.78975222,0.84710113,1.946186,0.23874982,-0.32607783,0.038248631,0.13953597
"2384",0.71462846,0.63018964,0.78454078,0.86596712,0.91550681,1.4702185,0.22282752,-0.37686814,0.033294244,0.15093191
"2385",0.74382513,0.71126995,0.72019801,0.77356553,0.8912447,1.7021463,0.25817373,-0.28346946,0.013583983,0.16002052
"2386",0.60862547,0.66805492,0.69034746,0.79106094,0.87116108,2.002451,0.3237433,-0.36231678,0.023408649,0.15349774
"2387",0.66824363,0.66823279,0.74009425,0.8310115,0.92538146,1.6671615,0.26302756,-0.30118476,0.025903544,0.15860734
"2388",0.64289709,0.70369777,0.74985525,0.84196735,0.86479344,1.7188186,0.28586868,-0.35112135,0.0120325,0.15907339
"2389",0.65528533,0.6795696,0.66862924,0.76558059,0.87608508,1.2663344,0.36767092,-0.1798803,0.031932788,0.13941982
"2390",0.59900513,0.67034985,0.79320318,0.81262386,0.9064403,1.5767601,0.20700918,-0.31059636,0.019560783,0.13471302
"2391",0.72463001,0.77136194,0.73592538,0.8399539,0.93227561,1.500359,0.22123854,-0.3081721,0.027105285,0.1503276
"2392",0.65356597,0.65635914,0.76225836,0.81709608,0.9114877,1.6804821,0.26322554,-0.4724042,0.022114705,0.12995483
"2393",0.65586422,0.69461296,0.70463601,0.76281354,0.87726049,1.3730126,0.20839266,-0.45353429,0.020614133,0.12812741
"2394",0.65492765,0.6894267,0.69211005,0.81957576,0.87791401,1.2829283,0.21629852,-0.44975048,0.021235476,0.12875489
"2395",0.71782324,0.70180931,0.76409939,0.87667036,0.87137162,1.4387386,0.18715923,-0.42104845,0.029667557,0.13468497
"2396",0.67870702,0.68335958,0.71757971,0.81412074,0.87989515,1.4750919,0.20962412,-0.3648025,0.020994745,0.1423086
"2397",0.57026709,0.7665094,0.75794727,0.96740376,0.8936542,0.97271312,0.12104323,-0.33611963,0.02433794,0.15322215
"2398",0.71622187,0.59460271,0.6943705,0.71303494,0.82717981,1.6386419,0.20144673,-0.44662396,0.012652984,0.1589765
"2399",0.65016139,0.69468589,0.74542975,0.87221988,0.93709167,1.495295,0.25610365,-0.4184106,0.013293527,0.17216408
"2400",0.68662053,0.73332144,0.73679932,0.85410505,0.93574371,2.0454261,0.24547966,-0.40448763,0.0098671768,0.18425884
"2401",0.63043483,0.66231944,0.72118986,0.83266381,0.91444805,1.7497048,0.18969037,-0.46518957,0.0088240844,0.17013175
"2402",0.67186557,0.71331071,0.74679669,0.8666099,0.88417793,1.2725734,0.1602824,-0.53098084,0.018389939,0.1683132
"2403",0.66551786,0.68513713,0.73117988,0.79879828,0.87616272,1.3453195,0.3735278,-0.39734373,0.039168097,0.14749122
"2404",0.68207459,0.71032419,0.70807312,0.83549411,0.86301763,1.4971339,0.42621475,-0.32334933,0.032065365,0.14336367
"2405",0.68762542,0.66628639,0.75462039,0.82624277,0.92192262,1.6868912,0.40516393,-0.32600848,0.03027875,0.13325973
"2406",0.72244613,0.66341368,0.73170985,0.79009932,0.83298476,1.6489616,0.4375143,-0.3289181,0.025889154,0.15611347
"2407",0.71168387,0.67932165,0.77137072,0.7855951,0.87507757,1.5927923,0.36996071,-0.31675203,0.023387995,0.16372631
"2408",0.69374562,0.68287395,0.75122318,0.79922093,0.96056344,1.491063,0.34093961,-0.25658187,0.027289382,0.16621152
"2409",0.72003056,0.67005342,0.73006596,0.8406356,0.81504721,1.3705734,0.31906633,-0.29170378,0.026726423,0.17909876
"2410",0.6428571,0.7345478,0.70062975,0.75538494,0.92158616,1.4465622,0.28039881,-0.35881088,0.025829764,0.18011696
"2411",0.61241263,0.67393671,0.72182524,0.76724151,0.85759911,1.435508,0.18378902,-0.32996177,0.054893199,0.20240809
"2412",0.66468246,0.70979058,0.71256424,0.85111815,0.94257758,1.7191185,0.2636478,-0.27806561,0.040938178,0.2142358
"2413",0.69932818,0.72781339,0.72156985,0.83048226,0.85325109,1.7580422,0.3342311,-0.13381747,0.01881148,0.19999807
"2414",0.71304169,0.69946124,0.76772472,0.79399214,0.92021428,1.8029203,0.39369635,-0.19038858,0.023571553,0.18668595
"2415",0.62900569,0.62398791,0.67985968,0.85240101,0.85337685,1.4274137,0.13643638,-0.32018923,-0.0014891367,0.21093677
"2416",0.69898749,0.71032845,0.70165086,0.84269587,0.91837311,1.2204343,0.052415867,-0.3397127,0.0030553594,0.19196111
"2417",0.64772539,0.69889261,0.69055656,0.86249515,0.93343779,1.2173822,0.037338788,-0.36028312,0.0081207628,0.19118855
"2418",0.66162749,0.71087436,0.71446566,0.87109515,0.90907852,1.2789319,0.074338732,-0.36530053,0.0079981396,0.18965571
"2419",0.7052624,0.65689423,0.71252608,0.83546697,0.9060649,1.7116369,0.19043479,-0.33681194,0.0070276313,0.19503446
"2420",0.70591892,0.64414802,0.74647625,0.829016,0.88955139,1.3704991,0.086158375,-0.28414213,0.0045406865,0.17825783
"2421",0.73050306,0.7329113,0.74175459,0.85380796,0.90426609,1.3902099,0.059390958,-0.35060382,-0.0077775205,0.17104286
"2422",0.68204171,0.67368609,0.7591663,0.78305357,0.9268334,1.5570481,0.12035485,-0.46404693,0.0019996692,0.18815855
"2423",0.60255965,0.65217568,0.75569606,0.87586229,0.85182141,1.2518925,0.10952843,-0.48002161,0.0098224991,0.18735863
"2424",0.70142603,0.70068849,0.72704407,0.83371597,0.91963177,1.5356123,0.15323191,-0.52175982,-0.0039928639,0.17814774
"2425",0.65762076,0.71863513,0.70328577,0.90392967,0.89636312,1.6720395,0.29098163,-0.38912,0.011708039,0.1733273
"2426",0.66257171,0.75443613,0.70667076,0.76933067,0.87528391,2.9672298,0.27747944,-0.22618211,0.01545943,0.16342224
"2427",0.62042918,0.70216268,0.80109337,0.83464209,0.86134149,2.5124667,0.27427144,-0.2779111,0.017614161,0.16929432
"2428",0.70986234,0.60613946,0.73281745,0.83194689,0.91366984,1.1392603,0.26524257,-0.52199758,0.049521812,0.16042843
"2429",0.7089904,0.69400389,0.71621081,0.78041082,0.93812738,1.2710065,0.16769285,-0.42439346,0.042288517,0.16960714
"2430",0.72396184,0.708082,0.76764485,0.74513744,0.91045213,1.3784096,0.1661016,-0.38721464,0.039871768,0.16620355
"2431",0.60876072,0.68674987,0.73859301,0.86873098,0.9113747,1.2930807,0.20415823,-0.34558915,0.036760788,0.17642944
"2432",0.63557791,0.67406378,0.69409518,0.87910413,0.92202971,1.4849398,0.20655521,-0.33097427,0.038222618,0.17865843
"2433",0.67212746,0.65431085,0.70743419,0.76539608,0.91831855,1.4097873,0.27856539,-0.4164891,0.045854333,0.17474838
"2434",0.66300146,0.69965431,0.68762636,0.88966097,0.83502062,1.1134879,0.18684253,-0.46329689,0.038013325,0.19167687
"2435",0.71817948,0.64868621,0.72912196,0.85555571,0.90851463,1.4306177,0.19369752,-0.46438895,0.045017095,0.19586955
"2436",0.75273569,0.75319082,0.75161188,0.86078404,0.84789164,1.3816051,0.25772519,-0.42255227,0.051999804,0.18471222
"2437",0.64601569,0.67055745,0.69833004,0.72641857,0.82226179,1.453976,0.2340538,-0.46154094,0.048374365,0.18013525
"2438",0.66064783,0.66918292,0.71200564,0.91952683,0.97075676,1.963656,0.30505391,-0.43763564,0.034137064,0.1722457
"2439",0.68349304,0.60280706,0.7730919,0.81023217,0.89917824,1.8200545,0.25164672,-0.4383114,0.037789624,0.17173712
"2440",0.67665988,0.61292228,0.77896263,0.82618125,0.91045478,1.9116253,0.25512084,-0.43199836,0.038967786,0.17114316
"2441",0.61867711,0.75985083,0.65655255,0.78803647,0.84555326,1.8472121,0.3046042,-0.42341624,0.033892952,0.15924427
"2442",0.695339,0.61463928,0.72758982,0.82294249,0.91745997,1.5969254,0.22900343,-0.21166224,0.036451078,0.17487304
"2443",0.67496524,0.61254364,0.69534043,0.85277006,0.94703965,1.5101113,0.24282175,-0.20556716,0.034532572,0.17497045
"2444",0.63781888,0.71666666,0.66632534,0.83475997,0.82837355,1.7480336,0.40701483,-0.28758165,0.023208127,0.17240816
"2445",0.69984004,0.67532783,0.68807588,0.83310426,0.91480641,1.3244284,0.24169633,-0.36336211,0.023735517,0.18011357
"2446",0.64429496,0.64781755,0.77415488,0.68436353,0.90829476,1.2857297,0.25231282,-0.37615812,0.019620378,0.17871794
"2447",0.63812868,0.71743066,0.71123757,0.89717119,0.90531716,1.573583,0.34625053,-0.41053194,0.025530298,0.16444804
"2448",0.7078479,0.6797651,0.72613588,0.81806832,0.96268817,1.6977291,0.34987527,-0.37799972,0.026306982,0.1611393
"2449",0.62778364,0.70554282,0.68843979,0.8030995,0.87999328,1.7168793,0.33293565,-0.41620158,0.017876369,0.14627479
"2450",0.71047356,0.67346155,0.75273186,0.82058542,0.96963974,1.6853682,0.33796309,-0.34324581,0.047109011,0.13383927
"2451",0.60174212,0.6923454,0.70032305,0.82002141,0.86746632,1.4011635,0.24437495,-0.32731725,0.043894495,0.14258329
"2452",0.68930126,0.68068709,0.76706156,0.82603725,0.8801988,1.7844837,0.14184685,-0.34504307,0.049807399,0.13910632
"2453",0.69280254,0.73738724,0.72016147,0.86694695,0.91564889,1.8437637,0.1789748,-0.3846578,0.047010617,0.14281726
"2454",0.60413798,0.65848147,0.71251754,0.78739788,0.92474471,1.5239441,-0.0033512567,-0.56380788,0.038749757,0.15645143
"2455",0.6110913,0.66537493,0.68999595,0.8030155,0.85613121,1.9727312,0.20966238,-0.533121,0.036911823,0.15663618
"2456",0.76468809,0.78432209,0.77269508,0.85352525,1.0076989,1.9213703,0.27186159,-0.26735109,0.029490332,0.15059619
"2457",0.60551157,0.67174378,0.71306872,0.80816025,0.83329503,1.4386093,0.2334889,-0.351137,0.018329262,0.15776876
"2458",0.72058185,0.67845907,0.75209185,0.85594264,0.95128353,1.3455954,0.2296898,-0.25025819,0.013474679,0.16564548
"2459",0.52819279,0.68070352,0.73459672,0.80721239,0.83768163,1.9727152,0.26048805,-0.40582663,0.0097604733,0.15217293
"2460",0.62606692,0.67642006,0.70806787,0.7809089,0.83435681,2.0868487,0.33198213,-0.39654081,0.015645844,0.1643196
"2461",0.60039225,0.69104207,0.70232612,0.83350215,0.84461801,2.0315346,0.26401375,-0.43737521,0.018157552,0.16553496
"2462",0.67409065,0.72493596,0.69383407,0.81740819,0.91560167,1.405538,0.2569207,-0.42709314,0.031212467,0.15823583
"2463",0.71106091,0.62874879,0.77802537,0.80738552,0.94077659,1.5914941,0.26495659,-0.43947786,0.034169909,0.16117901
"2464",0.67566819,0.70284951,0.69902498,0.81196595,0.92579545,1.6690382,0.16337076,-0.44690061,0.039361023,0.14370185
"2465",0.74506966,0.7228771,0.78724291,0.87066931,0.91145222,1.6326114,0.1443456,-0.44190355,0.039452348,0.14372217
"2466",0.69749553,0.69739836,0.70694202,0.74470811,0.8821395,1.6303429,0.1836708,-0.32786919,0.033120915,0.13350751
"2467",0.6748704,0.75652393,0.76609182,0.86279123,0.91837146,1.258314,0.1940717,-0.26750244,0.020106411,0.12606043
"2468",0.64956116,0.69348023,0.702886,0.80681599,0.89704815,1.5761058,0.23144083,-0.24587488,0.0025967934,0.13792924
"2469",0.63752498,0.72475127,0.77262512,0.85838864,0.89113493,1.1970569,0.25728256,-0.27076873,0.0013255083,0.14504602
"2470",0.61772438,0.63548369,0.68836164,0.83601375,0.90871852,1.2433697,0.19438598,-0.34892296,0.025030276,0.14326711
"2471",0.71398009,0.72065557,0.7359573,0.84066689,0.92137801,1.1265007,0.16154622,-0.30798959,0.026131158,0.15617143
"2472",0.68302659,0.77045487,0.76361474,0.84930026,0.92731461,1.4109068,0.1803133,-0.25775165,0.025421573,0.15834339
"2473",0.68230082,0.64239815,0.74244078,0.83172616,0.89220886,1.4653494,0.19556123,-0.30785057,0.018557627,0.16320977
"2474",0.7125761,0.75438113,0.74740658,0.84341998,0.87724234,1.4807028,0.28213927,-0.25769976,0.02393109,0.15939303
"2475",0.71344737,0.62341983,0.74451714,0.88603268,0.95760791,1.3777771,0.24235828,-0.21287186,0.027948708,0.15693132
"2476",0.68837541,0.69105575,0.70034231,0.79372145,0.83117505,1.4014651,0.27147781,-0.17115942,0.029648196,0.15346811
"2477",0.70861305,0.69379475,0.73402564,0.83537305,0.93911499,1.1352825,0.34280082,-0.23485143,0.022483634,0.15213574
"2478",0.70819208,0.65434672,0.78247937,0.82678802,0.94021116,1.1801155,0.31577149,-0.27697819,0.021805698,0.15222341
"2479",0.62495883,0.68070987,0.73003263,0.80675403,0.82687416,1.1532166,0.34357482,-0.2139235,0.015763737,0.1520216
"2480",0.66466195,0.70315976,0.71104533,0.82501835,0.91661695,1.0353822,0.24026227,-0.24947723,0.019597237,0.1566547
"2481",0.68987967,0.65354194,0.73578328,0.78365832,0.83573304,1.625822,0.2197506,-0.2641132,0.03921406,0.14541326
"2482",0.66102698,0.68766201,0.70603572,0.77612569,0.83635749,1.6726666,0.22088239,-0.28945087,0.035058147,0.14771867
"2483",0.52920081,0.65981738,0.69099767,0.83949915,0.89032673,1.5475794,0.11970742,-0.44261669,0.033986473,0.15200438
"2484",0.56681216,0.72809049,0.66405846,0.79655094,0.88271113,1.5292746,0.10865363,-0.38031006,0.046831059,0.15417413
"2485",0.72208993,0.69624887,0.74316762,0.84160075,0.90859248,1.6491291,0.22032053,-0.31885835,0.031194238,0.14851624
"2486",0.64523372,0.72010078,0.68293462,0.82297781,0.85236376,1.5569905,0.29525764,-0.29631358,0.027269342,0.1307002
"2487",0.69290991,0.68109186,0.65764794,0.78873818,0.87102814,1.5503822,0.19660354,-0.47969865,0.021509973,0.14702328
"2488",0.64656263,0.69037216,0.70734916,0.82461064,0.88738542,1.2086651,0.44007159,-0.29895851,0.012704384,0.14690003
"2489",0.74763558,0.73008817,0.72525763,0.84581699,0.9647331,1.084349,0.42302448,-0.33232122,0.023144521,0.15226921
"2490",0.59893822,0.67150459,0.69786898,0.81093035,0.85213911,1.415866,0.21529401,-0.25320437,0.0091083557,0.16322015
"2491",0.67011435,0.68865516,0.74344181,0.85131153,0.90696374,1.4028795,0.28199159,-0.29333805,0.0082345688,0.15885712
"2492",0.72624041,0.74250353,0.73249985,0.76289933,0.91278698,1.3551133,0.28507767,-0.2932223,0.0026455454,0.14939107
"2493",0.65528783,0.64040022,0.69135462,0.8479157,0.84626629,1.5081866,0.32358761,-0.21668501,0.020456041,0.15276514
"2494",0.66617384,0.67820242,0.7284032,0.83124107,0.89869127,1.7341549,0.31284148,-0.27059616,0.0304286,0.14835484
"2495",0.67121666,0.66383076,0.73783257,0.80098655,0.85357234,1.9350545,0.31909581,-0.31494745,0.029841646,0.15247089
"2496",0.68441418,0.66638715,0.70717196,0.73558363,0.92504815,2.0614956,0.28620205,-0.25778909,0.033336813,0.15420123
"2497",0.67261194,0.72387795,0.7212182,0.84196688,0.80199847,2.2215062,0.27626958,-0.22643895,0.030710378,0.15676684
"2498",0.63409817,0.63941917,0.74022102,0.89241281,0.94879585,1.3910563,0.31654307,-0.29883113,0.030596597,0.16473863
"2499",0.65982445,0.68844098,0.69728626,0.75826424,0.81676899,1.8145032,0.23282584,-0.39304462,0.031138413,0.1682471
"2500",0.56283767,0.69183731,0.71267305,0.75609254,0.8582669,1.7150902,0.26982562,-0.41053436,0.024499607,0.1717156
"2501",0.72678047,0.73620039,0.77709847,0.84491102,0.9207263,2.0355548,0.37955721,-0.40687481,0.0096754926,0.22398104
"2502",0.69404847,0.63981955,0.67586369,0.83435276,0.8693266,2.2837723,0.39406087,-0.41667363,0.014273869,0.21700159
"2503",0.66915279,0.73788194,0.73311049,0.85661676,0.87579791,1.9706553,0.41276455,-0.47651544,0.021396489,0.22168471
"2504",0.68154442,0.65542277,0.76373502,0.82516674,0.92175209,1.4469271,0.33814808,-0.43870146,0.023036411,0.20119948
"2505",0.69319018,0.65513546,0.73374096,0.84732456,0.93087261,1.5152386,0.32761532,-0.43254853,0.02367546,0.2005009
"2506",0.69650455,0.70807457,0.73266893,0.84603088,0.90681277,1.4420936,0.35942842,-0.27691298,0.033543459,0.2018276
"2507",0.65357021,0.66675375,0.77041503,0.79879571,0.90867063,1.7172579,0.18908838,-0.33616909,0.039153381,0.1759561
"2508",0.58604166,0.73930083,0.71295971,0.77208519,0.8946057,1.6368828,0.19336791,-0.32328494,0.035564008,0.16576293
"2509",0.68429111,0.62021293,0.72615397,0.83410148,0.8647124,1.7883816,0.2323285,-0.34264797,0.03833612,0.16859741
"2510",0.6675257,0.61435505,0.72836811,0.86321997,0.85358968,1.765645,0.21395047,-0.3380006,0.03671953,0.17262892
"2511",0.68043558,0.74508682,0.69435932,0.71395535,0.85020222,1.3085479,0.28883255,-0.32502897,0.069349482,0.18402683
"2512",0.69944445,0.6531083,0.74922632,0.99115442,0.89210997,1.2101737,0.18729653,-0.36799691,0.050397804,0.17043123
"2513",0.66592607,0.60443035,0.75630053,1.0089814,0.91663824,1.2647072,0.19015146,-0.33287406,0.050106614,0.17458074
"2514",0.65297227,0.7508048,0.69900566,0.6860908,0.83882469,2.3138493,0.34991891,-0.26641141,0.023315924,0.1695702
"2515",0.56762072,0.61796844,0.78565375,0.90102557,0.9293272,1.7269336,0.32987242,-0.33449341,0.018300365,0.15080309
"2516",0.66585032,0.62377896,0.70755743,0.82563957,0.86677311,2.1297443,0.23939064,-0.34222127,0.030983569,0.14616357
"2517",0.74318081,0.67802809,0.67086022,0.79468658,0.86821175,2.0304054,0.24439422,-0.34929708,0.027671428,0.15887277
"2518",0.70636673,0.70288905,0.72659447,0.80571888,0.93579535,2.0174286,0.1972097,-0.2358415,0.033698509,0.16472694
"2519",0.60461725,0.68276984,0.76378502,0.7981029,0.85535837,1.7351452,0.23779101,-0.31129492,0.024400263,0.16341359
"2520",0.62949318,0.67618874,0.64839401,0.80108507,0.89927512,2.1213465,0.24723831,-0.33879117,0.019396686,0.14168399
"2521",0.67148771,0.69448349,0.77263134,0.79346324,0.84253539,1.758277,0.22465641,-0.23091521,0.024047556,0.16088636
"2522",0.65683069,0.69492494,0.78282687,0.72914489,0.82404036,1.8664936,0.24066313,-0.20298297,0.028111917,0.1623426
"2523",0.66752165,0.68252824,0.69804704,0.77194405,0.93899471,1.7998097,0.19367702,-0.23077038,0.037981795,0.17549423
"2524",0.68378258,0.65695486,0.77774492,0.74776829,0.81599123,1.9113167,0.3458274,-0.27962403,0.028667254,0.17916304
"2525",0.68518836,0.67335081,0.78604906,0.75940813,0.82893777,1.9466447,0.27514119,-0.24768517,0.025328961,0.1776932
"2526",0.68460463,0.70359582,0.64653595,0.85206547,0.9181724,1.6899892,0.19779098,-0.32856687,0.046612319,0.17902512
"2527",0.69424667,0.70294892,0.78798551,0.86791691,0.91426949,1.7155659,0.24327425,-0.35989237,0.047478728,0.17291703
"2528",0.63527744,0.66636899,0.76746753,0.85264374,0.90665786,1.5731812,0.23425931,-0.41840875,0.044200623,0.16983495
"2529",0.73304532,0.63739949,0.69213496,0.80468812,0.86461109,1.7285495,0.11618891,-0.18358705,0.045341989,0.16158876
"2530",0.71758841,0.66369703,0.73752093,0.79160272,0.8939569,1.8399001,0.23146822,-0.27248202,0.027630576,0.16547603
"2531",0.74860328,0.64803648,0.71397457,0.83930278,0.88332898,1.8776539,0.25123439,-0.15784391,0.033867598,0.15562617
"2532",0.63292491,0.78079434,0.74428181,0.80191131,0.90032807,1.6283222,0.32407026,-0.20044671,0.033631666,0.1495586
"2533",0.61122288,0.63021088,0.68363073,0.75102795,0.84221912,1.5773987,0.20998494,-0.20965067,0.022151779,0.14178698
"2534",0.71759782,0.73169509,0.73929056,0.80972329,0.96067354,1.867246,0.1898366,-0.12444323,0.022180031,0.15531973
"2535",0.70661957,0.6940877,0.78463531,0.81647003,0.92492414,1.7977831,0.30223461,-0.19315874,0.027981537,0.15696329
"2536",0.71558807,0.7132899,0.79777946,0.82915748,0.91568704,1.7119091,0.28032216,-0.2456655,0.023584007,0.15609069
"2537",0.64279275,0.56964233,0.65526623,0.82894202,0.90790493,1.3637845,0.27275698,-0.22199305,0.032912802,0.17825368
"2538",0.67630458,0.5966945,0.68441803,0.82117769,0.90488532,1.4600012,0.29405473,-0.22824588,0.043601707,0.17798113
"2539",0.58577226,0.63743222,0.68013677,0.84602344,0.84029029,1.6168138,0.28581516,-0.26012284,0.033298965,0.17420829
"2540",0.71036445,0.67721155,0.65306077,0.72942349,0.81698395,1.6660595,0.2724309,-0.36247175,0.041261385,0.15915082
"2541",0.64816635,0.66884483,0.78465505,0.88731448,0.95929774,1.3856623,0.34660976,-0.28120355,0.014371789,0.14395191
"2542",0.67755006,0.63166568,0.63050265,0.77767544,0.82056396,1.7997479,0.38507082,-0.26996193,-0.011269381,0.15815295
"2543",0.73865564,0.67554458,0.73286591,0.82072211,0.89084144,1.5205602,0.16680562,-0.43891912,0.058345181,0.1726508
"2544",0.67596415,0.71611741,0.79549093,0.87123685,0.91058398,1.3243801,0.12518977,-0.42289782,0.053528989,0.18694354
"2545",0.68259413,0.73880458,0.70693492,0.89730898,0.8715107,1.5643188,0.10338612,-0.38361731,0.049982672,0.17567479
"2546",0.6550691,0.69477789,0.70140779,0.85623967,0.90027284,1.5619708,0.097707393,-0.35713083,0.047066618,0.17209061
"2547",0.7195693,0.77187124,0.64400363,0.86894393,0.94395392,1.4584549,0.038076667,-0.4041184,0.038825818,0.16757629
"2548",0.69676621,0.76507391,0.64914042,0.82162847,0.97257436,1.5777486,0.10809503,-0.40952538,0.038404408,0.16520813
"2549",0.62733519,0.65073312,0.71578564,0.845,0.83114946,1.2857331,0.17870077,-0.36982589,0.009153703,0.14716111
"2550",0.70713468,0.75772399,0.75433435,0.799758,0.93758803,1.1827208,0.075092292,-0.22699574,0.0081422055,0.1689308
"2551",0.61808389,0.75959811,0.72821164,0.78665823,0.8951822,1.2621073,0.084617012,-0.22977961,0.0046615607,0.15999915
"2552",0.66665179,0.64730774,0.66705425,0.81154627,0.90109337,1.6815709,0.1550941,-0.33144844,0.0064764399,0.1682862
"2553",0.59065557,0.70446517,0.70172311,0.78999184,0.83253846,1.5071777,0.17232732,-0.22521815,0.011308274,0.16932647
"2554",0.58661765,0.69362333,0.64585402,0.76371995,0.87308592,1.403723,0.20684195,-0.21726193,0.0038469602,0.16444271
"2555",0.71004252,0.66126374,0.74654692,0.83586678,0.85011245,1.7263279,0.21698332,-0.20715542,0.004762081,0.18786272
"2556",0.72047663,0.64860661,0.72505071,0.81553574,0.77329691,1.8798429,0.25111755,-0.24285319,0.0085503351,0.1857139
"2557",0.80275813,0.66299423,0.67302307,0.86722065,0.9143292,1.7152904,0.23957213,-0.20942087,0.0099892448,0.17960406
"2558",0.65810299,0.64457604,0.72310663,0.77281598,0.92552409,1.8711562,0.22008296,-0.29224044,0.01894319,0.15365974
"2559",0.68438759,0.70137811,0.72151505,0.86923387,0.86912144,1.380207,0.099983302,-0.29563028,0.021012259,0.16714676
"2560",0.63733522,0.7421742,0.72674506,0.84402463,0.86808964,1.2422891,0.18641131,-0.21891745,0.033034289,0.16103251
"2561",0.74036389,0.64213777,0.71505857,0.81124159,0.89724887,1.3361878,0.15216776,-0.21517417,0.031985943,0.16561756
"2562",0.5984035,0.72474566,0.74970355,0.7065863,0.92091852,1.7063072,0.26364345,-0.33176125,0.039003603,0.15861051
"2563",0.64623433,0.65045819,0.7462861,0.85259842,0.91136188,1.7501169,0.15671057,-0.41825747,0.033554577,0.14612166
"2564",0.6480822,0.69629003,0.72198145,0.85502105,0.89715687,1.4789162,0.24732732,-0.48282976,0.041000486,0.14400142
"2565",0.62193175,0.73168094,0.71087419,0.86580358,0.90972754,1.3929259,0.23424914,-0.44457535,0.040956062,0.14863338
"2566",0.64953542,0.69824179,0.75907859,0.85806712,0.89796271,1.5280433,0.22589084,-0.4930626,0.04562689,0.14346684
"2567",0.65280779,0.64548032,0.72064301,0.77319565,0.89499478,1.2830533,0.26603958,-0.39903424,0.053944839,0.14924676
"2568",0.65907259,0.64677104,0.76691434,0.82663933,0.89429773,1.68068,0.37478739,-0.38823603,0.053466321,0.14235551
"2569",0.67858784,0.68983923,0.73869468,0.7450368,0.89599551,1.7979223,0.27239644,-0.45962273,0.03476864,0.12913693
"2570",0.66905458,0.7125787,0.67701972,0.73571867,0.88420899,1.6920349,0.28581441,-0.45925348,0.033108294,0.12371148
"2571",0.73098904,0.70789495,0.77834869,0.76059469,0.8898839,1.3201865,0.25174156,-0.33974372,0.027582247,0.12679163
"2572",0.64847179,0.7674005,0.74903525,0.78210778,0.90772276,1.4819074,0.15703696,-0.30345593,0.022389031,0.13262387
"2573",0.64609223,0.6074799,0.66673972,0.85410926,0.87333826,1.8331331,0.26531928,-0.25340301,0.021807388,0.13404776
"2574",0.58571638,0.62662611,0.63885227,0.83933741,0.88546467,1.693189,0.34951879,-0.31871536,0.012606752,0.13292752
"2575",0.74512959,0.75780424,0.74637617,0.82538292,0.90030918,1.7906687,0.25340289,-0.32918715,-0.00092602226,0.13577949
"2576",0.63598113,0.71782741,0.70349428,0.8129346,0.82458329,1.3538365,0.29241859,-0.45299506,0.03117606,0.14467892
"2577",0.66737598,0.64444981,0.68486628,0.74701472,0.90390401,1.754948,0.35391033,-0.26657197,0.042025052,0.14553511
"2578",0.6581019,0.62800889,0.75870267,0.82181006,0.87529847,1.7482918,0.40901474,-0.30696768,0.046494026,0.14550459
"2579",0.7015854,0.73956487,0.71357894,0.87385054,0.92893085,2.2217005,0.40375544,-0.32766234,0.034706721,0.14971395
"2580",0.57612956,0.60241836,0.74514977,0.71183897,0.75805809,2.0130374,0.40545126,-0.32069984,0.02776342,0.15092148
"2581",0.76787204,0.66181253,0.73036807,0.89315798,1.0173327,1.7122509,0.25482461,-0.20301916,0.054982345,0.15369641
"2582",0.61420854,0.627443,0.70236958,0.77877338,0.75681345,2.0363903,0.26133267,-0.3663884,0.05703628,0.17140714
"2583",0.63180155,0.70032269,0.67416689,0.79069731,0.79459286,2.1562465,0.24044622,-0.35348469,0.057353904,0.17050019
"2584",0.65555425,0.66816625,0.69548036,0.70466786,0.81527974,1.6568555,0.35396337,-0.3527824,0.04748781,0.16386646
"2585",0.70988458,0.68179958,0.72242765,0.85129229,0.93459966,1.3696007,0.28244736,-0.47578612,0.040730284,0.16813323
"2586",0.62604311,0.69683726,0.68322677,0.80680429,0.87856371,1.8736947,0.16987925,-0.43252299,0.025401263,0.15848512
"2587",0.70587453,0.70187788,0.77393707,0.88102507,0.90864684,1.5910551,0.18897508,-0.30275467,0.032864769,0.15897191
"2588",0.65321379,0.72233051,0.67747508,0.8874401,0.84671053,1.7447679,0.20075342,-0.2159667,0.028594865,0.15548244
"2589",0.65560276,0.67883925,0.69427477,0.809511,0.91292226,1.8417322,0.26760864,-0.23647201,0.031436355,0.15728846
"2590",0.66098076,0.72509204,0.72082966,0.89477508,0.88076416,1.869351,0.15428911,-0.34403931,0.02560568,0.14985782
"2591",0.76713223,0.69567725,0.71904111,0.77496456,0.88422232,1.562598,0.23801348,-0.34749135,0.021527766,0.15161279
"2592",0.64012361,0.73310353,0.72947923,0.86635229,0.90069406,1.6147999,0.25444747,-0.41842921,0.047265447,0.15184652
"2593",0.70851819,0.66963472,0.71470105,0.82099441,0.89532589,1.3396799,0.27796658,-0.40947901,0.047932583,0.16231884
"2594",0.67675368,0.68607747,0.72714874,0.83106708,0.90265174,1.0910045,0.1816646,-0.39241977,0.022540431,0.16301824
"2595",0.69130796,0.68910209,0.70464142,0.81833033,0.90992402,1.2262426,0.2988263,-0.30201804,0.034516498,0.16322311
"2596",0.67830198,0.64076611,0.72882494,0.82268444,0.91702054,1.2867606,0.23385618,-0.27897852,0.029979168,0.16214353
"2597",0.69083723,0.70966385,0.72312715,0.811717,0.91608834,1.2644299,0.30281211,-0.38514302,0.043906894,0.16092045
"2598",0.63532017,0.62610998,0.73330988,0.82769864,0.91242018,1.2921909,0.33697523,-0.42831421,0.039405592,0.17687839
"2599",0.65392233,0.70839615,0.70225556,0.90000484,0.90400855,1.1403795,0.31582028,-0.35539118,0.03924275,0.1532917
"2600",0.64021427,0.65204723,0.75186631,0.70772411,0.80733328,1.2273111,0.31655294,-0.4031935,0.035710699,0.15848204
"2601",0.59046404,0.68533334,0.66773168,0.78973618,0.86719144,1.3954065,0.29570239,-0.30084462,0.037242042,0.15524871
"2602",0.61832716,0.63534455,0.74784811,0.77888947,0.89527426,1.3812265,0.27872032,-0.43407518,0.048860016,0.14395932
"2603",0.63516875,0.66026485,0.67688973,0.74932387,0.88536476,1.2406922,0.3005872,-0.33536993,0.038531726,0.14712418
"2604",0.74018326,0.66010105,0.69382694,0.80945004,0.90250289,1.5401864,0.25270497,-0.35494107,0.018048729,0.14548548
"2605",0.5301032,0.62905376,0.6326072,0.81696823,0.8354819,1.6518031,0.35309228,-0.47675071,0.020778165,0.14231437
"2606",0.61108256,0.67797639,0.67189355,0.81534753,0.8334444,1.5853047,0.25816505,-0.45088196,0.023234632,0.14895214
"2607",0.77195505,0.59287191,0.83779591,0.79859078,0.91997849,1.2772459,0.25697574,-0.36833628,0.014216116,0.16466354
"2608",0.63521868,0.675309,0.74409459,0.78400382,0.93623322,1.1859031,0.30434311,-0.31513596,0.0096731216,0.16106052
"2609",0.64697378,0.69086769,0.69111112,0.77979205,0.86268994,1.6924134,0.37570805,-0.30748003,0.0026858373,0.15233982
"2610",0.58923648,0.69247939,0.76857973,0.76833344,0.895559,1.1842684,0.34538606,-0.42228261,0.025859192,0.15593799
"2611",0.72030543,0.70796574,0.7003472,0.82709555,0.87147621,1.2219752,0.37783684,-0.46624939,0.028417073,0.1393996
"2612",0.69313521,0.70191256,0.72213553,0.77835587,0.97526962,1.3654872,0.25602858,-0.34505465,0.010910004,0.14514722
"2613",0.65253184,0.72566286,0.66524993,0.94349279,0.89083017,1.7850183,0.26699361,-0.22484197,0.018187341,0.1416529
"2614",0.67077318,0.72022819,0.78824203,0.89509217,0.90585653,1.8206728,0.23323848,-0.24442304,0.0059619401,0.1514513
"2615",0.67505435,0.71469689,0.82946225,0.92367494,0.91014347,1.8464656,0.23516834,-0.25929276,0.0084121459,0.15095372
"2616",0.69295021,0.71634412,0.71032512,0.77577188,0.90254487,2.0395677,0.15646517,-0.28582469,0.00867449,0.15636923
"2617",0.64266883,0.66177722,0.73897258,0.79217638,0.86283582,1.6074304,0.3132093,-0.42903907,0.037660839,0.1670125
"2618",0.67822945,0.73006732,0.69502565,0.81398896,0.91740016,2.0167785,0.27860238,-0.33547226,0.012792492,0.16275705
"2619",0.60486036,0.65850963,0.71411256,0.85961634,0.89467977,2.0371781,0.460706,-0.37664849,-6.1229401e-05,0.16781146
"2620",0.6645512,0.7056716,0.67656054,0.84896199,0.92188526,1.6290373,0.34801234,-0.37275132,0.0021005933,0.16858
"2621",0.61894106,0.65920023,0.7456057,0.87952512,0.90084289,1.4875729,0.29988412,-0.41163634,-0.019091719,0.17661147
"2622",0.58856821,0.64350716,0.6613891,0.83736422,0.90969531,1.3082158,0.30296089,-0.34697651,-0.012561669,0.18032546
"2623",0.65434727,0.67669586,0.7165864,0.76038515,0.81272783,1.2620269,0.32921362,-0.26093817,-0.0066857216,0.1692756
"2624",0.66333135,0.64134722,0.67879563,0.74732752,0.94356943,1.2704366,0.30220712,-0.23520918,0.0052040062,0.16546378
"2625",0.70731753,0.69631261,0.77254669,0.80084784,0.97125226,1.5138643,0.36851928,-0.18101966,0.014515631,0.1818389
"2626",0.64228994,0.67017849,0.73331552,0.90341227,0.93909124,1.4851432,0.37922667,-0.25456492,0.011586847,0.1849791
"2627",0.69451557,0.7294904,0.71907474,0.81058283,0.85133271,1.7822756,0.28991605,-0.2506352,0.027940081,0.16196838
"2628",0.71020056,0.64641321,0.72549888,0.81649258,0.83444755,1.361267,0.21565445,-0.36926037,0.01301877,0.15451858
"2629",0.59774231,0.71736883,0.69590182,0.80963682,0.88088005,2.0294186,0.16818408,-0.33857894,0.037633909,0.16642232
"2630",0.69620941,0.61854094,0.71887148,0.80096921,0.90691666,1.8266394,0.1969801,-0.42332523,0.037078499,0.15442525
"2631",0.59278599,0.76110531,0.72446401,0.81008542,0.8572847,1.4164724,0.19563507,-0.38932005,0.050776234,0.14838071
"2632",0.65918808,0.66227728,0.73937364,0.809654,0.87580251,1.3320005,0.20765181,-0.40700896,0.048663989,0.16432226
"2633",0.64223962,0.68605593,0.71883364,0.78917136,0.95129537,1.2584891,0.19798014,-0.40222891,0.045152549,0.16453516
"2634",0.70575154,0.63664948,0.71644876,0.81669687,0.91449792,1.4319626,0.152795,-0.38613112,0.058745781,0.17149961
"2635",0.65443874,0.70592523,0.72596942,0.84825402,0.86830784,1.3880974,0.19515837,-0.38344116,0.036873328,0.16821413
"2636",0.61620515,0.70487139,0.71691054,0.88652428,0.81468028,1.4121287,0.19215003,-0.37602564,0.044373884,0.18448513
"2637",0.69885836,0.71635629,0.76097408,0.84480733,0.98098848,1.6036552,0.31942028,-0.3787877,0.027029609,0.16254918
"2638",0.71044507,0.69002351,0.71470994,0.74894975,0.79523151,1.7787653,0.27286696,-0.33936525,0.022974971,0.148798
"2639",0.62963571,0.68726889,0.74414189,0.8304992,0.85285472,1.3358504,0.23855952,-0.30209498,0.043830314,0.14007503
"2640",0.6714466,0.66514607,0.73637221,0.85449884,0.81164473,1.6222604,0.31151217,-0.16997728,0.048466555,0.14513316
"2641",0.64033631,0.66443943,0.63958189,0.82166768,0.89873544,1.6465149,0.17917143,-0.21695749,0.025796897,0.1481084
"2642",0.67517239,0.67974319,0.72847049,0.80167558,0.88911336,1.8623975,0.37945387,-0.24550516,0.036987291,0.15171572
"2643",0.7189206,0.68041598,0.73482289,0.81334598,0.89392281,1.7371456,0.37510021,-0.29858948,0.032989101,0.15575963
"2644",0.67269396,0.74900276,0.7402624,0.80136511,0.85556559,1.3768085,0.45612449,-0.25548975,0.032182276,0.14600875
"2645",0.73719329,0.72752483,0.74530863,0.85304642,0.94720229,1.2401358,0.48793239,-0.24175412,0.032446105,0.14560857
"2646",0.73876792,0.7004728,0.73652064,0.87332423,0.9264283,1.3029715,0.50114413,-0.25239778,0.037134571,0.14590906
"2647",0.67080531,0.68496969,0.74149099,0.74919606,0.92281302,1.4837767,0.24669128,-0.35552794,0.030860619,0.16987603
"2648",0.621003,0.69933848,0.69618277,0.80727636,0.88160244,1.6509362,0.16515827,-0.36298262,0.022543363,0.15695621
"2649",0.72326875,0.68851234,0.72098221,0.84207764,0.94895143,1.9663513,0.21095243,-0.18606033,0.019898378,0.15536986
"2650",0.64685851,0.65365724,0.7154599,0.82713962,0.88934525,1.7657568,0.20565145,-0.24812679,0.021824337,0.15080845
"2651",0.61852267,0.71022289,0.72076869,0.80278139,0.87948466,1.6620717,0.21759718,-0.26384544,0.020065284,0.15374241
"2652",0.60227869,0.73039191,0.73775576,0.82671402,0.88011736,1.5908693,0.18907044,-0.2253312,0.014558396,0.1579334
"2653",0.66240865,0.67888242,0.66257456,0.78925432,0.85944378,1.7076341,0.16279294,-0.21235664,0.0077651643,0.15963573
"2654",0.61503509,0.66163277,0.68091751,0.81947592,0.93214354,1.5948469,0.20551045,-0.12434442,0.010128152,0.15926993
"2655",0.69184938,0.72417095,0.70379805,0.76399472,0.90353104,1.3947093,0.33852624,-0.32617767,0.015491846,0.15611911
"2656",0.68844667,0.63418442,0.75967369,0.84401759,0.89085949,1.6007639,0.23666394,-0.35811748,0.0078327971,0.17406648
"2657",0.67792701,0.64495302,0.70758718,0.81440077,0.85880344,1.7935148,0.23531174,-0.35934073,-0.0058775306,0.1712464
"2658",0.61667657,0.70316594,0.75588309,0.8008831,0.91243114,1.7120021,0.22636522,-0.34791046,0.0013798087,0.17094327
"2659",0.63749142,0.72574795,0.76820714,0.76977704,0.82395524,1.686836,0.1643958,-0.33735968,-0.0031898221,0.1770229
"2660",0.66010233,0.65622826,0.70627374,0.83051298,0.88290582,1.8724757,0.16308157,-0.45047987,0.0079525316,0.16535547
"2661",0.64033387,0.70198384,0.76112143,0.7456121,0.83216669,1.8337228,0.21572328,-0.56672375,0.024465073,0.1663156
"2662",0.65985413,0.73991228,0.7954401,0.79019939,0.86373087,1.6577997,0.22550552,-0.51748925,0.020919567,0.17324035
"2663",0.61612003,0.65454642,0.6906144,0.85080449,0.92353145,2.2623581,0.29566364,-0.56043442,0.038369132,0.16418586
"2664",0.67087403,0.71133834,0.74405012,0.79698702,0.88652937,1.6327439,0.30862094,-0.52730941,0.037532748,0.15030013
"2665",0.66940687,0.67385919,0.65483324,0.8551415,0.92496706,2.1696891,0.43006168,-0.44566993,0.012628527,0.14598029
"2666",0.6675667,0.67208445,0.73002683,0.79419404,0.84825752,1.9012427,0.36428467,-0.47082855,0.012973336,0.13014651
"2667",0.68502471,0.66552454,0.75645325,0.77414354,0.82069415,1.6683973,0.34663149,-0.39609283,0.0074280904,0.13116353
"2668",0.58248919,0.6895838,0.63307715,0.77299754,0.91655956,1.735522,0.2822266,-0.27711139,0.036817585,0.12596397
"2669",0.78681079,0.65488914,0.61827336,0.74481136,0.84770031,2.0891349,0.28855236,-0.31412092,0.036677759,0.13029998
"2670",0.6261683,0.68574632,0.76455599,0.79893084,0.92753061,1.9782202,0.23806633,-0.32298326,0.035082355,0.12509104
"2671",0.69071731,0.65921148,0.68656764,0.82987684,0.86924486,1.9188551,0.21858576,-0.32138825,0.028623836,0.13153889
"2672",0.65495401,0.64848977,0.7652024,0.83389742,0.87479992,1.8617501,0.25551915,-0.31707415,0.02274438,0.13564426
"2673",0.68265937,0.68342586,0.71688583,0.80370944,0.89538188,2.0632806,0.11410617,-0.3481579,0.025562116,0.13899294
"2674",0.70663096,0.68660082,0.74447917,0.83926474,0.95421093,1.6956251,0.3021137,-0.24466522,0.047371866,0.14046036
"2675",0.65978172,0.71569895,0.68546561,0.84272807,0.85433327,1.9638219,0.24621593,-0.330601,0.030090731,0.15754483
"2676",0.65392123,0.74594401,0.73584767,0.83753865,0.9059515,1.7210701,0.28132257,-0.39261194,0.037130632,0.16988148
"2677",0.63236977,0.66757936,0.71475591,0.83295065,0.84336591,1.8832893,0.3581616,-0.44189704,0.036083566,0.15868942
"2678",0.65913597,0.65372898,0.68555818,0.81737519,0.80404922,1.7904548,0.44224594,-0.43038494,0.030026616,0.15817046
"2679",0.66288607,0.73693416,0.74431183,0.84472922,0.94019295,1.6938177,0.18520978,-0.43099732,0.015024373,0.17023246
"2680",0.66374382,0.65163143,0.68155961,0.797336,0.87181756,1.9222215,0.19694088,-0.40822845,0.008772824,0.17210608
"2681",0.64557924,0.61133658,0.74333771,0.88824348,0.86421211,1.5075096,0.26120657,-0.34946828,0.0061017835,0.17150432
"2682",0.6521959,0.73257797,0.7143293,0.7764127,0.96420934,1.3152459,0.13676537,-0.36029104,0.018382761,0.17269394
"2683",0.68892162,0.67051954,0.71944867,0.77405548,0.90725269,1.5246401,0.14047976,-0.34590531,0.023736227,0.15423206
"2684",0.70917301,0.74467334,0.82299468,0.93231299,0.9236306,1.4233406,0.16961482,-0.33258562,0.024550587,0.15993111
"2685",0.71733778,0.67208681,0.70042758,0.82965169,0.91978464,1.4935952,0.12068555,-0.3089924,0.030592028,0.16109657
"2686",0.75901528,0.75180817,0.73656682,0.88195644,0.92840768,1.4655721,0.192086,-0.39531823,0.026532146,0.17117044
"2687",0.7039341,0.64616863,0.7184703,0.82640931,0.90034707,1.5716389,0.085953108,-0.41789,0.026278901,0.16137801
"2688",0.71990273,0.77638622,0.75965586,0.92405421,0.94061295,1.6244145,0.097152595,-0.46465084,0.041138043,0.1424657
"2689",0.65168829,0.72324728,0.73817187,0.85771282,0.85932598,1.8914202,0.10925161,-0.49374875,0.041201358,0.14525501
"2690",0.7558865,0.7344223,0.72994001,0.91690583,0.90758399,1.7539763,0.10389073,-0.50319191,0.03679897,0.14348712
"2691",0.58040687,0.66823083,0.68026274,0.74792777,0.88659956,2.0348064,0.16991857,-0.45118332,0.034772466,0.15691985
"2692",0.64106702,0.56786475,0.72912738,0.77820955,0.8183325,1.9915834,0.10025919,-0.38682729,0.050814984,0.16321621
"2693",0.62106997,0.5637688,0.6969697,0.79419079,0.7946489,2.0562343,0.11432486,-0.38272052,0.054094423,0.16578436
"2694",0.71861119,0.77408003,0.74251112,0.76885008,0.93956395,1.5688852,0.14378104,-0.3217599,0.021712087,0.15687073
"2695",0.63649646,0.70283267,0.68842138,0.81315536,0.88228924,1.6857862,0.17208273,-0.34689726,0.03584797,0.17753575
"2696",0.66406546,0.62298113,0.7253818,0.75789759,0.84922712,1.9925409,0.21788461,-0.37706618,0.041763015,0.1681219
"2697",0.69152763,0.67546055,0.74069081,0.76678358,0.8680198,1.4996501,0.1183967,-0.40593358,0.05102006,0.1794187
"2698",0.68910923,0.73677442,0.70097946,0.89801719,0.92199994,1.2194562,0.26500708,-0.32507226,0.031021629,0.13886804
"2699",0.63856703,0.69775796,0.76251922,0.84549163,0.87240511,1.7043749,0.26863914,-0.31998189,0.05080871,0.14931128
"2700",0.66953633,0.62043203,0.70944507,0.8012967,0.88640996,1.4352895,0.27713362,-0.34746292,0.044019787,0.1542462
"2701",0.73489139,0.66229314,0.70834985,0.83460464,0.8454741,1.7537173,0.31432793,-0.33744409,0.055210781,0.13456419
"2702",0.62988841,0.65638423,0.72874092,0.81383426,0.89946725,1.7762374,0.3117637,-0.35552231,0.057358708,0.14243243
"2703",0.66503941,0.66405865,0.71912279,0.8110789,0.86359394,1.5568118,0.43084425,-0.20474349,0.052535374,0.14321112
"2704",0.66698871,0.70537347,0.72755059,0.77194033,0.89036278,1.4795525,0.43692805,-0.11580893,0.03697383,0.13479377
"2705",0.69914441,0.68737584,0.71886201,0.90079782,0.89188197,1.4248605,0.28662039,-0.054152673,0.03460178,0.13393842
"2706",0.67730178,0.7079927,0.74254058,0.83004383,0.93132091,1.2671954,0.35596271,-0.06679773,0.038459123,0.13580529
"2707",0.63887922,0.73141424,0.66992352,0.71227869,0.87959794,1.627095,0.27631667,-0.10210257,0.05015266,0.13310281
"2708",0.66886403,0.6724042,0.7716897,0.76091823,0.91688062,1.7077641,0.32123778,-0.1569847,0.030679599,0.13996408
"2709",0.66231487,0.65311575,0.7070805,0.84146414,0.87894182,1.7046489,0.27726275,-0.19488094,0.027267457,0.14008328
"2710",0.66159961,0.74456903,0.74457349,0.87818114,0.95855593,1.709394,0.28496818,-0.19416123,0.045888028,0.14107093
"2711",0.72907763,0.69351522,0.69704773,0.84523833,0.9163165,1.8555023,0.35803753,-0.3258976,0.045199019,0.13857429
"2712",0.71297185,0.69869501,0.79649503,0.81357808,0.87038066,1.7341975,0.3264068,-0.22512795,0.059325756,0.1455832
"2713",0.62354245,0.6996636,0.64994152,0.80665117,0.84321795,1.2277701,0.21004468,-0.21960527,0.053639015,0.1397869
"2714",0.67504248,0.69625749,0.82029783,0.89119772,0.98844203,1.1762428,0.051652228,-0.35918324,0.036477892,0.14141848
"2715",0.63301562,0.64901124,0.67695299,0.73726864,0.81437025,1.8711467,0.03867048,-0.3092788,0.041166942,0.13486143
"2716",0.6785489,0.70582266,0.71360562,0.87742063,0.84687228,1.4326529,0.013699701,-0.36599207,0.037518082,0.1272957
"2717",0.65456655,0.70503933,0.7707265,0.7971662,0.92511081,1.5403524,0.11569813,-0.43205976,0.037704551,0.14259333
"2718",0.74721726,0.68877572,0.76513896,0.82707696,0.85586666,1.5171548,0.070811302,-0.44984525,0.036018389,0.1462313
"2719",0.72943942,0.65791185,0.70276338,0.77723603,0.87106778,1.6142706,0.20490236,-0.34954452,0.029264061,0.13732643
"2720",0.74731645,0.7125109,0.76624855,0.83917377,0.91326682,1.4407481,0.19882739,-0.36647837,0.029824231,0.15162197
"2721",0.66994967,0.67669356,0.66638307,0.81024712,0.89744669,1.5087962,0.26519979,-0.44145,0.0069991298,0.15382878
"2722",0.63915503,0.68374226,0.68800888,0.77544615,0.85888716,1.5860358,0.3242101,-0.37631737,0.0076926009,0.15027856
"2723",0.68295522,0.66940092,0.73119763,0.87171522,0.85202722,1.4038533,0.29189292,-0.32711045,0.010461038,0.13690793
"2724",0.65170799,0.61307836,0.66732924,0.74306004,0.88603681,1.5113439,0.35337655,-0.20490027,0.013261036,0.12530454
"2725",0.75102573,0.71961269,0.72656828,0.83269938,0.90461997,1.6743003,0.30384715,-0.19729908,0.0019320633,0.13191463
"2726",0.66022797,0.66330075,0.70816412,0.84309678,0.86892598,1.132542,0.36338584,-0.18775397,0.032233197,0.12601731
"2727",0.69882005,0.70452045,0.72324856,0.8544177,0.89418158,1.6045093,0.19600609,-0.33257458,0.042688,0.1263728
"2728",0.7263303,0.67401746,0.70874434,0.80800263,0.85863442,1.3132421,0.16002751,-0.21872639,0.028525462,0.1369035
"2729",0.72699446,0.65757761,0.69176856,0.80118389,0.87016914,1.2846421,0.15349409,-0.32939566,0.02141596,0.13880383
"2730",0.73271999,0.72379435,0.74684378,0.75857346,0.92002828,1.9077467,0.15464291,-0.38246571,-0.0090804767,0.14242628
"2731",0.68364371,0.70038978,0.6767872,0.74875136,0.86805013,1.8067917,0.28794234,-0.41995525,-0.006279342,0.15064648
"2732",0.6865827,0.72201713,0.74463819,0.74246391,0.87235395,2.175681,0.24285248,-0.3658255,-0.0011186753,0.14716889
"2733",0.62242016,0.64025407,0.65986371,0.87075316,0.88220524,1.3649478,0.19747632,-0.37410641,-0.001521385,0.13613652
"2734",0.69134334,0.63527882,0.72204139,0.86566187,0.87968251,1.091344,0.071074537,-0.28920711,0.011451977,0.1354634
"2735",0.6947993,0.70686107,0.73109475,0.81283367,0.91027178,1.3843181,0.10429017,-0.23763868,0.01813653,0.13575214
"2736",0.67719922,0.67719273,0.67340691,0.81988065,0.84600903,1.6376204,-0.012661301,-0.23075069,0.022973788,0.13389244
"2737",0.71143532,0.73847997,0.73224761,0.85620806,0.91101811,1.603172,0.19367538,-0.37315637,0.034581875,0.15457383
"2738",0.69101575,0.68376328,0.72303181,0.84884534,0.86454175,1.649401,0.13864404,-0.28862086,0.038536589,0.16808796
"2739",0.7155805,0.71652133,0.72226599,0.8653448,0.87255339,1.8020626,0.16826157,-0.3640316,0.04185065,0.17197323
"2740",0.72861756,0.67343065,0.69146179,0.79561402,0.83740325,1.8126733,0.20566461,-0.35199418,0.028128054,0.17390589
"2741",0.68636254,0.70408782,0.69742248,0.79441016,0.9072369,1.7551025,0.24998568,-0.36365607,0.026669649,0.17788299
"2742",0.6839962,0.72976529,0.66957841,0.80286314,0.93923604,1.5779565,0.20658727,-0.40947691,0.03377167,0.176407
"2743",0.67863383,0.68515438,0.72013591,0.82952512,0.95456779,1.3745005,0.25953952,-0.46138898,0.047037789,0.16745713
"2744",0.71477977,0.75977582,0.80734252,0.81268334,0.89477941,1.2716365,0.17220441,-0.38076859,0.038317834,0.17141386
"2745",0.71906068,0.74473594,0.77303127,0.80636484,0.93419956,1.3382314,0.17492127,-0.37806147,0.042848456,0.16979975
"2746",0.70188272,0.69576975,0.7127275,0.80999866,0.93326415,1.6978333,0.2801073,-0.37369806,0.044886149,0.18554861
"2747",0.71120876,0.80490404,0.78424937,0.81555009,0.88685281,1.7553481,0.34034042,-0.50027364,0.064132218,0.17919494
"2748",0.62379037,0.57337506,0.66439851,0.82852776,0.83800657,2.2399128,0.30821229,-0.49364822,0.059381977,0.16922946
"2749",0.66481228,0.67566333,0.75167561,0.79315547,0.90101637,2.0923162,0.29262799,-0.46350331,0.056487872,0.17350188
"2750",0.66960016,0.63915352,0.7588112,0.79588728,0.88788006,1.3039246,0.30908984,-0.43353987,0.030835829,0.17076183
"2751",0.59510061,0.6940389,0.71629892,0.76646031,0.85802169,1.603983,0.28252984,-0.49141234,0.012926366,0.16959589
"2752",0.59642846,0.63556452,0.69595393,0.79663595,0.95371046,1.809738,0.32989495,-0.39352879,0.009615229,0.17099973
"2753",0.70186493,0.68442026,0.68682886,0.8121931,0.86610477,1.6854052,0.37712325,-0.36914134,0.0028627276,0.16312348
"2754",0.68287992,0.71606216,0.72241914,0.83476092,0.93598946,1.7671574,0.31447313,-0.36565064,0.0013483957,0.16532464
"2755",0.71187768,0.73588639,0.70106746,0.83844826,0.90603397,1.6700786,0.26626231,-0.4001911,0.0090748398,0.15167594
"2756",0.6885862,0.68620278,0.74379003,0.86397902,0.90978585,1.7424484,0.35916859,-0.27281002,0.0059995088,0.14271992
"2757",0.6947834,0.69266463,0.73168609,0.78623724,0.89393703,1.8831161,0.43088763,-0.36197104,0.0053011663,0.15906092
"2758",0.56489896,0.71831891,0.68819122,0.78925616,0.84159087,1.9968301,0.47081303,-0.40821173,0.0048714993,0.16003102
"2759",0.66743571,0.67785933,0.71314143,0.78377585,0.82327067,1.8373224,0.4322281,-0.45013486,-0.0005052924,0.15173324
"2760",0.62505901,0.67008758,0.74522591,0.84086325,0.86280445,1.7190549,0.45360758,-0.39422478,0.0024709289,0.15293472
"2761",0.69311345,0.77141642,0.70416938,0.85517799,0.93861944,1.9235767,0.34135975,-0.32994778,-0.02610938,0.15216338
"2762",0.65733629,0.65375851,0.72712344,0.77873766,0.86121279,1.7758069,0.31928545,-0.34497353,0.0067691361,0.16273749
"2763",0.69100589,0.73423797,0.70034501,0.81258042,0.91678064,1.8847092,0.3232006,-0.35939113,0.018510347,0.15208287
"2764",0.71113395,0.66703545,0.77122448,0.871498,0.88519772,1.6538729,0.33835792,-0.3967468,0.022610187,0.15352425
"2765",0.65262022,0.6787105,0.67642245,0.71022015,0.89448461,1.6840649,0.38435994,-0.42250247,0.032454028,0.14898176
"2766",0.6691956,0.65715588,0.6728585,0.764367,0.87962207,1.7259152,0.35200291,-0.41102759,0.040233091,0.15237645
"2767",0.70047501,0.72874342,0.76280531,0.91095619,0.89618407,1.3938567,0.28362497,-0.31547084,0.048002126,0.15952814
"2768",0.68538114,0.63685805,0.66267213,0.72238962,0.87046637,1.129983,0.32750312,-0.22927953,0.047835496,0.17748112
"2769",0.63688784,0.69960572,0.68933345,0.72018973,0.818085,1.2869542,0.27066492,-0.23748941,0.03671494,0.16802933
"2770",0.65388991,0.63548628,0.71780555,0.68237708,0.85817317,1.4098415,0.25951619,-0.25476148,0.037502894,0.16685343
"2771",0.68381303,0.70164921,0.66781781,0.92542701,0.90327796,1.7039745,0.32946368,-0.40909691,0.0139236,0.18298116
"2772",0.70838319,0.69511234,0.73191316,0.84896374,0.91449142,1.5448495,0.1930332,-0.44190373,0.020448312,0.17203554
"2773",0.63762404,0.63911214,0.72084846,0.80694782,0.82464414,1.5150487,0.32654498,-0.45647615,0.015614132,0.15844447
"2774",0.61106473,0.73061231,0.70382838,0.85863317,0.88674452,1.2291282,0.24621531,-0.41538268,0.012656561,0.15237047
"2775",0.6819959,0.63301527,0.71684502,0.80123609,0.93992174,1.2216764,0.24152795,-0.44369279,0.023044832,0.1403204
"2776",0.61450083,0.78308551,0.71731974,0.85301823,0.93649813,1.2057129,0.15703977,-0.47284529,0.023281009,0.14243596
"2777",0.70419624,0.63418953,0.73003312,0.80121201,0.91023157,1.6326425,0.24466612,-0.52877902,0.048069404,0.19617082
"2778",0.73233678,0.70618525,0.72982737,0.73806593,0.90445281,1.8196564,0.21069438,-0.47306363,0.039023898,0.19967842
"2779",0.7541592,0.7479904,0.7750066,0.76927467,0.89379514,1.8173719,0.22745909,-0.50277261,0.04049185,0.20070238
"2780",0.61507613,0.66358479,0.70684435,0.77482292,0.85368827,1.8945287,0.25589177,-0.36281597,0.029820318,0.19661252
"2781",0.62290075,0.61892855,0.67903747,0.79197809,0.90777958,1.8271137,0.28743506,-0.34821713,0.035163389,0.21922069
"2782",0.73151709,0.74427346,0.76121401,0.772251,0.9543346,1.6164067,0.29517404,-0.30846547,0.044708534,0.20657953
"2783",0.5968217,0.65160482,0.73521482,0.84268317,0.82875371,1.5114938,0.25198663,-0.28395467,0.049064129,0.19293852
"2784",0.69490676,0.69473166,0.69399904,0.77035109,0.93031938,1.776143,0.20082464,-0.42793095,0.05016347,0.21985458
"2785",0.63948498,0.71425369,0.74924289,0.88836485,0.89763142,1.7500251,0.17937718,-0.32265112,0.038449106,0.21487561
"2786",0.6127181,0.70908165,0.70847917,0.80663374,0.85931692,1.9343328,0.14053216,-0.29865227,0.030884171,0.20966753
"2787",0.61468616,0.6710776,0.71672207,0.83478791,0.91048145,2.0320801,0.124058,-0.28320856,0.021233005,0.22046677
"2788",0.65448204,0.69238197,0.7284366,0.8020746,0.84203642,2.0532048,0.09952133,-0.25422968,0.019997122,0.20818732
"2789",0.6862221,0.72210153,0.73872468,0.80636371,0.89890535,1.8805235,0.17475268,-0.31834626,0.021171523,0.22714229
"2790",0.688542,0.7133956,0.74898363,0.78719449,0.90095447,1.8656554,0.17718584,-0.36795573,0.024977694,0.22036496
"2791",0.62640156,0.6591269,0.60698501,0.77143545,0.85274869,2.0141743,0.20850411,-0.33114504,0.041468714,0.19114657
"2792",0.66994705,0.69031741,0.75065073,0.84849341,0.86778464,1.7824227,0.066919213,-0.32615913,0.037772817,0.14887818
"2793",0.62398965,0.71212252,0.70623791,0.82049928,0.92295509,1.5263955,0.082393263,-0.32427865,0.034074956,0.15038247
"2794",0.63619808,0.68945686,0.75257448,0.92562966,0.91659811,1.7957895,0.1053851,-0.2748636,0.02993253,0.14978398
"2795",0.59176808,0.65589714,0.72026348,0.85783069,0.95617909,1.7336056,0.1474341,-0.3752986,0.028197766,0.14095817
"2796",0.66153517,0.69236599,0.72263638,0.74696867,0.83314225,1.6837572,0.20866176,-0.35590107,0.0091843817,0.14020561
"2797",0.65634855,0.75282473,0.73832885,0.78706659,0.88220787,1.6016607,0.18711496,-0.34699828,0.014218706,0.14193966
"2798",0.65237817,0.72888905,0.73372197,0.82286007,0.92870739,1.828993,0.17252752,-0.32372547,0.021974866,0.14729706
"2799",0.66601157,0.73066105,0.74302971,0.81811507,0.9038108,1.8085571,0.17158657,-0.33322606,0.027806406,0.1480092
"2800",0.68177714,0.73287245,0.74222246,0.83974122,0.90871928,1.8046644,0.18310523,-0.31475636,0.026450912,0.14694784
"2801",0.71164785,0.72046518,0.76900482,0.84114901,0.8959483,1.6221605,0.17093438,-0.29699054,0.021894443,0.14816591
"2802",0.73296756,0.7460103,0.73646508,0.79121507,0.86708874,1.8975165,0.24929086,-0.38933388,0.028307781,0.14890886
"2803",0.78790751,0.6824038,0.68150246,0.86982331,0.95068649,1.6840666,0.31516688,-0.36592129,0.026376436,0.14293994
"2804",0.70796931,0.69728979,0.69950023,0.81655338,0.88874603,1.6797619,0.27841843,-0.35626298,0.022768968,0.14740409
"2805",0.68594155,0.7492958,0.72583816,0.84750103,0.91864132,1.7888147,0.2034315,-0.53590166,0.043189178,0.14219543
"2806",0.67304405,0.64300015,0.68472809,0.8533541,0.86591979,1.5727031,0.33166386,-0.46753157,0.044571132,0.14391166
"2807",0.72511088,0.68816636,0.68544141,0.92042817,0.85045597,1.5314603,0.27094765,-0.46598032,0.052603552,0.14034582
"2808",0.66918245,0.68630325,0.71055415,0.87812571,0.81608762,1.549289,0.28117251,-0.44994885,0.054582021,0.1479581
"2809",0.69178938,0.68633128,0.74498916,0.77439424,0.97093994,1.6835307,0.20595561,-0.48235697,0.041660054,0.14192453
"2810",0.67771178,0.73295048,0.72731054,0.73020907,0.83106101,1.7917416,0.21056259,-0.4047026,0.041109874,0.14472953
"2811",0.68766759,0.74154859,0.73014689,0.82262634,0.83904629,1.6592384,0.25261272,-0.43879054,0.044644695,0.14324676
"2812",0.71988111,0.66411459,0.75499702,0.87997827,0.88040416,1.4389411,0.20723265,-0.43908352,0.038234778,0.14839969
"2813",0.66012403,0.69428695,0.63913324,0.90844927,0.84019954,1.2967295,0.31253431,-0.24522251,0.036133439,0.13322804
"2814",0.57716303,0.71172278,0.74900172,0.89782861,0.865153,1.3287538,0.16684157,-0.34367405,0.039322358,0.15405407
"2815",0.67692884,0.75169384,0.74469113,0.87507082,0.88587119,1.5343803,0.2027701,-0.28399161,0.023947222,0.15098421
"2816",0.66053101,0.6327385,0.65529879,0.73260143,0.88851549,1.6043279,0.22885878,-0.13113593,0.021973832,0.15318336
"2817",0.66906958,0.67158896,0.68898707,0.7964431,0.81096598,1.7095573,0.22779167,-0.10645199,0.032286631,0.16038096
"2818",0.59044196,0.70556011,0.71347843,0.79713015,0.89807576,1.6540284,0.19712187,-0.10503764,0.026909377,0.16120255
"2819",0.61948211,0.68093866,0.70880939,0.81797276,0.87849991,1.7425326,0.25977994,-0.12396986,0.019659272,0.16326594
"2820",0.70760177,0.73102819,0.73543383,0.82892109,0.91695972,1.7775993,0.28461221,-0.21889204,0.024945365,0.16853897
"2821",0.69679443,0.65438396,0.7162041,0.75167572,0.86167172,1.6475713,0.29003065,-0.28907233,0.032793305,0.16437502
"2822",0.69262144,0.74219631,0.69677429,0.79163541,0.93714909,1.6364724,0.17702501,-0.28026086,0.033848452,0.14783886
"2823",0.62834316,0.60346161,0.73694227,0.83045723,0.81035497,1.7857367,0.15370126,-0.39671263,0.028658062,0.15146186
"2824",0.62324578,0.72133147,0.70534141,0.78043862,0.8535827,1.7689556,0.073656037,-0.35242279,0.032162568,0.14597314
"2825",0.68342831,0.64536868,0.69569105,0.88963638,0.92432573,1.2409388,0.079112462,-0.33060262,0.042225972,0.14027634
"2826",0.71888197,0.75261073,0.72199004,0.79968519,0.85453689,1.3030226,0.11977825,-0.35802066,0.044936753,0.15207022
"2827",0.64713277,0.71137138,0.72321477,0.85723942,0.89082418,1.3307812,0.12636027,-0.38560412,0.036466178,0.15207164
"2828",0.69935694,0.60162831,0.73488386,0.87066291,0.93055255,1.5518733,0.16630375,-0.45909356,0.049565103,0.17076118
"2829",0.75404199,0.72448172,0.74019122,0.85232654,0.92073623,1.5971123,0.10279566,-0.34232892,0.053037568,0.16214429
"2830",0.64393314,0.68593647,0.68753542,0.84536213,0.91164261,1.3497364,0.23029303,-0.30034541,0.040523473,0.1470396
"2831",0.70021661,0.72819054,0.6850407,0.84634482,0.93222865,1.466766,0.22616385,-0.21776466,0.042771043,0.14337473
"2832",0.64825382,0.66975254,0.74803399,0.83629778,0.8781712,1.1609822,0.19017292,-0.31738382,0.022927579,0.13000872
"2833",0.68789947,0.7010257,0.74253119,0.78383263,0.89982243,1.1390225,0.25001824,-0.31710688,0.03421087,0.12410141
"2834",0.61605621,0.68546502,0.62225613,0.78935535,0.82435976,1.0554402,0.21579292,-0.26816616,0.030468802,0.12210345
"2835",0.59763258,0.61840786,0.79963257,0.86202826,0.91644602,1.1270495,0.27042615,-0.23043593,0.028746492,0.13219523
"2836",0.65221295,0.67210915,0.64662505,0.84750923,0.88149792,1.4590095,0.26553028,-0.25713242,0.030828179,0.13468961
"2837",0.65476383,0.66606203,0.72221312,0.74532478,0.91234278,1.488053,0.23016967,-0.26729838,0.032643204,0.13312864
"2838",0.6330955,0.66084561,0.71580623,0.8053511,0.89529429,1.5638511,0.24704432,-0.25115282,0.027036827,0.13220009
"2839",0.68990487,0.70148155,0.6911972,0.79060493,0.88987997,1.7784805,0.18322432,-0.42209654,0.021887483,0.13933053
"2840",0.65115361,0.69571132,0.74750956,0.77108774,0.87187535,1.6501407,0.1253307,-0.33267655,0.016615034,0.13641212
"2841",0.68900832,0.751972,0.71147596,0.77969226,0.90085217,1.7578024,0.19609445,-0.27069478,0.015701392,0.14066722
"2842",0.68817386,0.6858173,0.66634336,0.78455148,0.82938375,1.4528746,0.21909599,-0.28999339,0.021410081,0.14317862
"2843",0.60018351,0.7649353,0.75307061,0.82127261,0.92502775,1.8807142,0.22888448,-0.3694406,0.018880616,0.12676106
"2844",0.74872915,0.7081302,0.69440496,0.82371179,0.89279589,1.9993571,0.27651225,-0.2618803,0.014113267,0.13145624
"2845",0.7031229,0.67863495,0.73897355,0.79572098,0.86682185,2.0057739,0.2237725,-0.30008336,0.011671219,0.13416344
"2846",0.67423219,0.69114398,0.74755062,0.78488495,0.87269576,1.4556212,0.26144038,-0.30114103,0.016671334,0.13692625
"2847",0.66823693,0.6656776,0.68135972,0.7563487,0.85151768,1.9576278,0.34033209,-0.31419265,0.016148643,0.14111858
"2848",0.69609069,0.71878197,0.72997389,0.93760719,0.9471564,1.3275271,0.26548689,-0.36374048,0.028491478,0.13890285
"2849",0.63731948,0.66511724,0.73526036,0.67203358,0.82377969,1.1224846,0.30252218,-0.39536367,0.019671662,0.12855417
"2850",0.68085295,0.67098457,0.68643197,0.6446128,0.84980096,1.5011181,0.31132609,-0.37705243,0.021527927,0.13066259
"2851",0.71560831,0.75280865,0.75138606,0.91448106,0.90305415,1.4092961,0.18924804,-0.43217176,0.038743846,0.13953372
"2852",0.68474472,0.62716795,0.70629431,0.81754088,0.84012449,1.7311256,0.24718918,-0.49850443,0.033741059,0.14050736
"2853",0.67530081,0.76483448,0.75269746,0.80868842,0.96149888,1.01346,0.23905697,-0.40294123,0.052307559,0.1585299
"2854",0.70735752,0.68929761,0.69542585,0.87279226,0.83151243,1.2350982,0.23245669,-0.44220634,0.051744827,0.1520177
"2855",0.78193033,0.77444854,0.77112062,0.90472168,0.91052715,1.289395,0.17624538,-0.44929026,0.03382288,0.15043133
"2856",0.73301644,0.80913082,0.79888425,0.90045887,0.97662767,1.1855517,0.16274641,-0.44367202,0.037698802,0.15403387
"2857",0.76048554,0.70952632,0.76943216,0.94032763,0.96173957,1.3759037,0.18950028,-0.45010783,0.037880163,0.15034957
"2858",0.71650095,0.70326605,0.72299331,0.93217022,0.93522339,1.2943239,0.17668967,-0.43384587,0.0371869,0.15410933
"2859",0.63708826,0.67298543,0.73590342,0.74434739,0.85676537,1.6693664,0.23216321,-0.35721383,0.053306251,0.14307217
"2860",0.70753532,0.73611024,0.73039877,0.82385145,0.90247176,1.5621038,0.23488395,-0.32671861,0.055438311,0.14756001
"2861",0.67182874,0.66341239,0.71339797,0.87703294,0.8865054,1.4013675,0.31484241,-0.32362504,0.053587615,0.14910897
"2862",0.6780509,0.6866179,0.74417548,0.85019728,0.90176901,1.2490869,0.21725988,-0.33181254,0.054256289,0.15104623
"2863",0.60501732,0.66128343,0.74719978,0.83519528,0.86532015,1.4140772,0.25275007,-0.33452276,0.05614524,0.15182571
"2864",0.66378335,0.69616858,0.67315438,0.72686381,0.88122074,1.4743484,0.16507164,-0.37876154,0.033548142,0.15792487
"2865",0.67818801,0.68633101,0.71007354,0.82261916,0.8627561,1.3688983,0.1304641,-0.41168749,0.037537968,0.16807665
"2866",0.65009398,0.70604139,0.74511644,0.73905568,0.87155246,1.3925208,0.16846454,-0.40191919,0.034877748,0.16666595
"2867",0.6255339,0.67097254,0.6915338,0.80233678,0.90034311,1.6057633,0.2340475,-0.4219516,-0.011482211,0.16275362
"2868",0.62274067,0.64651137,0.70958692,0.75899991,0.85385423,1.5160219,0.21791472,-0.37006098,-0.0081138903,0.16612024
"2869",0.68212437,0.69912375,0.74446105,0.87562728,0.89313131,0.98490781,0.21472402,-0.33884392,0.016412078,0.16222064
"2870",0.63527054,0.71158238,0.68574127,0.86303395,0.96601957,1.5656944,0.15718321,-0.31732816,0.024535007,0.16727276
"2871",0.65873606,0.7466918,0.77647632,0.92577875,0.86326503,1.6351126,0.24888073,-0.20785046,0.028573163,0.1691215
"2872",0.69904597,0.72921288,0.79087855,0.8435284,0.84930886,1.4343192,0.19204963,-0.18569711,0.02712399,0.16814393
"2873",0.61077928,0.61129995,0.62975187,0.74733788,0.88172003,1.8130073,0.13324885,-0.25859353,0.011596128,0.15679737
"2874",0.67950233,0.70251723,0.74396111,0.89729184,0.86050681,1.5087795,0.11107909,-0.33510281,0.00019328122,0.16327017
"2875",0.68951396,0.70716958,0.70528241,0.83353994,0.80563767,1.4154585,0.16686303,-0.38430263,0.0053881438,0.16165361
"2876",0.78566794,0.72405978,0.7073213,0.92981112,0.92225557,1.5983983,0.16580777,-0.43022503,0.014810544,0.15358989
"2877",0.66990973,0.704128,0.73640226,0.92886079,0.93033619,1.9236123,0.18609173,-0.39318262,0.012877637,0.16548792
"2878",0.66309582,0.67521159,0.75452666,0.85481257,0.90562241,1.8684215,0.1785694,-0.36173189,0.016953768,0.16012009
"2879",0.64076116,0.67686843,0.68966907,0.75684942,0.82205163,2.1895552,0.12218888,-0.37130882,0.02880379,0.1736372
"2880",0.65588254,0.66302787,0.70052694,0.78703514,0.83860009,2.0669252,0.092960257,-0.39389965,0.033574518,0.17371363
"2881",0.65332071,0.63267242,0.77502872,0.8713373,0.91418275,1.7669347,0.21511757,-0.36330669,0.060809497,0.15563909
"2882",0.69480602,0.7806135,0.67860413,0.81811154,0.90454034,1.9602584,0.26705603,-0.28064451,0.043968461,0.16202336
"2883",0.69838103,0.74867065,0.68232064,0.83655393,0.89744259,2.0072166,0.2687311,-0.26397862,0.046457986,0.16085408
"2884",0.6756893,0.66211022,0.73997938,0.7797654,0.91541602,2.2824645,0.22902507,-0.25771587,0.041250034,0.16698385
"2885",0.69809611,0.70647521,0.74667083,0.83732343,0.9059534,2.3702949,0.16192444,-0.33806241,0.038815611,0.17004843
"2886",0.71724961,0.70484876,0.74200114,0.86023339,0.92165907,2.434706,0.17001392,-0.35902626,0.040090405,0.17157155
"2887",0.67810813,0.69445413,0.68824795,0.78783792,0.87019533,1.8425892,0.2150814,-0.19181141,0.028559585,0.19919
"2888",0.66106555,0.73315168,0.78376812,0.75107562,0.95066841,1.8231083,0.28761679,-0.24128665,0.024707576,0.1966252
"2889",0.63010504,0.61504836,0.6980831,0.88354714,0.82482393,1.5078833,0.29769963,-0.28108923,0.019435757,0.19539946
"2890",0.66908382,0.69972353,0.78715278,0.84404252,0.94920351,1.6063764,0.27689222,-0.2900401,0.01589297,0.18554005
"2891",0.65638263,0.68287958,0.70955259,0.83582461,0.86637315,1.4114045,0.43048828,-0.29923974,0.0053793596,0.17224753
"2892",0.65717016,0.70169603,0.78004183,0.81811804,0.96819102,1.9850717,0.30064563,-0.27871748,0.014179808,0.14203009
"2893",0.641029,0.71939815,0.70077104,0.76089679,0.88247454,2.1493869,0.19364005,-0.27325602,0.010978136,0.13199283
"2894",0.69398968,0.67105977,0.69431893,0.91569547,0.87975363,1.7024567,0.25764395,-0.281309,0.026859427,0.16622874
"2895",0.66695319,0.66245711,0.75228064,0.85311205,0.86289624,1.8365192,0.2448429,-0.33750568,0.025645585,0.16950277
"2896",0.61922298,0.69990456,0.69442181,0.90906443,0.87978022,1.9058507,0.29543922,-0.36877171,0.027028017,0.1679154
"2897",0.67328524,0.73365006,0.70430104,0.88848046,0.85982341,1.6429762,0.25412289,-0.39168325,0.025727682,0.16481774
"2898",0.61303188,0.73722542,0.72765255,0.90120933,0.8669477,1.7159196,0.27435841,-0.37610661,0.031167539,0.17014661
"2899",0.72250146,0.77704075,0.77301917,0.90145943,0.89876986,1.7537576,0.24538253,-0.3928962,0.031821849,0.16653419
"2900",0.6451361,0.69737875,0.69621402,0.75934046,0.86039442,2.1979434,0.36991481,-0.40419467,0.024933733,0.1726572
"2901",0.64674696,0.67908963,0.67923893,0.77638997,0.89345795,1.9385546,0.39526098,-0.38238929,0.028137151,0.17504545
"2902",0.65528281,0.63850364,0.68525474,0.80769883,0.87622127,1.9024395,0.36971756,-0.32216982,0.026426523,0.17365649
"2903",0.6884622,0.67190273,0.79646048,0.90912036,0.88152688,1.7882303,0.38849666,-0.2488759,0.027863088,0.15663618
"2904",0.63442754,0.66590043,0.70556803,0.84640438,0.89799455,1.7401936,0.35445851,-0.22218968,0.028381395,0.1605742
"2905",0.6510459,0.74771038,0.67993073,0.81702001,0.92049385,1.8064417,0.26408412,-0.23719832,0.025872456,0.16037003
"2906",0.65112785,0.67486513,0.70180314,0.79703148,0.87509886,1.4414421,0.23304414,-0.20516709,0.025942479,0.16361734
"2907",0.64221691,0.69331857,0.70916245,0.87504123,0.90230164,1.5115719,0.23789162,-0.26607453,0.025778651,0.17295435
"2908",0.72850006,0.70722948,0.73895343,0.81702123,0.8873606,1.4312899,0.23800466,-0.3482842,0.029982592,0.18879867
"2909",0.66957559,0.66468348,0.7170782,0.73499894,0.92233639,1.4849669,0.25246336,-0.36527061,0.029380036,0.19330614
"2910",0.69830164,0.68038719,0.76446519,0.86917623,0.8981244,1.9788538,0.28086719,-0.50170131,0.034482907,0.17443806
"2911",0.69426238,0.67569796,0.75445757,0.82715804,0.9286085,1.6655789,0.41320471,-0.50566724,0.031876661,0.15597155
"2912",0.62153751,0.69853257,0.70918551,0.89521266,0.85386237,1.5110081,0.37036319,-0.42422541,0.022124468,0.14978854
"2913",0.69608712,0.70673061,0.74599204,0.82665066,0.80544519,1.4433207,0.28241374,-0.42988787,0.025433978,0.14532552
"2914",0.663947,0.61751564,0.69178448,0.79951431,0.92320166,1.6353009,0.15336092,-0.3570696,0.027204682,0.15414772
"2915",0.72400142,0.71809527,0.72546732,0.86498245,0.85933945,1.7777546,0.33831557,-0.29702814,0.02368582,0.1423164
"2916",0.60427357,0.67168985,0.67090415,0.76981076,0.88991191,1.8884558,0.31323504,-0.36962983,0.022719923,0.14132607
"2917",0.70091253,0.63578456,0.73288342,0.81301699,0.87050855,1.8193905,0.27189781,-0.40573617,0.020679002,0.13964276
"2918",0.63011498,0.67247639,0.74378225,0.81776804,0.90286231,2.0168182,0.25557501,-0.35495372,0.013718713,0.14419013
"2919",0.73769149,0.7193958,0.70755698,0.85673872,0.86813614,1.9242025,0.20699153,-0.38807894,0.0088392048,0.14291697
"2920",0.69895854,0.62550993,0.71521425,0.83655056,0.90809371,1.7769935,0.28053709,-0.38190723,0.010747754,0.14920737
"2921",0.66691186,0.60725897,0.68458907,0.80666407,0.8987,1.5196383,0.25624214,-0.40722846,0.049653935,0.18598868
"2922",0.72356898,0.70388765,0.75694828,0.86965246,0.91478982,1.2733139,0.23644354,-0.3942278,0.051344667,0.19125037
"2923",0.60286708,0.62243707,0.72187958,0.73088886,0.84015471,1.5973872,0.36465402,-0.43553241,0.052115772,0.18646607
"2924",0.63773195,0.57588556,0.69665826,0.78755931,0.86720235,1.5771352,0.34921769,-0.46623885,0.06047929,0.18181602
"2925",0.62103565,0.61435287,0.70531922,0.76725598,0.88643252,1.5487322,0.33987298,-0.42866649,0.051337497,0.18061793
"2926",0.64783342,0.60641879,0.70802708,0.8124542,0.87002543,1.5986607,0.41253912,-0.44145468,0.056620137,0.18536875
"2927",0.55425812,0.68445442,0.71510993,0.84124062,0.87600839,1.5154756,0.23638288,-0.41770235,0.042116884,0.21237377
"2928",0.61212904,0.69070382,0.68014764,0.81953471,0.91600626,1.6107168,0.22882326,-0.41578188,0.037148222,0.20622361
"2929",0.60682057,0.67290049,0.72157216,0.80469268,0.83567575,1.3474607,0.27683432,-0.39011169,0.036108742,0.21169308
"2930",0.61131633,0.70183326,0.65624324,0.827385,0.8382535,1.6368052,0.30521198,-0.45385361,0.043817875,0.21358366
"2931",0.65256945,0.74136876,0.74529395,0.83766762,0.99530203,1.6414286,0.33612236,-0.43693179,0.038765377,0.20161376
"2932",0.61684999,0.73753974,0.7629122,0.8306115,0.82807982,1.5494012,0.30264991,-0.30347933,0.042788374,0.20567847
"2933",0.6788968,0.66138539,0.7416546,0.80073984,0.89424018,1.6402346,0.42537655,-0.41923436,0.06108864,0.16143955
"2934",0.66689379,0.73016727,0.75584384,0.84893525,0.81833706,1.6232667,0.32885172,-0.36517316,0.058061602,0.1637474
"2935",0.71453602,0.68625736,0.75994415,0.84633569,0.9497362,1.458759,0.3790185,-0.46151642,0.050000676,0.18393289
"2936",0.65987432,0.66624727,0.73000355,0.78514565,0.89161018,1.2184906,0.29124007,-0.43433352,0.049390438,0.16545365
"2937",0.59603889,0.7251226,0.70270155,0.81951374,0.84708331,1.3421802,0.31102344,-0.29648641,0.030810837,0.1641044
"2938",0.65024877,0.68964009,0.76660943,0.83035866,0.92415354,1.3283219,0.28173559,-0.20756202,0.031492721,0.16152533
"2939",0.68660784,0.59534653,0.65975127,0.80402901,0.87461019,1.6685629,0.27365741,-0.24801478,0.050245989,0.14921526
"2940",0.65791517,0.64982154,0.73838796,0.72369517,0.92472248,1.7396089,0.28871492,-0.27891421,0.051278109,0.14373626
"2941",0.65207245,0.71723553,0.70004261,0.78076973,0.89591549,1.7098294,0.25248827,-0.30703112,0.051637096,0.15014934
"2942",0.75215844,0.69028828,0.67895653,0.84659773,0.86179123,1.2367938,0.35580453,-0.29433878,0.050443035,0.14732636
"2943",0.59285819,0.66439956,0.75765639,0.78778391,0.91432584,2.1282557,0.25459799,-0.41074668,0.054700882,0.16442785
"2944",0.62976721,0.68117493,0.7128761,0.8367174,0.9453566,1.7961859,0.20354786,-0.46679755,0.049229322,0.15821715
"2945",0.71210736,0.70996685,0.71574808,0.79120741,0.91539363,1.6722843,0.24051264,-0.41123044,0.049038362,0.16766863
"2946",0.59695876,0.63082554,0.72181429,0.77210019,0.84103296,1.3343454,0.26285616,-0.48504084,0.047669004,0.16362289
"2947",0.76210418,0.72521211,0.72234496,0.90607414,0.94230864,1.667299,0.29027301,-0.40701611,0.050516606,0.14015281
"2948",0.61287676,0.61423875,0.65088163,0.74343228,0.86438396,1.5615255,0.25470612,-0.40057531,0.024582715,0.1450405
"2949",0.69730699,0.6981552,0.69915071,0.76635756,0.8790491,0.95117904,0.23887526,-0.34606877,0.04072544,0.14000739
"2950",0.61031565,0.66251027,0.73776006,0.78215587,0.84895535,1.5527409,0.27667925,-0.32425351,0.023941745,0.14152886
"2951",0.71052178,0.71900496,0.71820493,0.91475405,0.86596318,1.3501645,0.27258015,-0.30969445,0.03157836,0.1453975
"2952",0.68017814,0.72312983,0.72332368,0.95488043,0.94506442,1.2997613,0.22877248,-0.2532509,0.025120284,0.14533323
"2953",0.75619926,0.7319598,0.78035013,0.94567747,0.96600294,1.4719045,0.21718442,-0.28351147,0.025040477,0.13514231
"2954",0.64659957,0.6271923,0.6653819,0.83756899,0.8336558,1.5829349,0.25270677,-0.40645409,0.013489594,0.13615865
"2955",0.73628096,0.71872809,0.76506869,0.82714683,0.89859717,1.4356976,0.2064652,-0.33127432,0.01636216,0.12752926
"2956",0.63048906,0.65480915,0.70862796,0.83560616,0.87581997,1.7770458,0.32435123,-0.29024418,0.014790344,0.1409765
"2957",0.64755489,0.69462235,0.72994811,0.80838497,0.89863774,1.3976893,0.27512186,-0.23382541,0.020493346,0.14325267
"2958",0.70977744,0.69350943,0.76904074,0.86317472,0.91894409,1.5596214,0.22001089,-0.24588808,0.010348094,0.14549075
"2959",0.63883418,0.6987582,0.70865287,0.82927151,0.87595486,1.7162506,0.24116233,-0.33580465,-0.0054823342,0.15242594
"2960",0.6967338,0.63672768,0.71706156,0.83978707,0.92353972,1.6446139,0.2644803,-0.2835908,0.021607444,0.16317836
"2961",0.61033035,0.65253031,0.71634107,0.76489519,0.87019024,1.5413392,0.18094194,-0.31154182,0.017245706,0.15086837
"2962",0.72006755,0.6941982,0.71396101,0.75324824,0.8838931,1.6235661,0.18668804,-0.30955917,0.011970349,0.14730732
"2963",0.6408534,0.65742599,0.73759537,0.77375174,0.94353872,1.6866185,0.23121731,-0.2403609,0.021391532,0.14613918
"2964",0.71321433,0.73506048,0.69875954,0.83797507,0.87401092,1.5468731,0.31259853,-0.27852065,0.022525152,0.16371625
"2965",0.72663586,0.73302392,0.74516299,0.80341705,0.93502657,1.6689729,0.32142712,-0.25633659,0.027838948,0.1636063
"2966",0.71507622,0.70252731,0.77842782,0.82671859,0.92800783,1.5251145,0.30236032,-0.22239921,0.024826195,0.16386393
"2967",0.65960956,0.66441957,0.68685198,0.86096501,0.87924012,1.8024731,0.32344336,-0.29969239,0.029416849,0.15655511
"2968",0.69634267,0.68016122,0.65689609,0.76323062,0.88435244,1.7969318,0.29682466,-0.40868025,0.011131586,0.15269337
"2969",0.72588993,0.73601922,0.76955858,0.81772468,0.90488256,1.4520574,0.2484822,-0.44077785,0.001613939,0.1551066
"2970",0.71593594,0.69278092,0.81690106,0.79439827,0.9147657,1.6315498,0.27692503,-0.40222237,0.00098329384,0.1555492
"2971",0.68763121,0.62650474,0.61063082,0.82983166,0.82724414,1.7339827,0.19317159,-0.39898828,0.00055926906,0.17591242
"2972",0.61907509,0.65094448,0.7888879,0.82039479,0.96367005,2.0832216,0.14926237,-0.4264592,0.0010937841,0.16314636
"2973",0.59402319,0.71665525,0.72277496,0.87951083,0.93178061,1.8419791,0.10964718,-0.4399488,-0.0037833492,0.1643011
"2974",0.65675209,0.69416044,0.74845761,0.88987092,0.87900224,1.476951,0.11144109,-0.41715599,0.013192717,0.16789008
"2975",0.63189616,0.67647558,0.75816034,0.86033977,0.88859159,1.6078697,0.099618165,-0.29427265,0.01327925,0.15935548
"2976",0.65321366,0.67827697,0.70726591,0.80526571,0.87713111,1.609116,0.029349847,-0.41773617,0.013687847,0.16042661
"2977",0.69640613,0.66807254,0.75132718,0.85993443,0.88578347,1.1254593,-0.076531833,-0.35135262,0.020103836,0.16408602
"2978",0.64878948,0.6937531,0.71945023,0.78278139,0.87234122,1.664643,0.30555811,-0.3305552,0.0096437813,0.13936312
"2979",0.71655684,0.69985524,0.70342915,0.88664277,0.89347353,1.4542233,0.2938243,-0.32084123,0.013171835,0.13541058
"2980",0.70426524,0.69599657,0.75955451,0.83558575,0.90495098,1.6331914,0.3007851,-0.33296816,0.016405669,0.1305709
"2981",0.71826409,0.71298189,0.71648306,0.8696857,0.8739248,1.6996386,0.30419906,-0.35478171,0.018255872,0.12647038
"2982",0.70009659,0.73171404,0.73126468,0.77072795,0.88724064,1.5130833,0.31758252,-0.36076347,0.011618388,0.13221802
"2983",0.58590472,0.63140584,0.71285441,0.7774854,0.96548394,1.4596015,0.14412914,-0.29796055,0.016764435,0.12799808
"2984",0.59310277,0.73056325,0.69272632,0.76983684,0.89267382,1.4102245,0.15309234,-0.30190386,0.013975459,0.12716626
"2985",0.7030777,0.72800871,0.7507863,0.82247862,0.85862952,1.4563127,0.15131874,-0.27648122,0.014062401,0.12602587
"2986",0.65184803,0.74603409,0.68977407,0.76135121,0.87168845,1.2969307,0.18854722,-0.42494373,0.014417921,0.11877509
"2987",0.65076142,0.63509342,0.69069877,0.81123156,0.92216665,1.1373857,0.14701824,-0.44798163,0.017071042,0.12417501
"2988",0.62293753,0.68065474,0.70375797,0.79286408,0.81991521,1.3851316,0.19995568,-0.39899951,0.012303955,0.127279
"2989",0.62377814,0.67294514,0.74261984,0.75889761,0.86697743,1.728319,0.25604422,-0.44487518,0.01204159,0.1287346
"2990",0.64319049,0.72923177,0.67755651,0.82423318,0.91446468,1.6165355,0.18875985,-0.39764207,0.012034664,0.1260605
"2991",0.58739874,0.75077307,0.69594741,0.74846208,0.92122042,1.7776443,0.19303764,-0.40892905,0.016606112,0.13077722
"2992",0.67790013,0.6865584,0.7356408,0.7634996,0.88974298,1.5696085,0.19210149,-0.47376182,0.02969397,0.13547427
"2993",0.68094004,0.64769779,0.73954794,0.88128839,0.89515424,1.5896152,0.18710961,-0.44202867,0.030618976,0.15729067
"2994",0.66553482,0.62896025,0.7126859,0.8778931,0.84853741,1.814965,0.20507545,-0.39236751,0.035071123,0.1594743
"2995",0.61774099,0.6882631,0.73935357,0.82431966,0.91550367,1.8162415,0.12830838,-0.34553003,0.036058443,0.15492535
"2996",0.67502169,0.67708558,0.7109733,0.87142455,0.88053283,1.6109333,0.1630218,-0.37124053,0.041699644,0.16078659
"2997",0.6776196,0.7257871,0.75976917,0.7893081,0.96199548,1.3799542,0.062306601,-0.37571704,0.03921021,0.13509534
"2998",0.66033759,0.65743617,0.7111054,0.75073872,0.86700643,2.1404673,0.2603896,-0.19157565,0.048717569,0.15030469
"2999",0.67032326,0.7207557,0.75649651,0.85550862,0.93851206,1.5728861,0.15493577,-0.28671074,0.042269987,0.18308289
"3000",0.64563872,0.71784798,0.71046223,0.84763839,0.89567982,1.2536706,0.12257242,-0.17750849,0.029895036,0.20573005
"3001",0.68740527,0.71765231,0.73413011,0.84219593,0.90454118,1.1268101,0.13654567,-0.32003929,0.014487314,0.12993672
"3002",0.5937997,0.70860932,0.71926713,0.80438813,0.93034394,1.3463802,0.10598466,-0.28288214,0.015652622,0.13690704
"3003",0.72210832,0.64948615,0.69711955,0.89459619,0.83613346,1.409404,0.1012058,-0.32432091,0.014529169,0.14252538
"3004",0.62977286,0.71677831,0.72978362,0.89835502,0.90459779,1.3639627,0.096291667,-0.31965526,0.020291016,0.1502303
"3005",0.64948765,0.71018096,0.72757173,0.8844014,0.91914154,1.6077704,0.14413526,-0.29892736,0.017126554,0.1483753
"3006",0.61354567,0.73267061,0.73110352,0.76377376,0.80136038,1.5024304,0.18409585,-0.33280522,0.021130315,0.14571646
"3007",0.74676409,0.73411903,0.74529997,0.94275096,0.97631969,1.3803046,0.20862458,-0.3892958,0.038700583,0.14239557
"3008",0.59927852,0.71567707,0.68155834,0.72933992,0.81304443,1.5806311,0.30983915,-0.39417954,0.026894011,0.1402326
"3009",0.63351737,0.70271367,0.75417077,0.90558523,0.98203217,1.5169949,0.25287602,-0.4981092,0.029853749,0.13548137
"3010",0.69402715,0.70674409,0.7385582,0.86138387,0.95049261,1.5368755,0.26420694,-0.49507886,0.026922612,0.13100544
"3011",0.65983154,0.72454797,0.74746068,0.85706698,0.9455226,1.7386352,0.29889822,-0.49085357,0.038575851,0.13471325
"3012",0.64751622,0.74430138,0.67948815,0.82835783,1.0069123,1.6390979,0.29797124,-0.51532642,0.047171045,0.13906862
"3013",0.66130061,0.68069456,0.71270563,0.76936806,0.83049381,1.40804,0.37870662,-0.38393231,0.042808545,0.13974443
"3014",0.67877106,0.64854203,0.75229946,0.84274882,0.85547781,1.2381398,0.3355541,-0.38012777,0.044926278,0.13545173
"3015",0.70183067,0.66879966,0.69672062,0.79215886,0.90096751,1.3907147,0.36338448,-0.38947761,0.037417971,0.14108322
"3016",0.72391505,0.72830498,0.74642594,0.91167406,0.90824888,1.5139258,0.33146075,-0.29837844,0.032420349,0.14334988
"3017",0.65664798,0.66073242,0.64393593,0.79003449,0.80195874,1.4543021,0.34393667,-0.24779348,0.027166303,0.14204934
"3018",0.65780216,0.66632088,0.66168382,0.77693664,0.80244475,1.5189387,0.37181061,-0.26290445,0.029412501,0.14191978
"3019",0.66831686,0.68863542,0.75840235,0.75356285,0.9278417,1.5649361,0.33968638,-0.27051511,0.030562475,0.14792733
"3020",0.66853975,0.70844493,0.74208512,0.72352213,0.92757195,1.6251896,0.27716809,-0.29734984,0.031160193,0.15015997
"3021",0.64033497,0.69936005,0.70340061,0.77371076,0.94489749,1.650009,0.28437945,-0.26322817,0.041346362,0.14651396
"3022",0.7333088,0.7479494,0.76542665,0.75800393,0.92801176,1.5995102,0.22945817,-0.23362908,0.030159344,0.14263764
"3023",0.66319987,0.60594819,0.63796321,0.80770066,0.80182239,1.4066828,0.19367612,-0.2787467,0.036299868,0.14309941
"3024",0.68648213,0.59652294,0.63378137,0.82147693,0.79766896,1.430733,0.21487697,-0.29746983,0.038043404,0.14244834
"3025",0.62460555,0.62701176,0.76042276,0.78216823,0.84138291,1.4878167,0.21259895,-0.27790916,0.035409116,0.14746625
"3026",0.71763281,0.6424512,0.68460026,0.8337207,0.8740459,1.3417858,0.20603618,-0.33510807,0.040492408,0.14845533
"3027",0.56827364,0.69800007,0.71144616,0.93860943,0.83577449,1.5424537,0.2770565,-0.28006563,0.039051859,0.15737096
"3028",0.61845685,0.68404472,0.72077433,0.85173377,0.87607398,1.5257698,0.22140529,-0.33336317,0.053617454,0.15105612
"3029",0.67908115,0.71142702,0.7382034,0.8445576,0.84408319,1.7019828,0.15357535,-0.35725108,0.071781025,0.15359286
"3030",0.69179835,0.65679297,0.75893493,0.79446455,0.82776286,2.1225663,0.18918279,-0.34145573,0.055155028,0.15785805
"3031",0.68740407,0.63738568,0.7148722,0.83500816,0.92842937,2.3425783,0.25948367,-0.32260857,0.06185931,0.15029171
"3032",0.66023702,0.6157122,0.62606391,0.8142352,0.90542344,2.4840556,0.25682219,-0.35121045,0.063428638,0.14783627
"3033",0.7101557,0.69949566,0.61874368,0.84480815,0.87776368,2.4827208,0.28244896,-0.3087283,0.057741644,0.15469192
"3034",0.68814806,0.68410343,0.69908023,0.7842402,0.90914546,2.1393628,0.3248604,-0.38494702,0.060464843,0.15269219
"3035",0.72008029,0.71734451,0.67534608,0.87423313,0.89673762,2.2153807,0.29775477,-0.35757188,0.053300797,0.15130463
"3036",0.61360979,0.63362232,0.71931348,0.76919832,0.80036823,2.0655254,0.32445569,-0.45622352,0.047870912,0.14267446
"3037",0.7236325,0.66560216,0.70630739,0.77031809,0.88257643,1.6536377,0.30039083,-0.53394602,0.054424856,0.14753149
"3038",0.55475054,0.61553848,0.74706711,0.80136619,0.78542494,1.8055397,0.27848561,-0.46392608,0.064854646,0.14867871
"3039",0.5978681,0.66886949,0.69026915,0.725407,0.89310802,1.713731,0.25614102,-0.49308317,0.059298463,0.15054162
"3040",0.60221106,0.69911496,0.66174224,0.77301342,0.87177207,1.8295081,0.3221439,-0.51917742,0.062356554,0.1496112
"3041",0.66080802,0.67355342,0.72650917,0.81077688,0.86088082,1.7729138,0.25430532,-0.56176501,0.049070977,0.14239659
"3042",0.66648682,0.61011677,0.65742027,0.76838242,0.85342653,1.6724648,0.24642655,-0.64831681,0.034088925,0.15946199
"3043",0.64256611,0.73160386,0.70002879,0.89346868,0.90152773,1.7934927,0.27761761,-0.53301168,0.035913592,0.16427317
"3044",0.70350455,0.68854268,0.69928899,0.84757874,0.77060324,1.682448,0.28270882,-0.56718015,0.047904934,0.16749926
"3045",0.68375266,0.58963739,0.68706835,0.80183002,0.90842986,1.3247442,0.23300341,-0.391308,0.047754966,0.13984003
"3046",0.68425391,0.58823638,0.7220394,0.81489812,0.92852261,1.3993227,0.22071805,-0.37928746,0.048731025,0.13672247
"3047",0.6424017,0.70748387,0.70693187,0.748305,0.88628006,1.7754332,0.20185828,-0.3981165,0.029653412,0.16348379
"3048",0.67114101,0.71346561,0.71586789,0.8117106,0.90825654,1.9077498,0.20402655,-0.38921868,0.027115921,0.17814444
"3049",0.63948879,0.70632418,0.73028037,0.83388127,0.90129512,1.5546208,0.13593138,-0.32709259,0.030196577,0.18739755
"3050",0.66561007,0.69433735,0.66455705,0.79759125,0.85165895,1.582711,0.25649705,-0.2886912,0.041500707,0.16192357
"3051",0.63700379,0.67270167,0.72086101,0.75506794,0.90230176,1.6731832,0.16120895,-0.35737423,0.045107555,0.16257971
"3052",0.63829919,0.67185307,0.75060034,0.87817402,0.90714472,1.554595,0.14950647,-0.34100944,0.024827302,0.16545566
"3053",0.73189025,0.68629297,0.70409978,0.8404722,0.8991538,1.9828684,0.20289985,-0.31142951,0.026116005,0.15712301
"3054",0.7201569,0.70467941,0.69090783,0.82912121,0.89695299,1.902649,0.17916635,-0.28860029,0.023967722,0.16029974
"3055",0.68209998,0.73645037,0.75805215,0.93294208,0.93976169,1.9173636,0.0968362,-0.3525615,0.019452852,0.15526803
"3056",0.60710576,0.69090785,0.7408961,0.83024519,0.88637136,1.8548849,0.1746698,-0.36978592,0.013337582,0.14510087
"3057",0.60386438,0.69331125,0.72331722,0.74668748,0.83154981,2.1900219,0.075967977,-0.46371364,0.021285875,0.14956082
"3058",0.59764502,0.69157753,0.69168766,0.75424551,0.84291271,2.1339436,0.071056298,-0.4544273,0.019998095,0.14932414
"3059",0.57658772,0.67294629,0.67903225,0.72311746,0.83680845,2.1992352,0.08816612,-0.48624831,0.027607067,0.15020862
"3060",0.59576071,0.62939206,0.755276,0.76222729,0.8683874,1.4555184,0.17965722,-0.45245063,0.00999456,0.15756325
"3061",0.58441791,0.67636849,0.67642256,0.80214185,0.90765321,1.646825,0.12253909,-0.37413111,0.011515952,0.15964104
"3062",0.64781104,0.69426481,0.74508819,0.80441576,0.8830338,1.5703482,0.11978656,-0.35181644,0.0086185501,0.15654068
"3063",0.59928327,0.65142612,0.71573833,0.79076796,0.87995304,1.7839915,0.16198388,-0.29866916,0.0094092093,0.15774337
"3064",0.73761336,0.68762494,0.73670927,0.78205765,0.86675419,1.7290976,0.19496145,-0.23832181,0.023668867,0.16563312
"3065",0.68191792,0.71976156,0.71311103,0.77357425,0.91421244,1.7010852,0.16806094,-0.30046434,0.019683636,0.16378196
"3066",0.6438882,0.68508807,0.71184567,0.87934544,0.9078947,1.6671452,0.16826847,-0.3185042,0.01541609,0.16086594
"3067",0.69923433,0.71332188,0.68607546,0.80484169,0.89851881,1.7817924,0.31549665,-0.26193467,0.034554789,0.15833079
"3068",0.70185028,0.70021277,0.68614636,0.80554947,0.89428064,1.7590351,0.29878445,-0.26954912,0.035744641,0.15938808
"3069",0.69809609,0.71477198,0.76479711,0.76699999,0.89812943,1.7933556,0.33881454,-0.24913468,0.035162186,0.18129584
"3070",0.68095917,0.70358188,0.73462478,0.76813814,0.85362708,2.0629691,0.30046732,-0.21075574,0.032833806,0.16884948
"3071",0.68580319,0.72066078,0.72447896,0.85466169,0.90328412,1.9113344,0.33878795,-0.25291262,0.043602605,0.164562
"3072",0.69214752,0.63349591,0.76228252,0.83864305,0.91128307,1.8196221,0.23497404,-0.33844605,0.046003539,0.16741094
"3073",0.66181232,0.6941143,0.72382683,0.85858553,0.85019841,1.819935,0.23817345,-0.36689648,0.04642457,0.16810883
"3074",0.76179813,0.72126361,0.72165681,0.81455551,0.90448242,1.8918775,0.13067882,-0.41412256,0.03391548,0.15888515
"3075",0.74540167,0.64285513,0.73684419,0.82933704,0.94490837,1.9496917,0.15889178,-0.44795186,0.035409098,0.1545438
"3076",0.72205201,0.65408496,0.70393957,0.82191709,0.92357653,1.9050972,0.17922769,-0.48748476,0.040943204,0.15632188
"3077",0.69293673,0.66005729,0.6931695,0.80443244,0.92520788,1.8875247,0.14864015,-0.45017955,0.036205646,0.15533942
"3078",0.67204153,0.69478023,0.77792603,0.87005557,0.90907387,2.1762791,0.28746481,-0.38004042,0.030351343,0.15421767
"3079",0.67517778,0.69902917,0.66843995,0.83735492,0.89470279,2.2532077,0.23912591,-0.40237734,0.025078438,0.15035408
"3080",0.68111033,0.70186303,0.72251539,0.88312631,0.88203473,2.0206326,0.2848745,-0.38609565,0.025227091,0.13864045
"3081",0.70246694,0.66784104,0.67200196,0.81557303,0.89009807,2.044646,0.29454059,-0.33464033,0.023466051,0.13900668
"3082",0.73146529,0.67422029,0.64454431,0.84340179,0.89794851,2.0240441,0.31914367,-0.31507017,0.018100395,0.13643092
"3083",0.60961406,0.65260241,0.6725927,0.76598346,0.83999544,2.3470529,0.24402362,-0.3288643,0.0049617157,0.14327137
"3084",0.6445143,0.63764825,0.71911603,0.78135854,0.83658548,2.2918317,0.22401137,-0.36280548,0.0075562381,0.14636804
"3085",0.6556504,0.67475303,0.70436054,0.7223286,0.89651314,1.8786184,0.23712816,-0.44659365,0.012445271,0.14051733
"3086",0.64361018,0.73946074,0.75848499,0.72556035,0.95343337,1.77996,0.2194745,-0.4451394,0.018204461,0.14407216
"3087",0.69632999,0.63371547,0.67056363,0.75588676,0.87812926,1.860321,0.19682573,-0.35998395,0.018455182,0.1466823
"3088",0.65381169,0.61715423,0.71716074,0.77023215,0.8686615,2.0307297,0.14704287,-0.45706178,0.016411203,0.15575459
"3089",0.71373665,0.71180066,0.71159809,0.7763455,0.86881453,2.0918448,0.16133376,-0.42771664,0.023735453,0.16718425
"3090",0.72115401,0.65483844,0.73683401,0.87256658,0.83449975,1.3489842,0.081618758,-0.34096694,0.0087001633,0.1681595
"3091",0.65055083,0.68576478,0.71466378,0.84533878,0.81747192,1.5599452,0.11592704,-0.36482629,0.010579677,0.16567422
"3092",0.71780879,0.7267119,0.72040513,0.76407305,0.90732924,1.5183713,0.093023868,-0.3603753,0.016176342,0.16154788
"3093",0.69252887,0.76088848,0.7979239,0.8928041,0.92562698,1.5420825,0.10174709,-0.33235201,0.016625619,0.14892103
"3094",0.6731537,0.71497636,0.72648765,0.95231049,0.8875087,1.8794887,0.075347125,-0.35150359,0.016618577,0.15642606
"3095",0.71357706,0.72988094,0.78353807,0.86115533,0.89208166,1.6674485,0.150921,-0.34088217,0.015590062,0.14967708
"3096",0.69152842,0.70407061,0.70728218,0.90668124,0.93017899,1.6534495,0.18248459,-0.44040413,0.024176638,0.14756568
"3097",0.71789622,0.75663824,0.78776848,0.87351841,0.9272219,1.2610799,0.22899681,-0.4014435,0.01780007,0.14674753
"3098",0.64464226,0.69944636,0.68499542,0.7824255,0.90691198,1.5323554,0.17510434,-0.41729832,0.024031872,0.15009842
"3099",0.66922718,0.67038039,0.72244909,0.75638699,0.82135008,1.5404618,0.10526238,-0.36361261,0.037767887,0.15247769
"3100",0.60485643,0.69586499,0.70238976,0.7912128,0.92160164,1.4799368,0.16997789,-0.34103912,0.03801871,0.15962347
"3101",0.64899571,0.71139526,0.73027479,0.82068658,0.85256751,1.5616992,0.18453585,-0.3009693,0.042712412,0.16284274
"3102",0.65808581,0.69894012,0.73183468,0.78806741,0.92377625,1.4898502,0.20889478,-0.30536168,0.04317214,0.16903849
"3103",0.70744703,0.69243013,0.73168325,0.83249007,0.83372475,1.7267819,0.24334742,-0.32674106,0.051328028,0.18877829
"3104",0.72631979,0.7247883,0.75094483,0.92833703,0.93855159,1.4717494,0.26843447,-0.38142337,0.047285417,0.18011194
"3105",0.67213643,0.68267928,0.68845084,0.80462019,0.89767287,1.2631278,0.28641646,-0.38602416,0.024855295,0.18011233
"3106",0.66994645,0.68421481,0.72661292,0.74841704,0.90007599,1.3070785,0.21495613,-0.33833328,0.021719572,0.17333908
"3107",0.55409651,0.7068477,0.73305566,0.78070389,0.85918158,1.5244351,0.18327974,-0.38817145,0.043116432,0.16443233
"3108",0.66250332,0.61716935,0.74117028,0.77095802,0.88486425,1.5662637,0.24006517,-0.41684113,0.03622914,0.17629711
"3109",0.62106328,0.6835664,0.65826611,0.85704731,0.88989447,1.7412872,0.25436374,-0.3365637,0.03778139,0.15185371
"3110",0.47816919,0.68148391,0.7480153,0.80557051,0.90459126,1.6933227,0.2282671,-0.33403668,0.029416268,0.15704725
"3111",0.57878616,0.65025584,0.70698185,0.85959674,0.90384288,1.6947161,0.2598984,-0.31217304,0.028415236,0.16145285
"3112",0.67435924,0.69836107,0.71871643,0.83044712,0.85945842,1.8214074,0.20822961,-0.29098299,0.044465836,0.16494769
"3113",0.68435766,0.66390978,0.74132521,0.82957137,0.91445107,1.9968148,0.2146153,-0.3238437,0.02618438,0.15738683
"3114",0.66287837,0.65915676,0.74167024,0.82779613,0.89575888,1.9697092,0.24107118,-0.43757706,0.021355344,0.16275649
"3115",0.68331601,0.66614632,0.72009132,0.82954138,0.87631529,1.9997424,0.27024,-0.44799682,0.020033786,0.15934626
"3116",0.69920033,0.67154017,0.73902621,0.81755671,0.88470592,2.053048,0.29503699,-0.42377657,0.029901466,0.16526328
"3117",0.68144886,0.64447609,0.69146422,0.7893674,0.90812119,1.954034,0.19940021,-0.43588484,0.033220913,0.16575028
"3118",0.66247561,0.72257968,0.68217296,0.88234257,0.85196789,1.9822423,0.38586625,-0.32052145,0.042481,0.16811474
"3119",0.74393381,0.73464744,0.71198642,0.88554796,0.93560247,1.8041505,0.33508453,-0.37371033,0.035604339,0.16506935
"3120",0.74810642,0.73881411,0.65227461,0.84093821,0.93495606,1.7496675,0.31630529,-0.36907166,0.040960337,0.16573081
"3121",0.68491424,0.75030937,0.74284499,0.81457461,0.94433623,1.8302576,0.28967591,-0.32247387,0.038072181,0.15642545
"3122",0.62219133,0.76089321,0.75470929,0.82301764,0.90837464,1.8728791,0.26783363,-0.31095663,0.03104699,0.15316258
"3123",0.64259572,0.66153421,0.71249895,0.8339695,0.89465108,1.7186591,0.31664591,-0.41365933,0.036386057,0.15307366
"3124",0.64065053,0.73723773,0.6778692,0.84543709,0.84855209,1.5997937,0.26389594,-0.37757043,0.029563409,0.15236038
"3125",0.71528794,0.74502647,0.75360906,0.80188657,0.91848231,1.818986,0.23846795,-0.33207671,0.034786106,0.16353653
"3126",0.66801461,0.71696671,0.67855693,0.84086999,0.90136832,1.6131606,0.22459311,-0.39951459,0.031824787,0.15743536
"3127",0.6722631,0.68439565,0.75663238,0.78135876,0.92305249,1.8719369,0.15249016,-0.38865643,0.022257834,0.1450575
"3128",0.68339403,0.68149636,0.72856588,0.89611413,0.85322769,1.7703544,0.14002486,-0.37432076,0.017724138,0.13794961
"3129",0.72788281,0.72937186,0.6893264,0.71553236,0.91760518,1.9343889,0.09360484,-0.35999181,0.026036433,0.15134091
"3130",0.71064411,0.64953689,0.7375403,0.92521035,0.88963391,1.6907284,0.098064464,-0.40844551,0.039472965,0.15030476
"3131",0.69658523,0.70195391,0.73106913,0.85979098,0.85703687,1.6400726,0.18101299,-0.42352509,0.045441334,0.13628774
"3132",0.73489994,0.68153305,0.70228488,0.86911734,0.91832822,1.5678708,0.22969227,-0.44552043,0.054438872,0.13793027
"3133",0.62820344,0.65627662,0.73029828,0.87578221,0.92633115,1.6076104,0.19303918,-0.40777422,0.046667787,0.14852786
"3134",0.63742008,0.63469159,0.75814121,0.91342123,0.9010943,1.6429615,0.21128944,-0.39713602,0.046837307,0.14385963
"3135",0.63400846,0.65395193,0.77016795,0.89094116,0.95055146,1.6252227,0.19719499,-0.41074124,0.048959495,0.14628835
"3136",0.62489164,0.65593798,0.77612091,0.89260761,0.95379456,1.6193933,0.20178147,-0.40444333,0.048431488,0.14718427
"3137",0.70417611,0.64745257,0.72324355,0.8053782,0.86972347,2.0876068,0.20561341,-0.30967857,0.037260469,0.15149009
"3138",0.70530134,0.64966895,0.72575256,0.80220876,0.86717949,2.1416533,0.22219976,-0.32744808,0.037808562,0.14999276
"3139",0.67785555,0.74733775,0.73710441,0.7726476,0.82625374,1.8882288,0.18460298,-0.29493868,0.029592457,0.15543371
"3140",0.64770673,0.66584995,0.73996859,0.79507236,0.92980552,1.5494916,0.2813674,-0.31073299,0.028719147,0.15973079
"3141",0.6334762,0.63762422,0.61740309,0.75762416,0.86576555,1.5371438,0.29073692,-0.33419709,0.030868498,0.16215879
"3142",0.71167883,0.75432333,0.74925246,0.73474956,0.88708034,1.3408813,0.24917112,-0.29435562,0.029561948,0.1489484
"3143",0.65129599,0.68202963,0.77481177,0.75970827,0.89754586,1.4164415,0.22378122,-0.26770484,0.039114344,0.14292403
"3144",0.66404829,0.62105218,0.69481195,0.81673607,0.86563007,1.428314,0.18699565,-0.22674801,0.033475994,0.14910166
"3145",0.57580393,0.63489437,0.69856906,0.79873197,0.90109979,1.4512665,0.22672096,-0.24650806,0.01978514,0.14208767
"3146",0.58621095,0.63390375,0.71003972,0.83952381,0.88263134,1.4544337,0.26948504,-0.25091422,0.02339006,0.14754307
"3147",0.62363384,0.71265295,0.70582484,0.85165297,0.8963942,1.727212,0.25289902,-0.32504944,0.019962754,0.16501376
"3148",0.64664372,0.69517149,0.6488462,0.73985424,0.85640603,2.0334914,0.26480194,-0.33398875,0.024167132,0.16136607
"3149",0.73910711,0.64109273,0.70080197,0.80790381,0.91755511,2.0525414,0.24771826,-0.3508875,0.035693591,0.17016871
"3150",0.6613724,0.65483174,0.70943432,0.83915004,0.84246023,2.1391117,0.28906068,-0.30070143,0.03048746,0.18300649
"3151",0.64680492,0.7191537,0.74397443,0.81317296,0.9232282,2.1253352,0.31864204,-0.23213494,0.013091846,0.16242712
"3152",0.68137004,0.67708013,0.72908688,0.79419272,0.83764422,1.511024,0.43574893,-0.40066729,0.022068016,0.15669524
"3153",0.70820492,0.68907579,0.72244365,0.88981164,0.91326507,1.5862805,0.45069978,-0.5634329,0.0092820439,0.14971345
"3154",0.58398003,0.65481475,0.74818772,0.72783143,0.836168,1.8759252,0.48542118,-0.39738514,0.0022738561,0.14619006
"3155",0.66402,0.68697367,0.76222911,0.75837109,0.8919196,1.7872372,0.53389764,-0.46730344,0.0074264337,0.13650792
"3156",0.64518428,0.70076375,0.71075646,0.78815756,0.89571014,1.761296,0.47307915,-0.40661474,0.0065246125,0.1441205
"3157",0.66774764,0.68977124,0.66879796,0.77005637,0.89669348,1.7109025,0.31916146,-0.42640426,0.012986106,0.14551285
"3158",0.65807013,0.62046099,0.70788553,0.80019068,0.90313545,1.7759758,0.2614041,-0.4233143,0.021615247,0.14431273
"3159",0.68793448,0.70607953,0.73116866,0.76485797,0.84218626,1.7738171,0.29521184,-0.44055426,0.011337132,0.13962977
"3160",0.68123298,0.69064891,0.72771152,0.78653532,0.90025665,1.530028,0.21110603,-0.41896079,0.0049117734,0.14654799
"3161",0.6990507,0.68242003,0.71551392,0.78771067,0.82843799,1.6172264,0.20262893,-0.34593076,0.019657129,0.14755926
"3162",0.69676419,0.72564134,0.71798404,0.90242059,0.95529404,1.2643679,0.22912129,-0.28687382,0.014715699,0.14166392
"3163",0.5951524,0.74357175,0.75880341,0.89814892,0.86217898,1.5961673,0.24283893,-0.27453024,0.016818273,0.13806885
"3164",0.66734516,0.70732746,0.73894518,0.82024332,0.91594318,1.3030781,0.29618894,-0.40377698,0.0028576154,0.14599368
"3165",0.74103046,0.72840482,0.70167189,0.85052846,0.852621,1.2155515,0.16202164,-0.47672648,0.00691767,0.14412337
"3166",0.71408144,0.68747868,0.75651671,0.83472587,0.90206275,1.2471449,0.11929893,-0.39508974,0.0038559393,0.13981847
"3167",0.65477951,0.72325058,0.74350435,0.82342485,0.85322934,1.2021004,0.20824351,-0.3831847,0.0065145412,0.13073645
"3168",0.68542106,0.70235302,0.7494411,0.85765435,0.88041982,1.2669418,0.2109661,-0.35227816,0.0086405702,0.13148881
"3169",0.59070344,0.63891987,0.75903053,0.83136329,0.94569662,1.5119115,0.29439626,-0.31836485,0.010247883,0.13821873
"3170",0.58851627,0.71760359,0.70599109,0.80963655,0.84240514,1.3676067,0.23480265,-0.3205508,0.01797167,0.14611045
"3171",0.6990419,0.72541405,0.7300962,0.85375043,0.92049898,1.4454559,0.069849461,-0.22454325,0.020446652,0.13830259
"3172",0.68090129,0.73789191,0.71375745,0.86360775,0.90501953,1.6608354,0.056414883,-0.28906741,-0.0011508474,0.13707774
"3173",0.66395965,0.77419361,0.78546145,0.88465863,0.88767287,1.5995202,0.01589644,-0.3026677,0.0043125111,0.13783523
"3174",0.65631054,0.65785422,0.69810425,0.76983661,0.82999063,1.987678,0.16122354,-0.29299541,0.0011016126,0.13043801
"3175",0.64004013,0.66786905,0.72062045,0.79387815,0.84955813,1.9772087,0.13762567,-0.26818587,-0.005253749,0.12987114
"3176",0.7080878,0.67540872,0.68779902,0.73501876,0.87017038,2.0274876,0.16893896,-0.24550838,-0.00089732702,0.12653403
"3177",0.68822793,0.68940907,0.71883833,0.8816775,0.88076006,1.5955394,0.26820897,-0.22696451,0.0029208338,0.1325587
"3178",0.73005127,0.65554769,0.74698956,0.85021719,0.86156326,1.8267877,0.32650914,-0.24749791,0.0045555907,0.14126886
"3179",0.66416489,0.69156108,0.71851331,0.86244407,0.88180867,1.5670592,0.44978975,-0.36103487,0.012563258,0.14374176
"3180",0.67695409,0.62274336,0.71532875,0.82060138,0.8502596,1.340051,0.35283801,-0.41676842,0.022022893,0.14708208
"3181",0.68025873,0.62812459,0.70479443,0.81478482,0.85386498,1.3684031,0.32191197,-0.4187476,0.021843291,0.14468323
"3182",0.60575392,0.60532067,0.71675608,0.77657183,0.88182386,1.2259781,0.32039515,-0.43093981,0.023516272,0.14628063
"3183",0.65810646,0.63610281,0.62554275,0.79835456,0.84046131,1.3711287,0.26764852,-0.48140278,0.030766545,0.14816499
"3184",0.72569672,0.63935269,0.72117002,0.79558498,0.86645858,1.5555465,0.29016656,-0.43794663,0.025974565,0.1514848
"3185",0.76692626,0.67258479,0.72794772,0.78124666,0.8770408,1.5456538,0.32675781,-0.45475468,0.022673739,0.14509185
"3186",0.67769562,0.65049179,0.707795,0.76045675,0.92322779,1.4360969,0.31697092,-0.45071937,0.022299721,0.13512232
"3187",0.77848149,0.68074437,0.7521749,0.8952712,0.91973682,1.3504365,0.2794227,-0.33286684,0.0024893507,0.1390981
"3188",0.65370961,0.73273415,0.74584837,0.81677696,0.83765296,1.7869188,0.20447371,-0.34213196,0.00026002325,0.1622536
"3189",0.69369617,0.67994457,0.72400139,0.80627703,0.8888959,1.1861899,0.23226825,-0.39978945,0.018234362,0.1492187
"3190",0.69787841,0.69073421,0.66835136,0.76564877,0.91283752,1.3135059,0.25880435,-0.40753212,0.011897263,0.14769489
"3191",0.69534491,0.66246504,0.72793548,0.80424187,0.85204669,1.152117,0.23247287,-0.34831599,0.011490312,0.15978601
"3192",0.63978521,0.651941,0.73379882,0.80629532,0.85851487,1.3348727,0.28733182,-0.34215065,0.020767758,0.16081464
"3193",0.69648933,0.70397834,0.72417657,0.85794322,0.9160882,1.555858,0.32422269,-0.41139761,0.028206094,0.16494317
"3194",0.69648221,0.72243194,0.70563894,0.83398545,0.94167959,1.50651,0.3302891,-0.43454598,0.029728767,0.16380837
"3195",0.67050327,0.65383216,0.73409495,0.79278553,0.84959428,1.6142631,0.34226461,-0.40396667,0.023689198,0.1645481
"3196",0.64752877,0.68610982,0.72404058,0.84697142,0.91631938,1.6239375,0.33601527,-0.38522713,0.023298191,0.15812682
"3197",0.65314393,0.64215663,0.73465117,0.85964797,0.83773383,1.5267903,0.22590365,-0.47916384,0.022790934,0.15426111
"3198",0.69821266,0.70889747,0.74243153,0.86787494,0.95951509,1.3435706,0.26827812,-0.47734449,0.022206231,0.14452396
"3199",0.65750294,0.6499808,0.71574556,0.81382109,0.88958296,1.4631123,0.21610971,-0.39566203,0.031446623,0.14035574
"3200",0.65001774,0.67860848,0.65586213,0.74436067,0.90336993,1.6302036,0.17610919,-0.41785481,0.030718982,0.1414941
"3201",0.63572383,0.72762917,0.75482904,0.84992987,0.83735249,1.1558298,0.15654169,-0.37772792,0.029879403,0.15685315
"3202",0.64668393,0.59599394,0.6540619,0.75518077,0.87015541,1.6442703,0.089623027,-0.37303333,0.034805609,0.15167329
"3203",0.68585674,0.72031701,0.7495974,0.88574708,0.9008558,1.7472451,0.22482831,-0.3931137,0.035252514,0.15692362
"3204",0.62562434,0.67985094,0.70469889,0.79866181,0.90028075,1.5563321,0.23612689,-0.42296145,0.033187092,0.15477437
"3205",0.64296391,0.68370888,0.75397779,0.88639511,0.92316573,1.5001262,0.25103523,-0.49399958,0.030944423,0.15515099
"3206",0.66483566,0.65867152,0.69630088,0.80996307,0.9147767,1.450021,0.21536492,-0.44063362,0.033438535,0.16067457
"3207",0.64516592,0.70628333,0.72592333,0.84818151,0.91772267,1.158462,0.24363764,-0.45219906,0.01944641,0.16279754
"3208",0.63550374,0.72022848,0.72117265,0.86070316,0.8365474,1.1553146,0.20661479,-0.45275985,0.015910867,0.16563245
"3209",0.60545265,0.69166743,0.79856433,0.83410665,0.90763722,1.3103682,0.19452919,-0.41599097,0.017651025,0.17091563
"3210",0.62537479,0.73975815,0.80488868,0.83312382,0.94791142,1.2856282,0.24242418,-0.38624,0.016806309,0.16898411
"3211",0.63264593,0.67728232,0.73201075,0.78055686,0.91895066,1.3126299,0.25090834,-0.35313733,0.010699902,0.16453027
"3212",0.61237338,0.70759252,0.69189373,0.86719338,0.86481206,1.1330583,0.21449507,-0.31913504,0.013291847,0.17001066
"3213",0.67234956,0.67018547,0.7241275,0.81441333,0.87618461,1.3293489,0.19176006,-0.41407941,0.016420431,0.16617281
"3214",0.60839851,0.70600955,0.67703899,0.87495896,0.86905582,1.0955978,0.12650754,-0.41059207,0.019832745,0.16989018
"3215",0.58968392,0.65352661,0.71356689,0.85379277,0.83558661,1.5382174,0.18699526,-0.38562571,0.021201304,0.18977672
"3216",0.78233001,0.67418325,0.78542163,0.73718805,0.92951655,1.3734855,0.16456465,-0.44940342,0.011026188,0.15868686
"3217",0.79780501,0.69125962,0.78976873,0.7226561,0.92817503,1.4006506,0.16357016,-0.46999158,0.01034149,0.15964865
"3218",0.70185571,0.7203329,0.71550961,0.80590207,0.88048659,1.3647236,0.25409631,-0.46969074,0.013286375,0.15475883
"3219",0.71609695,0.63893804,0.70280666,0.80711374,0.88486074,1.2732736,0.27918574,-0.44741323,0.016838603,0.1644355
"3220",0.72018477,0.73296383,0.76212544,0.80314738,0.94962496,1.5128211,0.2652845,-0.39494135,0.0093769944,0.15340101
"3221",0.72284832,0.72816232,0.78040087,0.78987695,0.96865884,1.5938203,0.25979508,-0.36853385,0.019625842,0.15033205
"3222",0.63316279,0.68039885,0.68842576,0.84115138,0.8641113,1.4752148,0.23554861,-0.51311056,0.016868124,0.1506378
"3223",0.66127407,0.6786912,0.70157498,0.76586614,0.83244438,1.7549448,0.21992202,-0.44768267,0.0044122585,0.15240418
"3224",0.62528022,0.67891721,0.68726173,0.78774477,0.88637948,1.2950372,0.25656235,-0.52259388,0.0027728045,0.15571932
"3225",0.62855239,0.64237869,0.72754352,0.78634078,0.87057741,1.4917397,0.28491017,-0.56431656,0.0026236795,0.15869324
"3226",0.63418349,0.66619636,0.72871581,0.77749044,0.87198457,1.461604,0.29684825,-0.57348207,0.0035709728,0.15892464
"3227",0.74730523,0.71273755,0.6970472,0.8610285,0.89389353,1.3714278,0.22662733,-0.45916715,0.0062340999,0.1433306
"3228",0.73039101,0.6787741,0.74402379,0.83793836,0.84931903,1.9731473,0.22158075,-0.33921773,0.01913201,0.15943264
"3229",0.72385687,0.69632712,0.74487144,0.82943867,0.83454016,1.8957633,0.23348301,-0.34311087,0.01792864,0.16012738
"3230",0.62110166,0.77209705,0.73086732,0.84587595,0.9599007,1.3093287,0.18316318,-0.35149335,0.015241196,0.16340675
"3231",0.63581121,0.68234776,0.72766149,0.75951786,0.87825518,1.7808884,0.2926799,-0.4155948,0.010521819,0.15921323
"3232",0.65692968,0.65467845,0.68957719,0.81328613,0.90890459,1.7259558,0.20220348,-0.4216275,0.024419639,0.15549022
"3233",0.62099168,0.68098303,0.66296331,0.87198068,0.90585578,1.6342127,0.21726471,-0.4425262,0.021577389,0.155646
"3234",0.64302511,0.65685306,0.67125397,0.92135314,0.86054952,1.650656,0.2198091,-0.4127802,0.023535124,0.13751104
"3235",0.63321503,0.64213977,0.67974242,0.85379504,0.92662736,1.5311698,0.18283794,-0.29268109,0.024216314,0.13274795
"3236",0.77026904,0.66912957,0.72604942,0.73391301,0.89581084,1.5082394,0.20360855,-0.350274,0.026235248,0.12911156
"3237",0.55944865,0.69349387,0.71481966,0.84292572,0.89053295,1.9727672,0.16840839,-0.19851374,0.02600659,0.12501939
"3238",0.58120073,0.68907607,0.77418511,0.85801771,0.88527229,1.891095,0.12052916,-0.19625624,0.030353186,0.12273708
"3239",0.58684032,0.63034819,0.6697888,0.78832669,0.88247151,2.0566758,0.035489114,-0.36827611,0.031132037,0.1208697
"3240",0.69912207,0.68443595,0.73377731,0.79545913,0.90335557,1.7100914,0.12536643,-0.40034508,0.022966538,0.1272538
"3241",0.64986829,0.65307491,0.69116423,0.76620715,0.8985217,1.7158616,0.15727221,-0.42205427,0.029131865,0.11717037
"3242",0.71799825,0.70902556,0.76272038,0.86607631,0.90578042,1.5243015,0.16520032,-0.35383376,0.027071439,0.1344476
"3243",0.62579108,0.66752898,0.70859299,0.77685279,0.89704132,1.5143745,0.10219659,-0.37642297,0.015822785,0.12412799
"3244",0.70846266,0.68641455,0.76058051,0.86856298,0.9116033,1.4252456,0.14403009,-0.3448752,0.028101003,0.12837765
"3245",0.65378314,0.68490969,0.7065032,0.79940548,0.88958938,1.6806423,0.1686589,-0.44987509,0.025611075,0.13198571
"3246",0.74862431,0.62272274,0.77334617,0.85832406,0.86390587,1.6882186,0.12479586,-0.44060513,0.02679744,0.1297313
"3247",0.64844487,0.68844634,0.69662847,0.74869486,0.89770013,1.5758286,0.1849974,-0.48101293,0.016134378,0.12863246
"3248",0.71724094,0.70957786,0.71449494,0.80496906,0.98088008,1.4060465,0.17226221,-0.50821064,0.026122226,0.1374651
"3249",0.61667032,0.71246558,0.68079796,0.8905181,0.88109559,1.7458249,0.2098104,-0.50850457,0.031723801,0.13253382
"3250",0.64229554,0.71571525,0.72893813,0.88207826,0.97627665,1.5320555,0.16072993,-0.49824436,0.023960743,0.13432
"3251",0.68351214,0.67250562,0.75009881,0.81945417,0.86952474,1.5050253,0.15425073,-0.54727522,0.024711105,0.13996054
"3252",0.65322109,0.65432496,0.73568664,0.78248196,0.88560349,1.6114186,0.14657445,-0.52485636,0.017747498,0.1304174
"3253",0.6832154,0.69602065,0.74567543,0.80622114,0.90766268,1.7070814,0.097296725,-0.50929044,0.031125001,0.1348094
"3254",0.54932753,0.6420736,0.65857796,0.86210496,0.89802276,1.7575167,0.033482411,-0.4382145,0.020391261,0.1405294
"3255",0.66334138,0.6597414,0.72999824,0.77235267,0.86542134,1.6628001,0.19259118,-0.51757968,0.024661105,0.13132568
"3256",0.65159021,0.72254263,0.73145862,0.80427562,0.91240661,1.9854821,0.19742466,-0.46668938,0.020677738,0.13853072
"3257",0.65199201,0.72153812,0.740944,0.82561305,0.93022798,2.2143288,0.17996258,-0.40733865,0.016812119,0.1361201
"3258",0.65769201,0.67122677,0.69218547,0.80948976,0.8466601,2.2431664,0.072576982,-0.42372938,0.017299643,0.12065269
"3259",0.65468948,0.65950645,0.64205851,0.82324672,0.87370713,2.1048924,0.086659219,-0.39478911,0.027748216,0.13007543
"3260",0.73499213,0.70818423,0.70965661,0.86729923,0.91511881,1.714959,0.17841579,-0.40947947,0.025930094,0.13322035
"3261",0.66084124,0.67781485,0.69525554,0.84445862,0.87581981,1.6426772,0.13212909,-0.40423425,0.037001621,0.13308283
"3262",0.66319501,0.81462859,0.72596425,0.91023809,0.94929543,1.3454214,0.12301281,-0.29667996,0.036220676,0.14659087
"3263",0.6938152,0.72842036,0.74184342,0.84047383,0.93271218,1.4251299,0.13389782,-0.2777091,0.032398493,0.14050594
"3264",0.70656771,0.67154212,0.74031519,0.87720422,0.9119626,1.3327788,0.097335644,-0.28686942,0.037269149,0.14094744
"3265",0.72824632,0.70337591,0.68954336,0.89419757,0.87514884,1.7035509,0.14492049,-0.35074626,0.031949463,0.13128712
"3266",0.7535495,0.78193846,0.79459429,0.87077094,0.91341479,1.4124394,0.17673027,-0.33173747,0.037110378,0.12917141
"3267",0.6818134,0.6981943,0.75940051,0.87614052,0.86622577,1.4758235,0.25113492,-0.31085943,0.044424272,0.13196598
"3268",0.66685845,0.73696352,0.78340262,0.84189447,0.97126579,1.2874858,0.2674353,-0.29983453,0.042885643,0.13494059
"3269",0.6728672,0.6242341,0.72754059,0.82122852,0.8770598,1.4836978,0.32972337,-0.30694786,0.038596776,0.14344657
"3270",0.68724039,0.64108508,0.67793246,0.84503377,0.90771989,1.3959134,0.31782252,-0.30757134,0.045021718,0.14527259
"3271",0.71796203,0.67998326,0.65707705,0.82548051,0.91339604,1.3969493,0.27333443,-0.31504731,0.042868742,0.14074318
"3272",0.61370046,0.70604244,0.75211208,0.85180845,0.90199302,1.2297095,0.28233724,-0.29248126,0.0565524,0.13894742
"3273",0.66372805,0.69567926,0.75349647,0.7795525,0.93799986,1.4813238,0.30243429,-0.33996542,0.062154293,0.12121832
"3274",0.73094118,0.78390218,0.75422234,0.84321276,0.96002246,1.4970112,0.30051691,-0.32411865,0.053168927,0.12394442
"3275",0.73151872,0.68155608,0.70791843,0.84538919,0.91838294,1.6437833,0.31775379,-0.35339648,0.049796494,0.1243177
"3276",0.67183034,0.70440769,0.73233743,0.86345831,0.87723563,1.6083053,0.32907379,-0.37001799,0.065657405,0.1197616
"3277",0.63812611,0.60652389,0.714094,0.84169015,0.83316944,1.8532686,0.27465614,-0.42425919,0.057570548,0.12862673
"3278",0.62866015,0.66674186,0.68162064,0.76290263,0.80156711,1.8780974,0.26940991,-0.37733628,0.055114707,0.13861584
"3279",0.70835292,0.73608863,0.73731594,0.88386043,0.93754648,1.6625433,0.22328352,-0.3177984,0.041560463,0.13294279
"3280",0.67384747,0.70375126,0.75542083,0.82343584,0.91086059,1.7346132,0.19540531,-0.34976687,0.038418385,0.14324178
"3281",0.69605176,0.65471579,0.6715088,0.7877238,0.81845202,1.8139617,0.14213383,-0.15891717,0.024894035,0.15093382
"3282",0.66258956,0.68047413,0.74491585,0.75390856,0.86340894,1.6801802,0.073967119,-0.1613452,0.01710919,0.14817075
"3283",0.64067024,0.711527,0.6835418,0.86476583,0.89260091,1.964864,0.22018939,-0.16098775,0.0062485203,0.15512987
"3284",0.69531941,0.69613682,0.75026365,0.86063427,0.85935594,1.5526156,0.23113464,-0.26281493,0.011624455,0.1573733
"3285",0.65285716,0.69739571,0.73411188,0.82454319,0.89224418,1.5158965,0.27710642,-0.30905572,0.022677464,0.15737996
"3286",0.67195617,0.70978209,0.73263451,0.82945241,0.88996805,1.4087822,0.31495649,-0.31574041,0.027307297,0.1507058
"3287",0.67180962,0.70218714,0.73102547,0.86776934,0.92207121,1.761842,0.32438726,-0.37441676,0.022534922,0.14952646
"3288",0.67691285,0.730796,0.75357936,0.84293403,0.91933543,1.704245,0.34366396,-0.37587746,0.02202295,0.1506774
"3289",0.67372185,0.67043886,0.74230269,0.87701169,0.96069727,1.8118247,0.21235094,-0.3573946,0.026029401,0.13443889
"3290",0.65875274,0.69915973,0.69904531,0.86281164,0.86538559,1.4935409,0.41159859,-0.33806685,0.030705166,0.14619424
"3291",0.6518826,0.68803886,0.70936091,0.81515769,0.86957876,1.5624816,0.40660032,-0.39013089,0.03263885,0.1397761
"3292",0.68163823,0.74424626,0.67152817,0.82693941,0.86481003,1.7116426,0.37374224,-0.30097606,0.016624192,0.13926001
"3293",0.68025542,0.69425057,0.73823409,0.87955618,0.83588107,1.5104814,0.32475409,-0.26957536,0.016968592,0.14662759
"3294",0.68640541,0.72854423,0.75293136,0.82228884,0.91628774,1.5140465,0.32436804,-0.27532086,0.018855207,0.14927024
"3295",0.68664401,0.65714892,0.66978417,0.76339271,0.82384184,1.506231,0.3484275,-0.2640756,0.021284072,0.159029
"3296",0.65695585,0.69607501,0.66128468,0.71089141,0.89897412,1.2090355,0.37502111,-0.33644859,0.02401167,0.14582657
"3297",0.68338246,0.7000952,0.74800535,0.81437858,0.86067923,1.5657201,0.3359812,-0.33731549,0.030574365,0.16272177
"3298",0.68687748,0.74344875,0.69619989,0.80789701,0.92995164,1.490086,0.29555426,-0.36668897,0.039085763,0.15036824
"3299",0.68191999,0.71870107,0.70603899,0.80851607,0.94075651,1.5250357,0.3098386,-0.36968072,0.03499671,0.1500677
"3300",0.66093909,0.7139403,0.70272235,0.79965313,0.92230205,1.4620545,0.28842583,-0.40999854,0.038155519,0.15282858
"3301",0.62220961,0.69175665,0.73323071,0.8221735,0.89115613,1.3619953,0.29149899,-0.35218638,0.028822039,0.16690134
"3302",0.68479232,0.70954368,0.71079527,0.8140498,0.90359886,1.452613,0.22162466,-0.33789063,0.032719666,0.17332154
"3303",0.65159106,0.68417033,0.67668943,0.84835685,0.91886965,1.4274411,0.2383051,-0.30322777,0.030707785,0.16992826
"3304",0.62936661,0.68791823,0.70891366,0.84655302,0.9359278,1.4451848,0.22804267,-0.31456609,0.029187718,0.16274031
"3305",0.66321128,0.60479285,0.70865722,0.81375207,0.85817893,1.6186954,0.24430722,-0.37590667,0.04315451,0.1764998
"3306",0.63273335,0.66674401,0.65483767,0.80259329,0.8150648,1.6665744,0.24717066,-0.38636789,0.037933392,0.17119673
"3307",0.59806677,0.62967891,0.66653066,0.79634,0.8256596,1.6674017,0.24364805,-0.36628806,0.034785717,0.16810716
"3308",0.62922295,0.6294987,0.68195355,0.79175253,0.80922393,1.6976393,0.20630853,-0.3667716,0.037098772,0.17184363
"3309",0.67486537,0.7051387,0.65314959,0.76417204,0.89567877,1.5701627,0.22140115,-0.36364012,0.036763237,0.16784605
"3310",0.69568194,0.66515054,0.67884627,0.75904796,0.8524847,1.5567325,0.19833344,-0.36006637,0.028272097,0.1649582
"3311",0.68150261,0.72615542,0.71284858,0.78881845,0.86325202,1.6306213,0.29146034,-0.38123269,0.026794717,0.16435702
"3312",0.68594105,0.65173884,0.74993435,0.83046425,0.91938705,1.6621596,0.24026917,-0.32597824,0.032547572,0.16267593
"3313",0.69550709,0.64747453,0.68697598,0.8065672,0.88174911,1.6620111,0.22400256,-0.35213829,0.035197917,0.15481993
"3314",0.71865765,0.71367841,0.77643377,0.8157289,0.93794427,1.48838,0.17471019,-0.37463561,0.029833257,0.14802005
"3315",0.69690064,0.75608949,0.73143083,0.89758599,0.92993777,1.4965653,0.1515217,-0.40536938,0.033577828,0.14889679
"3316",0.67765381,0.75608308,0.76478795,0.83863032,0.94026061,1.5844171,0.17138457,-0.40086871,0.037106742,0.15178503
"3317",0.64681339,0.67499431,0.69510254,0.79699983,0.84828464,1.4356844,0.26024033,-0.41638491,0.042003722,0.15007932
"3318",0.7302112,0.77330364,0.71944615,0.84034148,0.95619035,1.2890893,0.25722772,-0.39541393,0.031952819,0.14960489
"3319",0.7561828,0.70512952,0.6395032,0.8623647,0.90988718,1.4053123,0.27957871,-0.37385163,0.032761373,0.14828309
"3320",0.70255327,0.71181536,0.70067058,0.7898933,0.90743533,1.5478691,0.28106367,-0.32746396,0.028643049,0.1491427
"3321",0.70321302,0.70325211,0.73602092,0.83415338,0.83547519,1.7521249,0.27107507,-0.31351329,0.02933487,0.15038318
"3322",0.6488653,0.69305398,0.73910948,0.82304167,0.86501729,1.8179397,0.33689583,-0.27986289,0.035221458,0.17676983
"3323",0.64307962,0.66325161,0.67346925,0.86796222,0.90026054,1.6957582,0.26685533,-0.27967649,0.0413199,0.17113538
"3324",0.65752274,0.68712556,0.78877876,0.8314922,0.89406896,1.6046514,0.34857401,-0.34409568,0.040751231,0.15493593
"3325",0.66967406,0.68574897,0.7794578,0.8190546,0.89292056,1.6279836,0.32207394,-0.33761618,0.039348456,0.15441412
"3326",0.5966439,0.6675447,0.67532256,0.86674249,0.89858982,1.9423766,0.2899043,-0.38889918,0.046262014,0.15288374
"3327",0.64521733,0.69367881,0.6815791,0.77517506,0.87627716,1.8010627,0.33794822,-0.37202446,0.049478633,0.14396877
"3328",0.61548158,0.66167352,0.65172264,0.82328238,0.86520733,1.8424078,0.31353413,-0.40376277,0.05412411,0.14111738
"3329",0.69483616,0.71712478,0.75261969,0.81146049,0.88750456,1.6884006,0.24396566,-0.30024694,0.05059555,0.13644636
"3330",0.65947114,0.69983855,0.7627528,0.87912276,0.88954265,1.8485114,0.3102297,-0.3580791,0.046290563,0.14059702
"3331",0.66178265,0.72777223,0.71741097,0.86898187,0.8741812,1.9399933,0.32687443,-0.35306105,0.045792598,0.14399713
"3332",0.6677799,0.68161536,0.74709037,0.83178891,0.91014428,1.6408315,0.18692017,-0.30718778,0.039322082,0.13567322
"3333",0.68620635,0.68983833,0.70314801,0.77413782,0.84243765,1.7919537,0.21145834,-0.29111912,0.030393083,0.12777226
"3334",0.66010367,0.68476295,0.77999402,0.90822454,0.99746654,1.7333387,0.22453854,-0.31437898,0.032758176,0.14583106
"3335",0.72028099,0.69534831,0.69259106,0.7202685,0.8680541,1.8067201,0.22930803,-0.21555478,0.029045758,0.14117635
"3336",0.67108245,0.69584441,0.74545951,0.80441139,0.90943819,1.5683261,0.29864197,-0.20864431,0.028610936,0.15108822
"3337",0.68626587,0.65545812,0.72195422,0.86167191,0.89010584,1.499106,0.27442628,-0.21960041,0.028175793,0.15087545
"3338",0.61104869,0.67613332,0.69103879,0.7628878,0.8446792,1.6275619,0.24313271,-0.27734467,0.025374805,0.16622556
"3339",0.57142406,0.67140466,0.61037631,0.72222314,0.88607813,1.4435767,0.2294742,-0.2973464,0.026207043,0.16751862
"3340",0.64367125,0.71120155,0.71171241,0.81022395,0.84382866,1.8333939,0.30269924,-0.30515152,0.014702053,0.17828468
"3341",0.66341882,0.70894926,0.70096619,0.77915277,0.87159391,1.8079536,0.29804769,-0.27588804,0.015666412,0.18861908
"3342",0.63489772,0.71788504,0.73394098,0.76284393,0.8934398,1.4497089,0.22100303,-0.25514292,0.0078331427,0.18413867
"3343",0.71900779,0.69584759,0.72515427,0.86524891,0.95078582,1.1850634,0.23324751,-0.31398983,0.013903399,0.17488735
"3344",0.64562243,0.67768992,0.7162817,0.76208109,0.84532282,1.010207,0.2728697,-0.27580636,0.012963069,0.17802715
"3345",0.65830149,0.7581832,0.74741903,0.84302875,0.91137878,1.1600235,0.23931122,-0.21866987,0.024147193,0.17033092
"3346",0.56576167,0.7602105,0.70762565,0.81814033,0.90098923,1.3196531,0.3634996,-0.33227626,0.027025287,0.16867603
"3347",0.66378436,0.74068038,0.71319055,0.76015723,0.88104936,1.2440748,0.31579793,-0.3593808,0.021873916,0.17621971
"3348",0.6284727,0.64571102,0.70925641,0.8220171,0.88545482,1.3517381,0.2659597,-0.30829322,0.021934432,0.18497772
"3349",0.63442127,0.63886544,0.76357195,0.76378913,0.90101035,1.4340046,0.28711718,-0.30721382,0.02306916,0.18742134
"3350",0.69166919,0.73069244,0.72334901,0.78530866,0.87639281,1.4772832,0.29257273,-0.36581342,0.024692271,0.19111234
"3351",0.64202241,0.6354499,0.72121438,0.82223834,0.83925591,0.92512249,0.27965161,-0.33121381,0.014140694,0.20791838
"3352",0.68770438,0.69170922,0.75541306,0.87908152,0.90048074,1.5865314,0.23319345,-0.48351045,0.027809107,0.21946613
"3353",0.6890692,0.71898211,0.70544584,0.83692699,0.85441825,1.6925365,0.1423338,-0.44698916,0.022340364,0.21403467
"3354",0.72193756,0.69926926,0.67951932,0.89836616,0.89623296,1.5877285,0.13709076,-0.43978237,0.027121587,0.21269221
"3355",0.60268015,0.68761741,0.67921801,0.83199507,0.84960613,1.6864445,0.16364729,-0.3373318,0.028212394,0.20692776
"3356",0.63913535,0.69970167,0.68194956,0.81696868,0.86118486,1.5604039,0.13493947,-0.35716151,0.028912161,0.19205302
"3357",0.65416597,0.70390228,0.67823538,0.78645126,0.88026514,1.7783335,0.19756057,-0.40128569,0.032568901,0.18941424
"3358",0.70679415,0.70908293,0.72053096,0.90646289,0.98266072,1.5796602,0.30461204,-0.39731522,0.035887059,0.18103583
"3359",0.60789374,0.63115543,0.70223185,0.66641056,0.88391948,1.7516469,0.26965769,-0.40078257,0.032505897,0.19886674
"3360",0.62407599,0.68520493,0.70456455,0.78658416,0.86883163,1.7645681,0.25829484,-0.44360356,0.026013225,0.18798
"3361",0.67816175,0.66029165,0.71993679,0.76161875,0.88011219,2.2685461,0.20076517,-0.38893636,0.034640915,0.17077532
"3362",0.6453833,0.74254438,0.70998431,0.88309408,0.90559776,2.199944,0.16406143,-0.50303562,0.035143688,0.16088767
"3363",0.62988396,0.69383832,0.73774243,0.85432302,0.89164358,2.3509342,0.19213458,-0.480158,0.031849397,0.16209356
"3364",0.64943977,0.69224623,0.71363927,0.76932717,0.84191531,2.300207,0.16924339,-0.48171477,0.026484404,0.13971713
"3365",0.65858492,0.64835454,0.70309753,0.77513922,0.830446,2.5800135,0.17088343,-0.46333325,0.024733411,0.14180903
"3366",0.59902221,0.74870557,0.76913503,0.79962882,0.92554155,2.1838365,0.1125547,-0.40618815,0.022248416,0.1593542
"3367",0.61844184,0.6585952,0.68101811,0.68566289,0.80628142,2.020064,0.13826658,-0.45089854,0.017710027,0.13988223
"3368",0.7356132,0.7039118,0.73280923,0.81419192,0.91693099,1.819128,0.059210849,-0.42347331,0.027815232,0.12653796
"3369",0.62923884,0.75581064,0.71238513,0.85808378,0.83426134,1.8706573,0.19393595,-0.48888244,0.026176239,0.13346793
"3370",0.62207308,0.62945886,0.68851402,0.88237722,0.85894102,1.9489325,0.16199405,-0.59459663,0.022314707,0.1293079
"3371",0.61520839,0.6747889,0.73185656,0.91919336,0.85632338,1.7630366,0.13423178,-0.51313624,0.024956435,0.14013665
"3372",0.63394625,0.72235191,0.71913448,0.82077135,0.92037052,1.3706513,0.15069018,-0.54205296,0.021597333,0.1458207
"3373",0.70221512,0.71093045,0.75564149,0.7543762,0.88529648,1.9747038,0.25099908,-0.36789121,0.019770154,0.15514188
"3374",0.64812145,0.67711647,0.70306913,0.85135167,0.86634673,2.0041837,0.28374846,-0.36585375,0.011850157,0.15439816
"3375",0.61036135,0.72249751,0.73623372,0.85540987,0.87000794,1.7789295,0.33090673,-0.30480532,0.0040119937,0.15297273
"3376",0.67423129,0.67474178,0.69710866,0.89208412,0.88370757,1.7576211,0.30169321,-0.36567721,-0.0016180976,0.15408398
"3377",0.6980924,0.67398753,0.70866802,0.87193075,0.868702,1.8946374,0.40039234,-0.34788593,0.0024233459,0.15011898
"3378",0.62868911,0.71985686,0.67305695,0.76948025,0.87241436,2.2246765,0.41526083,-0.35185027,0.0080714014,0.16138977
"3379",0.66461232,0.7362156,0.7457245,0.84997918,0.9283425,1.4973176,0.26273429,-0.43552107,0.0095810333,0.16273265
"3380",0.66779928,0.71462885,0.73935086,0.81457356,0.93673,1.5047785,0.23930493,-0.3672318,0.0087767323,0.16685996
"3381",0.59255602,0.64569337,0.72409741,0.85271885,0.8917383,1.562232,0.25711348,-0.265545,0.0079491453,0.16420238
"3382",0.65961963,0.71450835,0.7215333,0.71066256,0.86991982,1.2679199,0.41309143,-0.34700288,-0.0032692342,0.14650718
"3383",0.66704409,0.6503317,0.74549299,0.87312224,0.89238466,1.684522,0.25970273,-0.40084792,0.0014006002,0.15007607
"3384",0.64513202,0.70354561,0.73336784,0.78923001,0.8738548,1.6726158,0.20536844,-0.42338024,0.009320864,0.14421588
"3385",0.69063046,0.78114343,0.70855549,0.74866317,0.91860669,1.4296623,0.18200517,-0.43101803,-0.0057313276,0.14294603
"3386",0.64491066,0.69953317,0.72871134,0.77013542,0.89289468,1.5663393,0.19836994,-0.4154895,-0.00097713503,0.15732133
"3387",0.66855483,0.69420223,0.7198252,0.75697061,0.91185214,1.6179595,0.20896559,-0.33253156,-0.003899457,0.1554834
"3388",0.74200311,0.70398421,0.74944037,0.87546948,0.91186027,1.5639554,0.20757882,-0.30148227,0.006866791,0.1601841
"3389",0.69101045,0.707714,0.7436853,0.85892038,0.84791011,1.7470003,0.25545723,-0.27010516,0.015614627,0.17173668
"3390",0.61527352,0.72001471,0.70997337,0.76834275,0.87387954,1.7990276,0.26675831,-0.28859517,0.021152349,0.17751099
"3391",0.63913412,0.59216625,0.70360256,0.81816744,0.83936472,1.7544981,0.12082564,-0.28042268,0.013865857,0.16573152
"3392",0.706266,0.73632039,0.75981068,0.77166271,0.93891032,1.9419504,0.16632864,-0.41621694,0.012352681,0.17665214
"3393",0.64988634,0.73199717,0.70500664,0.7539931,0.85502554,2.1841539,0.15216735,-0.38507303,0.010855698,0.17578101
"3394",0.68071106,0.68259092,0.72940779,0.74940528,0.87007347,2.0477096,0.10644699,-0.3787136,0.010907501,0.17373315
"3395",0.67814856,0.67581173,0.64935712,0.7849006,0.8475368,1.8688509,0.23322227,-0.54611007,0.017537174,0.16119575
"3396",0.79068575,0.69256286,0.7595478,0.82844055,0.91776705,1.5076448,0.14268705,-0.67484529,0.013181566,0.1617197
"3397",0.69240627,0.7391016,0.73405549,0.86975717,0.89071322,1.6052091,0.18318927,-0.58258531,0.017063005,0.15415103
"3398",0.63813107,0.67312609,0.72111004,0.81315522,0.91387192,1.5943431,0.12557732,-0.47089865,0.012421693,0.13139653
"3399",0.65661648,0.72449827,0.76275808,0.81498478,0.93928628,1.5909725,0.073066483,-0.41366664,0.0086929658,0.13606995
"3400",0.68212109,0.72143921,0.70820274,0.82129808,0.89397447,1.6491211,0.10138748,-0.3768763,0.02329852,0.13916644
"3401",0.69957167,0.73502652,0.74656254,0.79042095,0.98092189,1.5601469,0.11037741,-0.41862164,0.023001361,0.14138836
"3402",0.73544715,0.77276029,0.77238085,0.85772823,0.91631124,1.5529525,0.10497662,-0.37097068,0.020583065,0.14802663
"3403",0.72766632,0.74121961,0.7979976,0.85737774,0.91765166,1.503971,0.075841637,-0.36550499,0.027491474,0.14643631
"3404",0.72575105,0.74995854,0.71402564,0.82976566,0.89424293,1.5319051,0.051030541,-0.347103,0.022259564,0.14220278
"3405",0.67201115,0.68744797,0.74357029,0.80863143,0.87964301,1.3710635,0.13789875,-0.34404665,0.01859926,0.14689911
"3406",0.70145039,0.68648246,0.68489017,0.86394848,0.83795806,1.4037099,0.16121825,-0.28676773,0.010355387,0.14499849
"3407",0.64057158,0.71403562,0.74132525,0.86530644,0.89970789,1.4339776,0.27672715,-0.27042118,0.012169166,0.1545171
"3408",0.65480352,0.64249688,0.72903876,0.77138481,0.8171674,1.0546768,0.2335358,-0.20513553,0.021647382,0.16343584
"3409",0.71599195,0.68482429,0.7548969,0.88757103,0.88159868,1.3526606,0.20247827,-0.059385236,0.013839629,0.16991347
"3410",0.75951889,0.70759071,0.66921225,0.81298449,0.94486924,1.4850416,0.15476081,-0.083107321,0.02197581,0.1787502
"3411",0.78458958,0.6760493,0.72305393,0.80114408,0.8749344,1.490846,0.15489882,-0.086640821,0.016854222,0.17477183
"3412",0.66996313,0.71434834,0.74172867,0.79872724,0.9019537,1.6168267,0.13681318,-0.18809784,0.022361204,0.17175403
"3413",0.68566325,0.70876594,0.7429607,0.79320746,0.91825819,1.6108071,0.15038288,-0.14849369,0.023760285,0.16952187
"3414",0.63696042,0.72879905,0.79109095,0.83957476,0.89976573,1.7174373,0.21444558,-0.14095784,0.023707977,0.17238263
"3415",0.67517444,0.72751099,0.72247983,0.78867,0.90831786,1.578169,0.19939391,-0.14004259,0.033578108,0.17998433
"3416",0.66338379,0.63087314,0.72045396,0.83094617,0.88188022,1.9850553,0.27325906,-0.13634256,0.019760166,0.18061909
"3417",0.67022358,0.73431481,0.71540951,0.79308258,0.9036272,1.7786874,0.25483334,-0.15600151,0.016338079,0.17284612
"3418",0.6257316,0.69165152,0.66953086,0.87215818,0.88644525,1.3889132,0.21799074,-0.29654688,0.020963841,0.16440823
"3419",0.67432161,0.64484232,0.75073952,0.83321954,0.84577339,1.7254777,0.2900825,-0.16041566,0.019026149,0.15991178
"3420",0.67115653,0.68826633,0.72288904,0.78166521,0.91127767,1.5829564,0.34742607,-0.23054312,0.010002879,0.15002756
"3421",0.6225105,0.70190934,0.71199376,0.80562733,0.89092981,1.7246701,0.32947821,-0.22541176,0.010745095,0.16195736
"3422",0.70696579,0.72556933,0.72479945,0.80353178,0.84677222,1.5459393,0.31657127,-0.31035667,0.0089327166,0.14385269
"3423",0.68375195,0.69076369,0.72718736,0.77882621,0.97088727,1.4704194,0.3336374,-0.33432368,0.0089986279,0.15080329
"3424",0.67844575,0.68644441,0.72389883,0.78323104,0.98048365,1.5066173,0.32119404,-0.33314489,0.011092468,0.1496848
"3425",0.59454915,0.70338858,0.73618607,0.80979107,0.89328343,1.5553234,0.26815159,-0.38397744,0.035906122,0.14201111
"3426",0.68412322,0.72832498,0.6938978,0.86069036,0.83176136,1.7301694,0.14463304,-0.36031972,0.011929096,0.14169595
"3427",0.69134365,0.71524129,0.65060645,0.80787594,0.8525506,1.7827797,0.16002231,-0.35494366,0.023681321,0.14510351
"3428",0.68355131,0.69404036,0.73712534,0.82721523,0.8560935,1.6548944,0.14387378,-0.37840169,0.018749561,0.14261915
"3429",0.70923933,0.68377155,0.70823787,0.79953381,0.86652294,1.659076,0.18610115,-0.35896507,0.025586336,0.14938573
"3430",0.73008307,0.69047925,0.74317483,0.81284298,0.8958967,1.6253725,0.20492026,-0.37277616,0.028587854,0.15567795
"3431",0.54004723,0.63162987,0.70034779,0.79671927,0.8867156,1.5016589,0.2440602,-0.32005522,0.030115317,0.1581562
"3432",0.64207205,0.70686016,0.69505703,0.78492942,0.81311629,1.4261131,0.25742014,-0.32195475,0.02957535,0.15830904
"3433",0.7366473,0.66350406,0.7151472,0.77170792,0.91347378,1.3016881,0.32797381,-0.38644294,0.035206656,0.16646934
"3434",0.56227181,0.69435962,0.68556407,0.76457563,0.8766127,1.795353,0.19859793,-0.35190075,0.029145033,0.18298148
"3435",0.69930838,0.65044164,0.65299775,0.78332184,0.87876298,1.8121892,0.26025539,-0.29643277,0.030672753,0.16904459
"3436",0.67146405,0.70023802,0.71266912,0.79684365,0.94575392,1.6565736,0.26198448,-0.30559828,0.03867341,0.15506914
"3437",0.69754376,0.73107312,0.83814015,0.89511722,0.91380418,1.4420863,0.20145418,-0.29712936,0.038413685,0.14282642
"3438",0.59677984,0.63148304,0.66542069,0.82844563,0.8374839,1.568846,0.17680456,-0.23035556,0.051133829,0.14490795
"3439",0.56539563,0.59776758,0.73850831,0.75116234,0.85791116,1.4190867,0.20821863,-0.27996204,0.05309449,0.15180492
"3440",0.58189684,0.61807428,0.70668496,0.7713807,0.85693341,1.3441264,0.17972371,-0.28799498,0.05088357,0.15217937
"3441",0.66916257,0.65371323,0.70105185,0.87948295,0.89963445,1.2842773,0.1939536,-0.29760458,0.050039919,0.15410614
"3442",0.70545732,0.72487867,0.75234041,0.80929735,0.92392184,1.4702696,0.17378966,-0.23169233,0.041061226,0.14925817
"3443",0.65736349,0.64662856,0.69304366,0.78480998,0.89635007,1.4510755,0.052200974,-0.24315916,0.04931944,0.15103653
"3444",0.66322789,0.71366081,0.75611272,0.79250247,0.85867235,1.7907211,0.12869923,-0.20717943,0.046568598,0.15340569
"3445",0.64355741,0.68907854,0.69948523,0.83413692,0.92641098,1.7131229,0.24624651,-0.24892096,0.039105288,0.1500445
"3446",0.67892422,0.69640755,0.762599,0.8108925,0.85041747,1.6138055,0.26333451,-0.18903106,0.032412558,0.14834662
"3447",0.64601238,0.71911907,0.67243899,0.82139438,0.92304456,1.7098409,0.21463569,-0.25985937,0.027455866,0.13888251
"3448",0.62730551,0.6763885,0.74311365,0.79979583,0.8917056,1.5171754,0.22347839,-0.33018815,0.024819402,0.13882194
"3449",0.68189785,0.65943369,0.71385281,0.82108198,0.92037527,1.4012827,0.17751906,-0.30959543,0.031074078,0.14017186
"3450",0.73041781,0.68478513,0.74056829,0.82214297,0.83204875,1.4707169,0.19411048,-0.3444269,0.032961346,0.14839015
"3451",0.69523303,0.71626939,0.70442871,0.80559471,0.85145554,1.4395542,0.20683404,-0.33065218,0.030176741,0.14646887
"3452",0.66298148,0.70239993,0.77238797,0.8682521,0.89151624,1.331698,0.24530984,-0.36422272,0.03138787,0.15115019
"3453",0.62588393,0.67201771,0.66773359,0.77937226,0.89076212,1.2272125,0.22024053,-0.4463529,0.027756074,0.14746865
"3454",0.60101921,0.61923658,0.64264071,0.83182659,0.81037331,1.4980134,0.18622007,-0.44386867,0.031558412,0.15494398
"3455",0.67424515,0.67478146,0.7360582,0.75085772,0.91275942,1.5900577,0.38571324,-0.35447875,0.017486867,0.14886477
"3456",0.64994341,0.67340883,0.70325316,0.83322827,0.86760121,1.5768628,0.34265752,-0.38757987,0.021693032,0.13809007
"3457",0.73223274,0.6770265,0.75873522,0.84479112,0.89914991,1.6467586,0.32948615,-0.40254835,0.029551848,0.13284657
"3458",0.63094849,0.67818019,0.73483072,0.8470457,0.95305484,1.5403884,0.25801253,-0.38607371,0.023348166,0.13866278
"3459",0.62605859,0.65594715,0.71187748,0.77205139,0.88584828,1.6137213,0.24534931,-0.34360339,0.022142469,0.13754598
"3460",0.77901716,0.7217718,0.68189936,0.86446418,0.97601889,1.4769252,0.32251431,-0.47552519,0.032954751,0.13498935
"3461",0.77010453,0.69857566,0.68898255,0.86199886,0.95660531,1.4252864,0.28179173,-0.48458019,0.029407705,0.13772876
"3462",0.66034,0.60090068,0.73807022,0.75200119,0.87034183,1.4579378,0.17745975,-0.44496618,0.025425215,0.1366466
"3463",0.70742118,0.62561401,0.68174905,0.75438953,0.87381653,1.6442662,0.21497198,-0.42938599,0.027852981,0.13438363
"3464",0.68543397,0.83732912,0.77303642,0.88785295,0.92776113,1.0950674,0.22636097,-0.40143443,0.030180725,0.13969575
"3465",0.6529612,0.70422933,0.71496538,0.84850488,0.92854798,1.6593061,0.22995298,-0.34048489,0.028726581,0.13165887
"3466",0.68202453,0.72992621,0.69518889,0.88493114,0.86048809,1.5228801,0.22199453,-0.30236699,0.023866337,0.13791132
"3467",0.61357795,0.75002544,0.73868861,0.85543617,0.92393294,1.4499061,0.23790996,-0.34097561,0.0088672919,0.14280777
"3468",0.70542681,0.638495,0.71954302,0.83580071,0.93231053,1.8246627,0.13183802,-0.28003413,0.012671085,0.14371561
"3469",0.71471729,0.7239784,0.74205747,0.85535924,0.9228564,1.3647948,0.097806753,-0.22092485,0.013537065,0.14773109
"3470",0.69194714,0.71385476,0.73218365,0.87514199,0.90790015,1.4213234,0.069265245,-0.28222352,0.0064800667,0.13640702
"3471",0.67556809,0.72987662,0.7356611,0.90600639,0.89400923,1.393753,0.064211414,-0.31530264,0.0087445469,0.13983181
"3472",0.60285866,0.6788466,0.74414345,0.8609236,0.88357199,1.530979,0.10000934,-0.13741406,0.010485885,0.14649289
"3473",0.61896751,0.69812886,0.72290141,0.86860959,0.90519796,1.4534437,0.038739477,-0.038778244,0.0052231513,0.152235
"3474",0.75648476,0.68166237,0.73199407,0.85573731,0.90912754,1.2544165,0.11885113,-0.10626754,0.01507211,0.16206919
"3475",0.71452445,0.66787469,0.75731787,0.81158472,0.92125542,1.4295919,0.13468323,-0.11706693,0.016669895,0.16653074
"3476",0.5576923,0.7139744,0.7416204,0.76838421,0.881013,1.3646801,0.11096928,-0.36078628,0.016292032,0.15695108
"3477",0.69650121,0.69266852,0.68021392,0.82931664,0.91352285,1.4565539,0.13833034,-0.44258984,0.020633416,0.16061271
"3478",0.66404301,0.69894217,0.6803321,0.84607358,0.86804143,1.5759833,0.10694872,-0.37442242,0.01785055,0.15918295
"3479",0.674824,0.71364427,0.76082363,0.7636095,0.94204941,1.4863136,0.12704277,-0.34916701,0.027947288,0.15882143
"3480",0.63577436,0.66480061,0.68915495,0.86171236,0.85409721,1.292769,0.15179254,-0.25042252,0.033147116,0.16200741
"3481",0.67455902,0.63687371,0.73975071,0.84938211,0.92264106,1.3600966,0.10289096,-0.18350135,0.03229158,0.17064446
"3482",0.74249028,0.71434995,0.75615872,0.8707172,0.93330471,1.4587444,0.11357052,-0.13131654,0.027841587,0.16658559
"3483",0.66167278,0.71485823,0.70625384,0.86215527,0.88005647,1.8979744,0.11884864,-0.2292561,0.025907706,0.17047386
"3484",0.63513856,0.68888305,0.6932842,0.78991354,0.86613623,2.3769608,0.14516701,-0.27566516,0.028169007,0.16809065
"3485",0.67630353,0.6198263,0.74146988,0.85852512,0.93404335,2.2338884,0.15862236,-0.25324465,0.027526508,0.15916214
"3486",0.72324437,0.7024395,0.76373587,0.82881429,0.97623383,2.0737791,0.18558229,-0.2813151,0.029562208,0.1558834
"3487",0.7548413,0.72024198,0.80653682,0.85361906,0.9918273,2.100278,0.22489583,-0.27657731,0.02642303,0.15689894
"3488",0.67955791,0.71618526,0.70815816,0.81384032,0.86422947,1.7912045,0.20095779,-0.29862575,0.031577877,0.15548479
"3489",0.71567129,0.67797375,0.72970774,0.79601759,0.89130769,1.8238132,0.19899223,-0.318853,0.030349646,0.15663129
"3490",0.65378166,0.64721773,0.66195708,0.76458476,0.85648556,1.5776226,0.25463584,-0.38185978,0.026931132,0.15921564
"3491",0.63282852,0.6433601,0.70383203,0.81044596,0.83564953,1.6318299,0.24480631,-0.386926,0.028810521,0.17252726
"3492",0.68619425,0.71120754,0.71462833,0.80956934,0.87965401,1.5581485,0.17492503,-0.3927122,0.016496647,0.16218194
"3493",0.73703621,0.71115536,0.81254518,0.840474,0.92876481,1.265304,0.20086621,-0.2458106,0.016609747,0.15257856
"3494",0.7666321,0.67912016,0.68822147,0.83695189,0.92754332,1.3165628,0.18948695,-0.26148518,0.019185609,0.15407547
"3495",0.69468952,0.72431877,0.71632733,0.83257848,0.91770065,1.2140852,0.285869,-0.40358084,0.030788578,0.14894814
"3496",0.68097657,0.68504057,0.73922202,0.81816385,0.95274645,1.2194965,0.29379595,-0.30792395,0.034422505,0.18199304
"3497",0.66529696,0.72070034,0.74557525,0.83126754,0.87623943,1.5486192,0.29879014,-0.34380084,0.031227077,0.16844555
"3498",0.69061839,0.6862733,0.73265178,0.93389248,0.86963056,1.2741004,0.22613555,-0.29792898,0.014987183,0.16942139
"3499",0.68488369,0.66672398,0.67335843,0.83004424,0.88772641,1.3296969,0.005702321,-0.22003281,0.024246256,0.179069
"3500",0.62096839,0.72826607,0.74922672,0.81807942,0.90985976,1.403343,0.042706456,-0.20270923,0.027984864,0.1998038
"3501",0.6711086,0.70784409,0.72361865,0.84405359,0.89007481,1.2570019,0.044360149,-0.32993774,0.025607428,0.17471711
"3502",0.69686248,0.69005201,0.73073784,0.81341954,0.90498191,1.2359408,0.049585631,-0.31207628,0.033086764,0.17187865
"3503",0.68716265,0.73020412,0.7644741,0.76761991,0.88633595,1.2537164,0.075569235,-0.26222627,0.034753507,0.17303029
"3504",0.76789173,0.69122061,0.76223025,0.82770176,0.91421615,1.3108502,-0.017550035,-0.19728876,0.02819079,0.18718648
"3505",0.65760841,0.75353339,0.72948254,0.88199646,0.9340393,1.6093399,0.06306178,-0.28227662,0.015400605,0.17201143
"3506",0.64318031,0.66401919,0.70417892,0.76044241,0.90619378,1.6681173,0.13654628,-0.33565739,0.0056027559,0.16579052
"3507",0.64526213,0.64728154,0.71632614,0.76862964,0.92843167,1.6683965,0.14944676,-0.33429478,0.0071015093,0.16971426
"3508",0.69906022,0.69726697,0.72421626,0.7694631,0.84625111,1.534006,0.40253658,-0.41335351,0.00044563596,0.17119584
"3509",0.642127,0.67158532,0.71911551,0.78722321,0.88097859,1.279491,0.27111884,-0.33816296,0.0047315963,0.1735014
"3510",0.67147892,0.66342322,0.73312787,0.76390414,0.89880414,1.3752185,0.3172079,-0.32169028,0.0074875206,0.17845746
"3511",0.61671694,0.72074343,0.74919726,0.87682288,0.88485625,1.3067846,0.32728473,-0.38620553,0.017632448,0.15508428
"3512",0.62328605,0.71263046,0.66921915,0.79861121,0.84089826,1.7429162,0.30250425,-0.3729138,-0.0015085489,0.15921012
"3513",0.61257109,0.63560491,0.73803015,0.81515334,0.8356389,1.693661,0.24447769,-0.2837988,0.0078276477,0.14771435
"3514",0.75073808,0.69546056,0.72399526,0.77551726,0.91712007,1.8294467,0.24671167,-0.54649195,0.0079620705,0.14497886
"3515",0.67265912,0.68795845,0.7193833,0.80486644,0.91133417,2.083405,0.2758864,-0.46780264,0.0051866545,0.14737206
"3516",0.70909888,0.72459375,0.71855275,0.84397311,0.89818014,1.7905773,0.25704468,-0.34062248,0.020056323,0.14768873
"3517",0.59118839,0.68176996,0.72903167,0.83003978,0.9315531,1.8863716,0.31648227,-0.36258036,0.018768146,0.15197183
"3518",0.59596837,0.69144149,0.73526457,0.85296968,0.93192248,1.9828554,0.3238225,-0.36622542,0.018519261,0.148651
"3519",0.63321781,0.62794321,0.70626572,0.8568877,0.8820251,2.0689947,0.34156786,-0.35212019,0.024020505,0.14650432
"3520",0.63754567,0.72808498,0.72613216,0.75867818,0.903149,1.7224551,0.40561641,-0.32789928,0.030549606,0.13860112
"3521",0.69686242,0.69424385,0.7295999,0.77008827,0.84119475,1.8657846,0.28384445,-0.28064942,0.06140203,0.12974874
"3522",0.68841176,0.67738644,0.73017201,0.82334361,0.91843963,1.5823888,0.32768656,-0.3052833,0.04873101,0.13054994
"3523",0.62992863,0.69079898,0.70504865,0.76493629,0.89363147,1.4087323,0.23313745,-0.32703313,0.054743689,0.13337316
"3524",0.68071646,0.65039818,0.75021662,0.78785791,0.86759149,1.5384023,0.26967191,-0.29390266,0.058965326,0.13628516
"3525",0.77163638,0.70894485,0.71266309,0.88213571,0.87647843,1.3788942,0.23042472,-0.33195447,0.063291657,0.14291593
"3526",0.72366413,0.68642525,0.73064406,0.83474428,0.90894334,1.4726138,0.22441762,-0.32830504,0.063168878,0.13480364
"3527",0.64475808,0.68287131,0.68925267,0.74076117,0.86225241,1.5583849,0.17793787,-0.26898928,0.049737783,0.12756871
"3528",0.61380875,0.63125217,0.69701192,0.76719789,0.81446066,1.7781217,0.19608239,-0.28543235,0.065162484,0.1241141
"3529",0.70067887,0.72749199,0.76660651,0.85430342,0.91153737,1.849118,0.34103555,-0.26478125,0.069706801,0.12793939
"3530",0.73527589,0.69645582,0.72323108,0.8007582,0.91835985,1.7735852,0.25914923,-0.2465103,0.064164528,0.12276122
"3531",0.73601998,0.72735958,0.70855471,0.85490692,0.91425547,1.7096741,0.26722529,-0.30137878,0.057176695,0.12203203
"3532",0.67740955,0.63376398,0.77944863,0.82096024,0.92170625,1.6561333,0.20974546,-0.25555674,0.053167105,0.12641302
"3533",0.66864489,0.64269328,0.76556615,0.80076575,0.93291642,1.689436,0.222629,-0.25631079,0.055059943,0.12394068
"3534",0.65337266,0.65823107,0.70531169,0.8659655,0.87431223,1.6060349,0.23102656,-0.24806919,0.048920078,0.1246717
"3535",0.66507393,0.71975274,0.75742688,0.81804036,0.89200652,1.6206537,0.28624653,-0.34873119,0.058571133,0.1261552
"3536",0.624194,0.66039395,0.7187001,0.87436423,0.88537263,1.460707,0.2034133,-0.35079223,0.055470659,0.11570884
"3537",0.65048399,0.6820914,0.67949047,0.81142821,0.92682022,1.7723873,0.21656144,-0.37622431,0.063333068,0.11402761
"3538",0.63854789,0.69487954,0.71850004,0.83889865,0.85464669,1.6504594,0.24924836,-0.40036169,0.051296426,0.11990099
"3539",0.61790274,0.66267405,0.73982888,0.83336073,0.88762447,1.6175946,0.31100355,-0.35624106,0.050099359,0.12874605
"3540",0.64144556,0.69333693,0.73750817,0.89564838,0.78447059,1.6760151,0.26764376,-0.36359317,0.051906185,0.1285088
"3541",0.67474009,0.71118891,0.66689628,0.77876152,0.83831601,1.5215683,0.2268293,-0.39701382,0.054748248,0.13435048
"3542",0.67700898,0.70507822,0.79499292,0.79963913,0.90503248,1.5574282,0.081674592,-0.33704033,0.02655442,0.12091767
"3543",0.63990775,0.73001476,0.67785309,0.82895442,0.84616461,1.4528081,0.19958093,-0.32080908,0.035354936,0.13411808
"3544",0.60717472,0.68776534,0.71907655,0.86517873,0.86382559,1.3908795,0.19471153,-0.3675574,0.042672169,0.1322992
"3545",0.61815332,0.63508637,0.679749,0.75887833,0.84297731,1.6017981,0.20617044,-0.32682694,0.045784378,0.12879717
"3546",0.64554301,0.64263927,0.67235215,0.78390144,0.83691885,1.603871,0.21141399,-0.32646153,0.04392921,0.12687568
"3547",0.72795995,0.73294064,0.71009896,0.81002714,0.92674835,1.428282,0.14937451,-0.33557356,0.037466746,0.12356825
"3548",0.63510352,0.68275152,0.74577561,0.84813253,0.87729883,1.5723394,0.10455813,-0.28384147,0.035555709,0.12716412
"3549",0.67839399,0.73808184,0.72406788,0.80734389,0.86936821,1.3802939,0.12176442,-0.26900809,0.027861697,0.12903338
"3550",0.69346931,0.72666616,0.72385685,0.81440072,0.87480826,1.4416396,0.12824878,-0.24510427,0.027241519,0.12593597
"3551",0.67151492,0.70210837,0.71427903,0.80081179,0.90074154,1.3545023,0.1005352,-0.2674315,0.030003163,0.12588877
"3552",0.65717311,0.76977007,0.67376727,0.78474202,0.87470296,1.603307,0.15043895,-0.26314219,0.03610704,0.1259062
"3553",0.59728918,0.60455498,0.72595578,0.7938073,0.8887931,1.5455228,0.2308461,-0.35325172,0.025234991,0.12860465
"3554",0.70895028,0.71289257,0.70328996,0.79926281,0.870782,1.8408331,0.20871284,-0.3731307,0.025861306,0.11845155
"3555",0.70015042,0.71529611,0.73960662,0.82626604,0.84481441,1.6387986,0.20280936,-0.3621417,0.02995377,0.12792353
"3556",0.6282167,0.70646792,0.69370859,0.79646699,0.89954646,1.8309929,0.30218716,-0.27596297,0.023900625,0.14190412
"3557",0.60137817,0.67751047,0.75818708,0.81119022,0.88644809,1.5590364,0.35282818,-0.29939216,0.028089352,0.14315843
"3558",0.68513616,0.63553589,0.69121462,0.81492708,0.90425186,1.5627241,0.31556162,-0.45113576,0.037014898,0.13855029
"3559",0.71303732,0.68309729,0.78316169,0.80725163,0.87069339,1.7666892,0.28938522,-0.37570629,0.035163732,0.13466234
"3560",0.63582301,0.70432194,0.6931139,0.82575155,0.90728534,1.6342681,0.19168347,-0.39698539,0.033104243,0.1390057
"3561",0.66947274,0.68160598,0.75233418,0.84297016,0.84024944,1.6552264,0.26721315,-0.47546058,0.032604335,0.13188594
"3562",0.71919256,0.68639513,0.68124102,0.84357453,0.89192219,1.7516018,0.28561228,-0.41004253,0.038856039,0.12849381
"3563",0.62833092,0.71079232,0.71661042,0.8399828,0.83290723,2.0360086,0.33303018,-0.38328631,0.045277035,0.12660396
"3564",0.64587884,0.66338945,0.71958086,0.78031488,0.87242583,1.8001114,0.28983218,-0.46749441,0.047099297,0.12489631
"3565",0.75947394,0.73268572,0.78724628,0.84854977,0.97449928,1.5263996,0.2566393,-0.4676811,0.051269938,0.12011273
"3566",0.68643009,0.73350592,0.76086476,0.93968548,0.91656555,1.6687349,0.24354942,-0.44367981,0.05446163,0.12789276
"3567",0.6772336,0.71932338,0.68907335,0.88703267,0.87359789,1.5255115,0.2499391,-0.40558614,0.058851835,0.1195951
"3568",0.63254885,0.73976872,0.76395795,0.77991856,0.95171296,1.5515739,0.15332382,-0.42264407,0.063113663,0.1357013
"3569",0.66691491,0.70565198,0.6925847,0.81006995,0.85486632,1.3439805,0.10679914,-0.39865487,0.053681513,0.14884684
"3570",0.7333159,0.72805229,0.72037847,0.77137628,0.86288646,1.4672443,0.12194895,-0.3983842,0.052057867,0.15424286
"3571",0.73867397,0.71089877,0.73937556,0.7498073,0.91418932,1.5043852,0.17753908,-0.45507837,0.052756059,0.15185631
"3572",0.58890708,0.62908844,0.65576383,0.75446755,0.90881371,1.8456439,0.20626705,-0.54334203,0.053633896,0.15268254
"3573",0.64383386,0.68348636,0.7295109,0.77909626,0.84591073,1.6929767,0.18724226,-0.537822,0.04633551,0.15142002
"3574",0.64226558,0.71457413,0.76219808,0.684812,0.94604847,1.8500439,0.19463541,-0.47984427,0.031962498,0.15397592
"3575",0.64848514,0.74658344,0.75081198,0.6485493,0.94665275,1.5258361,0.12164352,-0.48761508,0.036463506,0.15619433
"3576",0.62799068,0.724759,0.76178158,0.67202508,0.95726051,1.6973895,0.18254571,-0.48346262,0.03256616,0.15768005
"3577",0.68208425,0.70310105,0.77021497,0.7534096,0.92164429,1.3062453,0.1425868,-0.46101823,0.030967726,0.15186145
"3578",0.54481955,0.61507401,0.68261805,0.87691059,0.90743591,1.3960148,0.18780716,-0.51827729,0.039280943,0.14938718
"3579",0.60291028,0.66228615,0.70601025,0.89696716,0.8888449,1.2926816,0.12940662,-0.5268898,0.037638812,0.14259595
"3580",0.65137728,0.68881813,0.69298373,0.88785631,0.88484621,1.3086871,0.1508162,-0.48517205,0.044387767,0.1400329
"3581",0.71126146,0.70208405,0.73282171,0.8118266,0.94726235,1.6143736,0.14666984,-0.46686211,0.044812241,0.14611655
"3582",0.67078649,0.68322853,0.7407421,0.80284666,0.85306669,1.7611082,0.16199068,-0.48226172,0.032352841,0.15230627
"3583",0.69559699,0.71375151,0.74354942,0.83180795,0.87425922,1.6392936,0.14557407,-0.45081312,0.032831082,0.1518718
"3584",0.61643871,0.7080467,0.7078575,0.78641109,0.89565368,2.0516688,0.26356847,-0.37230557,0.047660824,0.14845433
"3585",0.71214172,0.69429174,0.68606658,0.79382174,0.8622952,1.8936879,0.18957191,-0.35810416,0.042516704,0.14419418
"3586",0.69781275,0.69360796,0.75812205,0.77819061,0.84720473,1.7490996,0.1779392,-0.30887371,0.043329141,0.14365554
"3587",0.66212513,0.61179847,0.73990909,0.79406448,0.9286824,2.1252856,0.2805953,-0.28689595,0.034103229,0.13231622
"3588",0.76053753,0.73972614,0.77158057,0.83961488,0.91460505,2.0883914,0.35507128,-0.2747163,0.023839392,0.14416599
"3589",0.68918659,0.75326757,0.73438842,0.82736015,0.9885867,2.1677543,0.27746826,-0.31087097,0.0092693116,0.15231142
"3590",0.64539355,0.6518968,0.66994104,0.75576736,0.93617432,2.2325142,0.25934437,-0.30979312,0.0015102519,0.15178366
"3591",0.66665394,0.75351275,0.77237727,0.8280546,0.86348548,1.9503867,0.31993706,-0.27999278,0.0040800564,0.14646712
"3592",0.61888622,0.6898761,0.73030349,0.81362595,0.87415657,1.9246762,0.34176489,-0.30302506,0.0062417662,0.14515681
"3593",0.64822865,0.66554092,0.7198548,0.87677793,0.87761326,1.7560841,0.32176229,-0.2901215,0.0071326635,0.13974895
"3594",0.68291004,0.71821475,0.71886223,0.87937194,0.86909709,1.7798953,0.34134268,-0.32125529,0.0042847202,0.13807581
"3595",0.68532185,0.72647004,0.74001577,0.91203292,0.92913859,1.5643379,0.24915067,-0.33077344,0.00072425912,0.13547873
"3596",0.66253129,0.72399234,0.71808859,0.83167321,0.84952065,1.7322624,0.2716119,-0.26758251,0.00077040461,0.1397997
"3597",0.65151106,0.7113876,0.70770072,0.82401594,0.84776862,1.6568689,0.28275174,-0.26651197,0.00081569678,0.14066493
"3598",0.72888321,0.71164155,0.75361929,0.85320263,0.91123611,1.544447,0.2437643,-0.21567605,0.0046612418,0.13522053
"3599",0.67879492,0.68372525,0.67463958,0.8699632,0.78018628,1.6081582,0.2052443,-0.19705108,0.0034073429,0.12472045
"3600",0.67597625,0.68104004,0.72360698,0.81166361,0.85943051,1.6547072,0.17860558,-0.26037646,0.0043780625,0.12436731
"3601",0.67526014,0.783028,0.7548117,0.85364353,0.95017905,1.7367608,0.18250103,-0.33326242,-0.0043579834,0.1335387
"3602",0.65866099,0.75241154,0.72679371,0.8238774,0.89761918,1.5065517,0.17683132,-0.28694799,0.02024199,0.13593333
"3603",0.6912181,0.67827601,0.73631059,0.82337527,0.86726075,1.5719635,0.13145567,-0.31445811,0.023100819,0.13319414
"3604",0.76861301,0.73087157,0.77621789,0.88860402,0.90507113,1.163538,0.16928483,-0.30045032,0.027194203,0.13772238
"3605",0.66347631,0.68721626,0.70624916,0.80487513,0.90767155,1.3935755,0.18544339,-0.3865723,0.032685608,0.14055232
"3606",0.62630728,0.75867473,0.71608249,0.80480136,0.89662549,1.6010567,0.22176887,-0.386186,0.040003634,0.1463053
"3607",0.65387432,0.74570127,0.73445615,0.82624656,0.87717874,1.8266137,0.19301647,-0.41477557,0.047775158,0.14847181
"3608",0.55627819,0.73648759,0.74654156,0.82829202,0.81276056,1.5771648,0.18800175,-0.33900833,0.058514848,0.15610617
"3609",0.62912121,0.62053735,0.63543561,0.82042726,0.86847026,1.7226837,0.18753774,-0.30005151,0.057826064,0.14479293
"3610",0.60724001,0.68387952,0.7443752,0.8906589,0.88091401,1.8277656,0.25050776,-0.28304636,0.074401218,0.15118034
"3611",0.62266537,0.71725911,0.72227181,0.81926743,0.9659731,1.953161,0.21520435,-0.25497201,0.076099569,0.15023217
"3612",0.69357106,0.67164556,0.72226226,0.81110043,0.83313225,2.1422868,0.24086346,-0.37102595,0.063053861,0.15170284
"3613",0.71242799,0.72838347,0.73630993,0.78968903,0.89042353,1.849867,0.23052997,-0.39845201,0.065274076,0.14777164
"3614",0.60495127,0.68533921,0.62384805,0.83872713,0.85820325,2.1224338,0.26053928,-0.40389094,0.068545967,0.1567076
"3615",0.63769467,0.73154585,0.64827724,0.87616466,0.86063898,2.1021024,0.18997617,-0.42904663,0.063914972,0.16074513
"3616",0.55390233,0.65466727,0.67096469,0.88754469,0.89065382,1.8826548,0.21979553,-0.38902331,0.074893925,0.1599549
"3617",0.66925083,0.6807281,0.67144567,0.8322776,0.90002211,1.6465428,0.23437084,-0.35923414,0.065835307,0.15334234
"3618",0.61953358,0.68293208,0.77430589,0.91599538,0.98325871,1.3628575,0.23120959,-0.37765591,0.059779888,0.14958368
"3619",0.66604992,0.62677439,0.68771172,0.71658624,0.74094933,1.5875623,0.3641281,-0.41039778,0.039806083,0.15512493
"3620",0.65900151,0.69369039,0.73008169,0.83561341,0.93857382,1.2080836,0.25640238,-0.4637649,0.047445382,0.15127669
"3621",0.6704032,0.66964208,0.71763821,0.80821364,0.92596177,1.1396568,0.26186613,-0.47496732,0.046839494,0.14522848
"3622",0.72834176,0.68597479,0.78668044,0.84824057,0.91681093,1.3383517,0.2006808,-0.45583349,0.032273525,0.1436574
"3623",0.70832938,0.71996148,0.68206948,0.78358434,0.88331515,1.4745999,0.14089365,-0.49192324,0.033107662,0.13938082
"3624",0.70702937,0.6604352,0.74501487,0.77392595,0.88674424,1.652308,0.162446,-0.46848794,0.03359185,0.14040268
"3625",0.67160225,0.75823132,0.68181161,0.84983331,0.90020465,1.5373155,0.20548331,-0.4389413,0.038076435,0.13362736
"3626",0.75335879,0.68840755,0.72656045,0.89900974,0.91095827,1.4622315,0.14411615,-0.47787914,0.031864888,0.13019896
"3627",0.64150007,0.71434818,0.73519833,0.94992285,0.9196475,1.6492202,0.17089235,-0.47995597,0.029918122,0.13461055
"3628",0.70718297,0.66677219,0.76833803,0.82966962,0.92537894,1.6079783,0.14147897,-0.38807211,0.036737155,0.14197465
"3629",0.7108931,0.6633535,0.77074451,0.8272268,0.92202474,1.6231722,0.13808588,-0.4001422,0.037367892,0.14123311
"3630",0.69674499,0.69036141,0.7348691,0.77004421,0.85607245,1.6392142,0.2119546,-0.46485537,0.035667431,0.14950804
"3631",0.71272371,0.65161343,0.71676653,0.83293451,0.92583743,1.8707477,0.3718799,-0.39176345,0.020751973,0.15002576
"3632",0.66267959,0.73288026,0.71404497,0.79001201,0.85704682,1.8804186,0.28682456,-0.33738906,0.016698297,0.1515897
"3633",0.66993787,0.65924159,0.70269291,0.89595589,0.9057205,1.5540482,0.35804898,-0.4313287,0.027898635,0.1571358
"3634",0.61107441,0.65504497,0.72154432,0.79260049,0.90495532,1.4850069,0.36207737,-0.42618147,0.02042569,0.15937936
"3635",0.68737481,0.6899265,0.70916535,0.87308632,0.81529492,1.6582064,0.36851868,-0.44917757,0.020033564,0.15893778
"3636",0.60497791,0.68080748,0.69803387,0.86887561,0.81769202,1.2883155,0.40373576,-0.44078516,0.016824126,0.15618271
"3637",0.66131103,0.655987,0.75439185,0.81286041,0.94465916,1.4783456,0.29243029,-0.37531409,0.033808032,0.15567476
"3638",0.67209581,0.73626978,0.70055426,0.86502098,0.91026763,1.3110792,0.27456261,-0.37516418,0.03071,0.15498262
"3639",0.70091947,0.71727215,0.77396761,0.78460421,0.98434609,1.1930944,0.22665644,-0.36710524,0.031672869,0.15767111
"3640",0.68944747,0.70033617,0.74040969,0.897193,0.95718006,1.4869015,0.28718236,-0.26970915,0.024924063,0.15286009
"3641",0.63306085,0.64859473,0.68395934,0.80776826,0.87220695,1.6775401,0.22398519,-0.26072682,0.022553528,0.15242609
"3642",0.72848375,0.67559683,0.73509333,0.84162678,0.88371397,1.2486408,0.2241205,-0.31413387,0.021261632,0.1625316
"3643",0.67577146,0.73170095,0.74420956,0.87293256,0.91644994,1.4702561,0.27794505,-0.34621266,0.023456265,0.17001798
"3644",0.68545021,0.61591318,0.67579203,0.79287604,0.88775359,1.1607692,0.23330022,-0.20515261,0.030647544,0.16020598
"3645",0.67675647,0.62792487,0.6593297,0.74504656,0.79215546,1.120935,0.27078329,-0.23208704,0.028836759,0.15264389
"3646",0.6491833,0.70027226,0.77929301,0.72670248,0.94259749,1.225563,0.19196088,-0.18594673,0.010230179,0.14817375
"3647",0.62599099,0.63789979,0.68668978,0.77637995,0.89999522,1.3213761,0.15510419,-0.19409688,0.0091591632,0.14782849
"3648",0.74942154,0.73501562,0.71150517,0.83694761,0.8936188,1.3117197,0.21229519,-0.25204367,0.022415846,0.14582894
"3649",0.67919372,0.67840986,0.70376862,0.81645398,0.87993093,1.3666506,0.25037396,-0.30214671,0.020206329,0.15437256
"3650",0.72600025,0.68578646,0.7595407,0.85300688,0.87165411,1.1623278,0.24334723,-0.30515669,0.022651586,0.15313447
"3651",0.65465504,0.66799867,0.68004267,0.80142459,0.90895384,1.2763931,0.2952763,-0.33636215,0.02316838,0.1489933
"3652",0.71588874,0.7893268,0.782176,0.88124578,0.89410348,1.071058,0.3027457,-0.36612229,0.024025862,0.15014321
"3653",0.709959,0.75314364,0.74702923,0.92147941,0.97581177,1.3573019,0.29653546,-0.40983898,0.021899171,0.15795852
"3654",0.68576562,0.75110317,0.76164013,0.87596466,0.93982761,1.2632652,0.29328246,-0.44718541,0.023760258,0.15378129
"3655",0.62074714,0.72570749,0.72408207,0.87031052,0.91243266,1.2549552,0.27109334,-0.42971692,0.025817759,0.16209331
"3656",0.72501513,0.69309874,0.75108546,0.79288657,0.89413168,1.4799214,0.22485267,-0.55485725,0.033589922,0.16707018
"3657",0.73656105,0.74149486,0.78348547,0.87702704,0.9567441,1.6332425,0.21987124,-0.52848717,0.031783071,0.1645662
"3658",0.62012182,0.72523271,0.67847894,0.79177171,0.8321037,1.5959587,0.23283297,-0.35107466,0.032447842,0.14796771
"3659",0.69960459,0.65422032,0.70330534,0.92607768,0.91437413,1.3840587,0.16673367,-0.36789733,0.033192161,0.1550073
"3660",0.70339152,0.66059284,0.72746159,0.8847395,0.94053396,1.4765297,0.17757131,-0.33562693,0.035016803,0.15232278
"3661",0.67171585,0.71935662,0.66351623,0.82558141,0.8178037,1.392435,0.25381185,-0.34369707,0.037674326,0.1518012
"3662",0.72161248,0.66696377,0.75881581,0.82825223,0.88940151,1.3745558,0.28374487,-0.28500705,0.031958334,0.14123252
"3663",0.62744745,0.67715452,0.6977824,0.8437826,0.95893501,1.8805418,0.25351832,-0.2403108,0.028945483,0.14841106
"3664",0.61557125,0.73767519,0.74956324,0.77847517,0.85939747,1.8120609,0.2676222,-0.25934746,0.028252448,0.14696155
"3665",0.64019983,0.65852786,0.70568833,0.79093165,0.87835373,1.7509687,0.23184446,-0.26509027,0.029031449,0.14931476
"3666",0.69102377,0.64556973,0.71520831,0.77006308,0.86623265,2.0126084,0.3033335,-0.27921611,0.020857857,0.16196391
"3667",0.65528629,0.69049595,0.73201757,0.74372261,0.87000117,2.0382077,0.33906226,-0.29799184,0.030132587,0.15719362
"3668",0.69915064,0.68555645,0.68139341,0.88638847,0.88832445,2.197352,0.39166368,-0.2928956,0.024405169,0.15565686
"3669",0.69425678,0.71169582,0.70700259,0.87497196,0.91455528,2.1564536,0.3713266,-0.30907525,0.028306897,0.15863356
"3670",0.69317253,0.71397958,0.69852343,0.85923171,0.88034168,2.2585689,0.35509867,-0.269824,0.030069027,0.15130183
"3671",0.63407702,0.68319137,0.6931834,0.80216365,0.8523533,2.2679292,0.35323488,-0.27564914,0.0239689,0.14882099
"3672",0.68394435,0.65700106,0.68834668,0.83928082,0.88348205,2.1895249,0.29124814,-0.29929952,0.035175376,0.14772548
"3673",0.66543032,0.70575451,0.75301952,0.79103265,0.908557,1.6944027,0.27786069,-0.21930558,0.025716293,0.13603006
"3674",0.70828748,0.7338927,0.79089962,0.83664486,0.93700376,1.6402072,0.29109364,-0.28135843,0.030773301,0.13694684
"3675",0.66010677,0.70304357,0.6616262,0.83753632,0.83107503,1.694016,0.40511348,-0.30240707,0.035623597,0.14592254
"3676",0.69619973,0.69600837,0.77401587,0.83350377,0.9186552,1.6725908,0.37904216,-0.24108865,0.029866878,0.12375887
"3677",0.60318695,0.71337638,0.72611021,0.81184304,0.94893691,1.3907898,0.36128477,-0.24086783,0.03118204,0.13080711
"3678",0.65217015,0.71805374,0.75058322,0.89050403,0.88901303,1.1895483,0.39194844,-0.26605773,0.032940367,0.13630263
"3679",0.7558029,0.72373243,0.71908083,0.83226751,0.89927551,1.5545336,0.40762196,-0.20192028,0.051123072,0.14124901
"3680",0.71377472,0.70725466,0.77462108,0.82693176,0.95446133,1.5173267,0.22116069,-0.18133303,0.069753694,0.14385479
"3681",0.65299985,0.70844938,0.71956106,0.8268345,0.90855775,1.6805578,0.21946108,-0.20303465,0.072580995,0.14404122
"3682",0.67167248,0.66963701,0.71066919,0.85059826,0.85685446,1.9486348,0.2574325,-0.20272223,0.050828206,0.13896299
"3683",0.65973658,0.71987008,0.69640113,0.87356809,0.86756843,1.827535,0.24159875,-0.16868484,0.043883381,0.14451632
"3684",0.76591004,0.76657717,0.8773478,0.86976657,1.007399,1.7641974,0.22415886,-0.14450649,0.042816135,0.15417733
"3685",0.65837444,0.69708661,0.67778838,0.86072861,0.83602742,2.2302042,0.22549676,-0.15294003,0.046606834,0.16299211
"3686",0.63393068,0.75741191,0.77437,0.87855387,0.96427751,1.5443277,0.19055196,-0.18327112,0.049833212,0.17049685
"3687",0.69952957,0.76954444,0.75737068,0.82076829,0.93771797,1.2957134,0.18933958,-0.18461719,0.040456151,0.16630282
"3688",0.76945701,0.63891288,0.74034009,0.76834969,0.90066027,1.5084681,0.22093233,-0.19846997,0.038383507,0.16650495
"3689",0.69159273,0.75844409,0.77353325,0.91641897,0.89782227,1.2762979,0.204579,-0.20795083,0.028364475,0.16768721
"3690",0.73266904,0.67717749,0.724414,0.85883917,0.93027687,1.7586896,0.29085407,-0.20913034,0.041245523,0.18192626
"3691",0.73269171,0.74017996,0.70955286,0.84065418,0.90052397,1.7240981,0.27753554,-0.27996963,0.041186575,0.18807877
"3692",0.67710283,0.65719097,0.78056482,0.85032695,0.90275898,1.5715543,0.259163,-0.25526264,0.022405228,0.17630817
"3693",0.66799159,0.6572617,0.74274107,0.8566298,0.92697356,1.5740049,0.25250769,-0.20638732,0.025641844,0.18420024
"3694",0.64048393,0.63804453,0.70785775,0.80351843,0.88416486,1.6669983,0.23668025,-0.20938524,0.029386989,0.19442514
"3695",0.7195396,0.71929548,0.76348762,0.87220304,0.93403602,1.8794257,0.2818461,-0.22658922,0.026125884,0.18718936
"3696",0.68505994,0.70396219,0.69574253,0.81918249,0.89175062,2.0541771,0.29029207,-0.21687758,0.032637517,0.19770069
"3697",0.64716914,0.71183147,0.71989389,0.83353103,0.89223529,1.502196,0.2800541,-0.18813024,0.026025273,0.18007936
"3698",0.70879546,0.69426778,0.73938684,0.76308164,0.86289178,1.3036564,0.3533033,-0.22564936,0.020227827,0.17943828
"3699",0.72222283,0.71611453,0.71262255,0.77785323,0.93006011,1.3882932,0.3632987,-0.27602313,0.026501015,0.17762508
"3700",0.65244816,0.73152261,0.75345491,0.77118644,0.91497539,1.7322487,0.30449359,-0.36900527,0.043409447,0.18458508
"3701",0.64826813,0.63123649,0.76247452,0.7976408,0.85423705,1.8156009,0.33135782,-0.33483428,0.037101273,0.18907765
"3702",0.5362947,0.65197391,0.70689965,0.83980913,0.87348441,1.9159988,0.34272365,-0.25551348,0.041788301,0.18656345
"3703",0.53321374,0.65261202,0.70711853,0.84042431,0.87308032,1.9298713,0.34820055,-0.25040011,0.042013235,0.18434244
"3704",0.61487133,0.71522093,0.67809826,0.7954454,0.87657105,2.0070383,0.37299745,-0.22546901,0.041221625,0.18796946
"3705",0.57854892,0.69234536,0.68492226,0.82629437,0.89882174,1.9029158,0.38094457,-0.23855862,0.039842759,0.18847059
"3706",0.51020785,0.67035674,0.73408587,0.75703083,0.83854543,2.0047207,0.43001526,-0.25365753,0.040113276,0.18515833
"3707",0.50618003,0.68502102,0.69242429,0.76236258,0.81997677,2.100071,0.42543631,-0.23007012,0.044173443,0.19074676
"3708",0.69185493,0.69563068,0.74161912,0.83999243,0.79533942,2.2565212,0.38548933,-0.20921462,0.03430957,0.19443568
"3709",0.70944153,0.72000487,0.68984425,0.81009359,0.92937578,1.4493723,0.28654061,-0.28834996,0.024756286,0.18563818
"3710",0.68673758,0.70800647,0.69741261,0.85275348,0.9004929,1.6345131,0.23254209,-0.31190555,0.032248143,0.18860665
"3711",0.67422862,0.64991056,0.71452514,0.89818746,0.86524297,1.21864,0.32536383,-0.24185644,0.037375747,0.18223982
"3712",0.72878112,0.61682305,0.77844107,0.90531486,0.87939361,1.1191497,0.34022716,-0.27613474,0.032995538,0.18407487
"3713",0.6738738,0.67481456,0.71724084,0.79516037,0.90350972,1.753126,0.31126445,-0.22908384,0.038614252,0.19702491
"3714",0.66085256,0.62291645,0.71093216,0.7808348,0.82767017,1.6678925,0.26221949,-0.25942794,0.042038439,0.19783022
"3715",0.65571525,0.62597139,0.70715452,0.80259358,0.82743858,1.6390335,0.27941583,-0.25444205,0.042258496,0.19732461
"3716",0.67305843,0.63200515,0.74103117,0.75155422,0.85768354,1.6274704,0.23625492,-0.26725063,0.042539192,0.20074012
"3717",0.62708126,0.66019625,0.70012109,0.78494542,0.87987355,1.8125621,0.10132127,-0.2924763,0.051904971,0.18461223
"3718",0.66844404,0.68423178,0.66705142,0.77432854,0.9004497,2.2114885,0.099034029,-0.26741096,0.054558134,0.18045889
"3719",0.632174,0.64021698,0.6596859,0.77083351,0.82131521,2.3859417,0.16203233,-0.2576067,0.053755176,0.17977226
"3720",0.67580302,0.69657058,0.79648549,0.8362664,0.93839738,2.1226478,0.19842167,-0.27875535,0.053074302,0.17491348
"3721",0.65167211,0.69175502,0.70857523,0.7957928,0.90977997,1.9040907,0.21987629,-0.32699687,0.046641663,0.17747155
"3722",0.63458767,0.60817341,0.71551218,0.70039795,0.83114486,1.7139174,0.22949045,-0.31087456,0.029812234,0.16132051
"3723",0.69830449,0.73449192,0.6859832,0.76103294,0.92181591,1.5218149,0.28069706,-0.35927898,0.030564095,0.1680442
"3724",0.70118121,0.67280934,0.76245613,0.74139459,0.90298715,1.4517277,0.27435743,-0.39000152,0.030546671,0.16108094
"3725",0.67471772,0.65669815,0.73914064,0.87428034,0.83914056,1.8934208,0.26243021,-0.37240895,0.036111534,0.14618593
"3726",0.73417877,0.6536739,0.77466285,0.77514647,0.89002183,1.5815162,0.22540988,-0.36233339,0.029038348,0.13871236
"3727",0.73219933,0.73278208,0.67805044,0.86303317,0.88940258,1.4584036,0.2361038,-0.38431759,0.042027652,0.16181376
"3728",0.66516668,0.72039512,0.70429388,0.81905308,0.8882306,1.4628454,0.18684146,-0.39890523,0.038885384,0.1642682
"3729",0.6664504,0.74212678,0.7327357,0.79192988,0.90243241,1.4539783,0.18690858,-0.41333422,0.040093634,0.16693669
"3730",0.63011248,0.70157196,0.73414469,0.74043121,0.83782648,1.344955,0.22637053,-0.35312479,0.046294395,0.16323565
"3731",0.63533751,0.64721198,0.70210777,0.7739084,0.90144475,1.13615,0.21847096,-0.3228697,0.037837973,0.15453104
"3732",0.61545333,0.71149205,0.75583588,0.80771097,0.87783527,1.2353921,0.19647143,-0.37811401,0.038162804,0.16853026
"3733",0.74250156,0.6764528,0.74944611,0.87888759,0.95216552,1.2417265,0.14664899,-0.40398489,0.049879926,0.17138312
"3734",0.71175944,0.704143,0.70676106,0.95434216,0.8996054,1.3821787,0.13117907,-0.41025475,0.042024752,0.1667612
"3735",0.75338076,0.74238999,0.75066729,0.80302463,0.90657055,1.5202089,0.10344652,-0.43009615,0.03493522,0.17656512
"3736",0.72225189,0.73129372,0.7271014,0.86043903,0.89126543,1.4906869,0.12282887,-0.36562678,0.036676423,0.15831341
"3737",0.68241047,0.71246308,0.7071997,0.76509791,0.8501112,1.5807858,0.13355669,-0.39020664,0.029167052,0.15590446
"3738",0.6583039,0.69966332,0.73856373,0.94904178,0.94267262,1.0440416,0.13636672,-0.16864918,-0.0035699372,0.1613834
"3739",0.63622428,0.68261175,0.72506903,0.87296854,0.8690445,1.3416543,0.16451078,-0.10839888,0.0019102856,0.16334306
"3740",0.67828833,0.68219389,0.7254795,0.92305399,0.9294404,1.1655257,0.15389675,-0.099525964,-0.0013093193,0.15150736
"3741",0.671573,0.7054659,0.73226689,0.74923241,0.89368666,1.7441282,0.19286379,-0.19709451,-0.0044025204,0.15246773
"3742",0.68058612,0.70904611,0.76120288,0.85797488,0.91295518,1.3520646,0.069934633,-0.27408513,0.0080619528,0.1396746
"3743",0.60329051,0.67351724,0.69911659,0.81038778,0.88977177,1.6332495,0.040868369,-0.20220748,0.010282309,0.1433148
"3744",0.66689856,0.66834465,0.71799305,0.83391395,0.88210726,1.5015135,-0.0067058091,-0.15842321,0.010343318,0.14892029
"3745",0.60007594,0.69764917,0.69281371,0.86377782,0.88314532,1.5708642,0.038664736,-0.15064708,0.016681655,0.15543042
"3746",0.63383573,0.67806858,0.72307667,0.83835474,0.90819957,1.5143482,0.023511139,-0.16545976,0.020101625,0.14692277
"3747",0.74398458,0.68471713,0.71640833,0.85158866,0.87318579,1.4435575,-0.029414599,-0.14462529,0.022649985,0.14826309
"3748",0.71041404,0.72063348,0.72892642,0.7902263,0.94368832,1.441088,0.14204801,-0.21010113,0.023129532,0.12824734
"3749",0.68430164,0.72136877,0.71613509,0.86726254,0.90563449,1.6524862,0.16123839,-0.15911313,0.025674486,0.13137505
"3750",0.70029769,0.66935617,0.72890062,0.82312626,0.96294221,1.6804809,0.1559988,-0.10356357,0.040583962,0.13849332
"3751",0.64639162,0.65198172,0.75604515,0.81253341,0.87026061,1.5962897,0.19065631,-0.10108576,0.040987722,0.14012381
"3752",0.71795717,0.67155296,0.6424677,0.82007405,0.87810352,1.7684663,0.1987702,-0.10306082,0.025456368,0.13919782
"3753",0.599819,0.67682444,0.70022705,0.78129071,0.84801904,1.6370261,0.28001219,-0.12187608,0.033696447,0.13875007
"3754",0.63316951,0.71044808,0.70630961,0.78857177,0.86283153,1.5125817,0.26749288,-0.12577161,0.03484229,0.14465516
"3755",0.68791383,0.70704893,0.77477428,0.7839519,0.90268337,1.38689,0.17483455,-0.2037775,0.02616555,0.15049223
"3756",0.6501282,0.64561569,0.70111723,0.83844676,0.94478956,1.4063862,0.29380327,-0.22794467,0.032112759,0.14997697
"3757",0.66503043,0.6488848,0.71402549,0.78919668,0.92787728,1.4626694,0.2913033,-0.17598366,0.029904251,0.15148055
"3758",0.65002244,0.66319078,0.71478343,0.77740216,0.86538889,1.4185268,0.12071743,-0.23099197,0.037500174,0.15402015
"3759",0.68706148,0.69921267,0.67691494,0.86030002,0.90441575,1.6094723,0.18894797,-0.22806413,0.048684671,0.1548458
"3760",0.65466252,0.71757417,0.75428471,0.81165772,0.90850441,1.5949884,0.25612047,-0.27532238,0.059517534,0.15876381
"3761",0.57541041,0.70119212,0.68512447,0.76972171,0.85423485,1.7047813,0.25232517,-0.26455433,0.053782595,0.16331933
"3762",0.65145891,0.70802084,0.74469541,0.82893283,0.94404686,1.601642,0.29354144,-0.36005394,0.050387416,0.14735443
"3763",0.78004308,0.71209476,0.71031259,0.77735611,0.87891057,1.3605544,0.23389574,-0.399162,0.034809268,0.14160677
"3764",0.62315817,0.68735511,0.73126184,0.82719919,0.95334268,1.8229783,0.2447463,-0.37464711,0.039559711,0.14848892
"3765",0.65839148,0.63447909,0.6802418,0.82683039,0.85770267,1.6802819,0.25775201,-0.37387427,0.040740394,0.15024058
"3766",0.66581058,0.71334539,0.65249746,0.83933448,0.90611977,1.9068469,0.23313111,-0.46698925,0.05258399,0.14965339
"3767",0.69559349,0.65989949,0.75994149,0.80802563,0.87241806,1.6771028,0.22393875,-0.37869281,0.056458235,0.14353808
"3768",0.67895464,0.64672618,0.70678264,0.84613753,0.85856091,1.683214,0.22443543,-0.30411863,0.048413478,0.1484602
"3769",0.63891427,0.69917769,0.7018881,0.83233011,0.92948903,1.9882936,0.17927062,-0.40753208,0.048246183,0.11850392
"3770",0.66296199,0.6924851,0.73138652,0.74917321,0.84642379,1.9231603,0.20946072,-0.44051512,0.038001087,0.12019515
"3771",0.69636021,0.65200178,0.73025156,0.77095041,0.86782171,1.9219827,0.23517762,-0.42457325,0.039954824,0.11859364
"3772",0.60786808,0.68845791,0.69233935,0.84114249,0.87881582,1.3508832,0.27436768,-0.45995194,0.03439688,0.12455297
"3773",0.56352167,0.64837082,0.7279457,0.8240963,0.84372933,1.8277943,0.39612196,-0.3893252,0.027203167,0.12882918
"3774",0.59523369,0.63810462,0.699799,0.78250373,0.83613108,1.7474195,0.336491,-0.38373832,0.030022888,0.12543291
"3775",0.63375078,0.65721222,0.70131509,0.82691858,0.90378988,1.8457222,0.1799068,-0.37846456,0.025587686,0.13339804
"3776",0.74679507,0.70819759,0.72536467,0.74917726,0.88519199,1.9513272,0.26941669,-0.31945759,0.027016183,0.13887765
"3777",0.65382146,0.6624458,0.69070526,0.7807761,0.90654497,2.0468278,0.24646364,-0.33907736,0.026295879,0.14373242
"3778",0.67884421,0.70782896,0.70494583,0.83927186,0.87077696,2.1765811,0.24111391,-0.4110138,0.04045016,0.13337104
"3779",0.67355526,0.64875112,0.73051411,0.74180231,0.89572868,2.6036569,0.26390579,-0.3784459,0.019741287,0.14231039
"3780",0.68976396,0.69014172,0.71969933,0.73105984,0.88828838,2.3172092,0.21184984,-0.39760112,0.022876623,0.13791086
"3781",0.72480551,0.76626097,0.77800702,0.82149446,0.98113814,2.2538429,0.19700218,-0.41513571,0.021041321,0.15083028
"3782",0.64077981,0.65641471,0.67753726,0.79324849,0.86449075,2.277435,0.14086848,-0.41142799,0.030120706,0.1719368
"3783",0.6623051,0.64706551,0.72512378,0.79267506,0.84819796,1.9247778,0.20535599,-0.38892263,0.035602311,0.16699881
"3784",0.64543763,0.65568137,0.71487459,0.95044543,0.89229467,1.7547218,0.20567222,-0.34285137,0.036601338,0.17176802
"3785",0.61731642,0.68611541,0.7085127,0.79423066,0.87477795,1.5753961,0.16261488,-0.3954393,0.040882276,0.17849653
"3786",0.70984404,0.65796385,0.73103765,0.83737629,0.92203411,1.9061956,0.22122745,-0.36877134,0.036296754,0.19549538
"3787",0.6123168,0.61559288,0.66916942,0.74720706,0.88571886,1.7644558,0.16884668,-0.41292585,0.02511842,0.17962089
"3788",0.60822779,0.67620656,0.71979331,0.80137909,0.83943861,1.8509533,0.21063069,-0.4539657,0.019019059,0.18262769
"3789",0.68053033,0.67083233,0.66449132,0.83463913,0.8598412,1.8810931,0.25868482,-0.42361449,0.01600614,0.17522718
"3790",0.63625743,0.68449842,0.68834791,0.79568222,0.89978228,1.8221971,0.22927609,-0.43164512,0.016390682,0.17694619
"3791",0.64923701,0.72968704,0.78183633,0.90298404,0.87955114,1.6027025,0.29178999,-0.43289451,0.02136426,0.18686901
"3792",0.65656756,0.67419786,0.70229167,0.81179744,0.8462106,1.744615,0.26490112,-0.34868914,0.021330662,0.17414199
"3793",0.62993681,0.7114802,0.68210981,0.79546676,0.8382323,1.6253851,0.27732103,-0.36395194,0.032660039,0.17767485
"3794",0.6538736,0.72672522,0.7431268,0.82509076,0.86993591,1.8736617,0.26470589,-0.23903081,0.031922516,0.19444991
"3795",0.68417844,0.6999179,0.72745903,0.85944985,0.88567248,1.8978757,0.25190931,-0.25720657,0.036639207,0.20087655
"3796",0.65766481,0.64762987,0.64072517,0.85290397,0.87465708,2.0662021,0.29630907,-0.19013371,0.016695281,0.19382798
"3797",0.72283718,0.70702806,0.71711666,0.81643515,0.84949011,1.9883569,0.23374087,-0.22716843,0.035191035,0.19188181
"3798",0.65267939,0.62972218,0.74699722,0.83556719,0.91304944,1.8271363,0.19443778,-0.21500097,0.036215412,0.20455713
"3799",0.67042024,0.66661616,0.699185,0.79479854,0.87478808,1.5753165,0.16907577,-0.20982184,0.028462973,0.20746676
"3800",0.77027826,0.76737446,0.69782524,0.88057554,0.87424468,1.7067048,0.14907994,-0.38341306,0.0086214139,0.17616126
"3801",0.66043147,0.67565691,0.75121172,0.84486254,0.91119299,1.6457883,0.13700553,-0.42262857,0.0086184246,0.17289428
"3802",0.7048813,0.71760563,0.65957075,0.81724158,0.82165137,1.7858609,0.20812562,-0.40415147,0.0030195958,0.1604836
"3803",0.69453265,0.67843688,0.71095919,0.88543135,0.87989175,1.4924398,0.21746265,-0.37172226,0.0011475738,0.1733828
"3804",0.67555735,0.75320089,0.70508281,0.91351913,0.92543616,1.4002655,0.20190474,-0.3971256,-0.0064009899,0.17761877
"3805",0.68321169,0.66740786,0.72552329,0.82891208,0.8783865,1.4050437,0.20467465,-0.46367877,0.0036366103,0.17762523
"3806",0.66348322,0.72372139,0.7598001,0.85627198,0.94653748,1.4600515,0.22124022,-0.50197036,-0.0040365653,0.1622757
"3807",0.70124281,0.67737422,0.67864579,0.77693738,0.87453868,1.5774951,0.19985982,-0.4652377,-0.011563792,0.17447428
"3808",0.6956949,0.71982062,0.74641567,0.80655803,0.8973254,1.4085751,0.14431192,-0.47127956,0.0012499232,0.17671624
"3809",0.67760878,0.70704181,0.7321273,0.84740974,0.85547374,1.3875571,0.029232509,-0.3988996,-0.0029794838,0.17756545
"3810",0.64863341,0.67902386,0.68889548,0.78935128,0.85865301,1.5996291,0.083511772,-0.43827555,0.0029519576,0.17176449
"3811",0.68454381,0.71252466,0.77298461,0.85257031,0.92835203,1.3828898,0.19932095,-0.33142363,-0.017284026,0.19908193
"3812",0.6578506,0.63378086,0.70767434,0.81102138,0.94713292,1.2173702,0.27506338,-0.23797915,0.010628437,0.20172629
"3813",0.55409121,0.62270176,0.68255594,0.80179724,0.95377313,1.4625245,0.23836523,-0.30728711,0.0040462192,0.19129037
"3814",0.61163935,0.6742878,0.69466524,0.83650153,0.84593406,1.6245658,0.15659737,-0.36770251,0.0074018516,0.18004837
"3815",0.61497392,0.64969355,0.71578376,0.81577326,1.0011205,1.4532808,0.15365455,-0.30765584,0.010060392,0.17655383
"3816",0.61646743,0.6952017,0.6845251,0.78850188,0.81047357,1.5034516,0.20746329,-0.35401602,0.003483918,0.18035541
"3817",0.59786617,0.65172472,0.6553515,0.76428582,0.91982024,1.3343396,0.24483262,-0.36668497,-0.0010915666,0.1742095
"3818",0.59899296,0.67050734,0.66675944,0.74877258,0.88604771,1.4182826,0.31112637,-0.33034336,-0.0081233788,0.17153377
"3819",0.58991789,0.7030678,0.70828446,0.79101468,0.89801388,1.7432346,0.2596013,-0.36747634,-0.0021740011,0.15979873
"3820",0.5567572,0.65775164,0.78198638,0.77309803,0.91208215,1.6213976,0.22067439,-0.29078156,0.011248828,0.16238625
"3821",0.6685325,0.71247547,0.6828046,0.7776154,0.89350168,1.411813,0.27099944,-0.29940638,0.015787157,0.1605191
"3822",0.61909718,0.67085248,0.74828899,0.80694466,0.90041332,1.4831741,0.29384109,-0.35119778,0.019044552,0.15452663
"3823",0.64009264,0.66029993,0.72741115,0.81759029,0.94972479,1.7254978,0.32586953,-0.33814871,0.033750061,0.13856998
"3824",0.62695808,0.67065048,0.69919951,0.90121734,0.84187985,1.6066981,0.28096037,-0.39682225,0.034346806,0.1414685
"3825",0.66001955,0.66563525,0.76291888,0.84412924,0.95975757,1.5620818,0.27420976,-0.39525458,0.038682165,0.14276927
"3826",0.62483376,0.70771249,0.69185962,0.81888115,0.83633153,1.5807382,0.26592225,-0.42994408,0.034172137,0.14303446
"3827",0.6400804,0.68191903,0.71270925,0.77567202,0.90301002,1.6583867,0.26351924,-0.44043455,0.034655998,0.14326867
"3828",0.6397725,0.6967949,0.71370853,0.81371124,0.85451157,1.7816823,0.2723805,-0.42159844,0.029477428,0.13114407
"3829",0.68737637,0.66456395,0.73952461,0.87188702,0.9331572,2.2366265,0.26213722,-0.28864322,0.029570788,0.13157719
"3830",0.57684215,0.64658444,0.68901219,0.82129681,0.85258655,2.0326013,0.21987722,-0.26066989,0.035092194,0.14606809
"3831",0.61933028,0.58856939,0.65222533,0.89489265,0.77566938,1.941354,0.23712903,-0.26410919,0.037855001,0.14683256
"3832",0.66654746,0.72807143,0.7596464,0.80537423,0.96893716,1.7108523,0.20466962,-0.30716281,0.03021145,0.15079055
"3833",0.69628442,0.69315384,0.73424046,0.82322884,0.94236412,1.8064741,0.29253662,-0.29556696,0.044113118,0.15229775
"3834",0.61537452,0.67644854,0.73276507,0.73827194,0.84782206,1.7033755,0.3433326,-0.31147266,0.049656841,0.15887291
"3835",0.54511665,0.58462985,0.63980431,0.792451,0.83459188,1.9974691,0.35302104,-0.28632833,0.04943076,0.15563948
"3836",0.65994582,0.62082589,0.75041024,0.75345324,0.88697386,1.8824828,0.29708409,-0.3418787,0.030130162,0.15915574
"3837",0.66832972,0.60849611,0.66460778,0.73243065,0.84631318,1.7717138,0.28379501,-0.33986108,0.032136928,0.15512704
"3838",0.71149884,0.66731106,0.64757425,0.78117031,0.81377461,1.8228783,0.21413335,-0.35750701,0.014987953,0.15310857
"3839",0.66553014,0.69794449,0.68609942,0.75624233,0.87920976,1.8485753,0.23935651,-0.41072412,0.01668441,0.15237659
"3840",0.62515881,0.6597439,0.72567924,0.75246388,0.92722006,1.7041146,0.16764668,-0.3394459,0.017588047,0.15069371
"3841",0.70240776,0.68245355,0.72812831,0.80203129,0.89888234,1.2615706,0.29221916,-0.3844007,0.024030455,0.15965987
"3842",0.65625233,0.67577362,0.68510106,0.82750407,0.85893236,1.3082918,0.34491334,-0.39504739,0.025121233,0.14722529
"3843",0.67712527,0.67382765,0.6979034,0.76536072,0.88595914,1.2961276,0.33200035,-0.34887486,0.022219042,0.14702235
"3844",0.67961015,0.73782126,0.76223315,0.77301988,0.88990755,1.1975405,0.27365496,-0.32902431,0.017899453,0.15772163
"3845",0.63951489,0.62060908,0.62249253,0.74907187,0.90093144,1.4285826,0.26157314,-0.42372269,0.01975682,0.15821659
"3846",0.59663136,0.60368926,0.70380854,0.74843301,0.86874239,1.1841516,0.23904455,-0.32682827,0.03103811,0.15265951
"3847",0.59413158,0.64181389,0.6504759,0.72905605,0.79418852,1.3303552,0.23563275,-0.34347525,0.032953332,0.16262936
"3848",0.59692705,0.71755833,0.71254173,0.82681918,0.95541232,1.1317781,0.26318025,-0.36034835,0.036370907,0.16318811
"3849",0.5941082,0.74634625,0.67957258,0.8388804,0.91025739,1.0911834,0.25031403,-0.39804642,0.034756279,0.16208271
"3850",0.7070384,0.69933955,0.76542306,0.86860257,0.85845274,1.3234197,0.26947824,-0.37912398,0.036174521,0.16743789
"3851",0.61584047,0.61863645,0.68675913,0.70380836,0.87744202,1.4873292,0.18127917,-0.35261991,0.032257662,0.16783405
"3852",0.70198721,0.64466957,0.79678142,0.81430597,0.94617684,1.4742123,0.21143716,-0.33590666,0.031760753,0.16298493
"3853",0.71400743,0.63768466,0.79465005,0.79687128,0.94911903,1.4496501,0.19832831,-0.33155332,0.034295255,0.16175286
"3854",0.64781151,0.68999852,0.66815643,0.858653,0.8789763,1.4676981,0.31855707,-0.32950559,0.044097604,0.16069806
"3855",0.64528195,0.64106677,0.69868031,0.80093993,0.93578714,1.6222288,0.34121504,-0.34272365,0.044537661,0.16169797
"3856",0.68756014,0.6668756,0.67251229,0.76888529,0.84740437,1.5397354,0.26311595,-0.36712616,0.040432677,0.16322542
"3857",0.66666124,0.71793965,0.78134397,0.7630033,0.87153179,1.5117703,0.28533945,-0.37442664,0.039073913,0.14872496
"3858",0.67017368,0.66964914,0.64749958,0.71196007,0.88268069,1.51925,0.27204333,-0.5126591,0.033985762,0.14937896
"3859",0.68108569,0.6532616,0.72545945,0.84387976,0.88526375,1.609823,0.28939394,-0.52092848,0.02736329,0.16034974
"3860",0.6784922,0.6966038,0.7484617,0.83476379,0.90131469,1.5719122,0.20260551,-0.67497524,0.056421908,0.15797462
"3861",0.60450087,0.70204608,0.71259031,0.80494723,0.84878508,1.9306226,0.22918845,-0.62134688,0.054303001,0.1576758
"3862",0.64743342,0.66411838,0.67313437,0.78090663,0.89637297,1.1452928,0.26314629,-0.67837072,0.040036292,0.16264147
"3863",0.74622833,0.6552918,0.73634123,0.7484614,0.86768075,1.5374716,0.28385528,-0.5927193,0.031675181,0.16509031
"3864",0.67544013,0.63418034,0.67451301,0.83067664,0.9031385,1.5765811,0.23220201,-0.40350985,0.028969084,0.17433938
"3865",0.6948439,0.65831741,0.71803877,0.7950233,0.88097226,1.6719466,0.080879781,-0.39281948,0.035479417,0.16908567
"3866",0.69815883,0.66811237,0.71356629,0.88390913,0.84067453,1.6203786,0.11351164,-0.41813248,0.025482274,0.16033467
"3867",0.70758212,0.63104845,0.77170203,0.82930659,0.91193805,1.6431314,0.042134875,-0.42727618,0.023846034,0.16410558
"3868",0.67720346,0.70568784,0.77159644,0.87103536,0.84062003,1.7576505,0.036032138,-0.43676633,0.019293931,0.1597892
"3869",0.72213674,0.72708575,0.7311611,0.82964934,0.93333646,1.8456482,0.035210852,-0.42119906,0.022164954,0.16455945
"3870",0.65166367,0.63156411,0.72182849,0.77436156,0.89891297,1.74362,0.23433623,-0.35043019,0.031045808,0.16435379
"3871",0.63715644,0.65160366,0.71650593,0.79023033,0.8933092,1.6076549,0.21681192,-0.33545805,0.034307983,0.15826982
"3872",0.66984419,0.69480197,0.74343966,0.820996,0.87922766,1.6456403,0.22355418,-0.34360553,0.034768888,0.1751091
"3873",0.70817009,0.70828275,0.71085819,0.85085798,0.85431161,1.5883855,0.19907024,-0.36129634,0.032091883,0.16153633
"3874",0.65496138,0.72928182,0.70164472,0.83874621,0.84141627,1.630418,0.19359961,-0.34410399,0.030899287,0.16449518
"3875",0.68563261,0.71143581,0.7045269,0.82834915,0.81794786,1.531917,0.20109893,-0.38223214,0.029228847,0.16668263
"3876",0.68505032,0.68733385,0.72438987,0.78778392,0.81881576,1.8491376,0.23964872,-0.29830869,0.040233465,0.16904816
"3877",0.65931473,0.70901047,0.75572148,0.87472444,0.90282443,1.391537,0.25430702,-0.3353461,0.025784599,0.18771107
"3878",0.72175835,0.74938255,0.74571263,0.86568433,0.97524532,1.7070256,0.31224948,-0.23536606,0.021179511,0.19164952
"3879",0.72702446,0.71825925,0.7978478,0.89373177,0.99120117,1.6149064,0.30169547,-0.22761804,0.021686139,0.19422907
"3880",0.75053115,0.73903776,0.77149799,0.8737703,0.9858158,1.6075102,0.30396837,-0.24663536,0.019794033,0.20020466
"3881",0.61764078,0.6479386,0.72469224,0.77898349,0.81843148,1.6838318,0.23728223,-0.2200495,0.038525046,0.18227724
"3882",0.68188539,0.74494902,0.69294233,0.68688208,0.89585161,1.5182424,0.2204446,-0.15913603,0.045632109,0.17562618
"3883",0.62480341,0.6831964,0.69483606,0.77062595,0.88954645,1.7953946,0.20964844,-0.24466145,0.03645039,0.17430183
"3884",0.73609372,0.76207678,0.7003047,0.86337956,0.98382563,1.5597474,0.16119046,-0.27225446,0.036643149,0.16616839
"3885",0.70989786,0.70028335,0.82040049,0.84729856,0.91743054,1.614147,0.18136017,-0.33085791,0.02844285,0.16116069
"3886",0.69470046,0.73037252,0.69935106,0.87478098,0.93555662,1.8373046,0.15332946,-0.41176474,0.030024683,0.16710064
"3887",0.66599281,0.7087847,0.77366962,0.77309095,0.91779322,2.1261304,0.19946412,-0.35942769,0.025393899,0.17057541
"3888",0.6259445,0.70194654,0.69775018,0.82577353,0.96930922,1.7480308,0.17262059,-0.43345345,0.020971713,0.17272366
"3889",0.70243651,0.68638838,0.69165755,0.77675439,0.87016743,2.1564218,0.24321625,-0.34931577,0.022850964,0.16302127
"3890",0.66980159,0.68198392,0.72175583,0.8308717,0.8636465,1.8984938,0.24680095,-0.33724642,0.023006066,0.16058071
"3891",0.66934525,0.6810794,0.70440847,0.86306394,0.9362885,1.4810115,0.22848041,-0.36696459,0.025509587,0.16047979
"3892",0.71318021,0.68533789,0.79594315,0.86885059,0.92040133,1.542579,0.13603213,-0.34522606,0.026396372,0.16304642
"3893",0.68412143,0.76113025,0.68396158,0.78869243,0.86609452,1.6029227,0.0065701039,-0.38935057,0.030497911,0.16995588
"3894",0.7041905,0.72054392,0.77333739,0.78440959,0.83348793,1.5299343,0.024855049,-0.3667327,0.027401676,0.16643683
"3895",0.64479363,0.68262657,0.79752345,0.85151703,0.86435889,1.5303807,0.114029,-0.32640343,0.020789583,0.17974405
"3896",0.67067672,0.72383578,0.70281601,0.85351947,0.8730605,1.5507235,0.21728208,-0.40643827,0.025690527,0.18063695
"3897",0.69116297,0.71189355,0.70002544,0.88589759,0.87103998,1.3360285,0.14604848,-0.41882989,0.026821501,0.18149971
"3898",0.61880947,0.68813703,0.70829241,0.84065506,0.8509935,1.4814111,0.31054875,-0.3863003,0.024134686,0.16358946
"3899",0.65511621,0.71350576,0.72168847,0.83527667,0.85600249,1.5108343,0.43769213,-0.38090804,0.026167677,0.16595159
"3900",0.61215754,0.65846138,0.70699717,0.89854771,0.95093782,1.2688599,0.32682122,-0.38059084,0.020276529,0.16655566
"3901",0.68451059,0.637727,0.67833374,0.81223471,0.79881356,1.4649022,0.38469676,-0.42171392,0.0051727867,0.16392394
"3902",0.56765567,0.67485565,0.70306689,0.79019415,0.91269773,1.7078872,0.28115845,-0.45368027,0.0082150221,0.15013028
"3903",0.62109194,0.66515966,0.71500092,0.74964101,0.86843344,1.8625696,0.37544839,-0.42653465,0.008882664,0.14677008
"3904",0.60178922,0.69689891,0.73173891,0.76016516,0.88161163,1.6360024,0.34789205,-0.44460561,0.01413052,0.14426666
"3905",0.67712861,0.60276059,0.71544837,0.92886861,0.88814237,1.3637384,0.30561897,-0.47390372,0.016725082,0.15403745
"3906",0.69199497,0.63825918,0.70717727,0.90181294,0.87960366,1.3806548,0.32025559,-0.48957543,0.010922905,0.15740412
"3907",0.66372034,0.70374036,0.73104383,0.71682836,0.93151189,1.2381662,0.34437922,-0.4301802,0.013255296,0.1550468
"3908",0.64031451,0.63632992,0.71731151,0.84167564,0.85436822,1.016606,0.33504246,-0.41830237,0.016374642,0.17955887
"3909",0.64599556,0.75815853,0.70710487,0.87252047,0.84021803,1.5350694,0.24911078,-0.34126269,0.021376734,0.17127621
"3910",0.72074052,0.69218665,0.76911323,0.90979109,0.93818351,1.4700527,0.18851516,-0.36772302,0.02638329,0.15611608
"3911",0.70198118,0.71134946,0.68876882,0.93388257,0.95451991,1.6249783,0.21868526,-0.33830891,0.032152201,0.16216629
"3912",0.67981479,0.73535545,0.77324612,0.83310407,0.89280254,1.4669515,0.24863967,-0.32754158,0.038050505,0.16546731
"3913",0.66515572,0.80680338,0.70034345,0.82180382,0.90492724,1.5866497,0.32071181,-0.33012365,0.032114863,0.1652325
"3914",0.65408524,0.69416595,0.69836164,0.80197196,0.85591645,1.5270079,0.29532816,-0.29633579,0.02556581,0.16326409
"3915",0.63903103,0.61864436,0.77016833,0.87219349,0.92736832,1.774339,0.30514491,-0.3817938,0.02624462,0.16399372
"3916",0.58382543,0.65515619,0.78067223,0.83561909,0.90016116,1.7315911,0.28182,-0.40025424,0.021510821,0.15943597
"3917",0.62069155,0.72170088,0.6815871,0.88428887,0.89424646,1.5832399,0.23819717,-0.42748343,0.017159706,0.14935918
"3918",0.73365398,0.69943442,0.73691987,0.86364712,0.94393749,1.763198,0.2371015,-0.50726743,0.01648799,0.15006757
"3919",0.65716164,0.72150968,0.75541594,0.8177617,0.89567074,1.7934168,0.19708619,-0.50329481,0.023177535,0.16126887
"3920",0.69525243,0.65859409,0.69758743,0.78764386,0.86758133,1.986844,0.18780355,-0.51420151,0.0098659911,0.15431401
"3921",0.78443541,0.6945908,0.75538167,0.84636517,0.92724359,1.784976,0.17850245,-0.46633075,0.012987343,0.14542745
"3922",0.69378356,0.72599343,0.78377016,0.80033051,0.90794441,1.844102,0.2083322,-0.48258463,0.007940074,0.14426189
"3923",0.69571595,0.63866362,0.71231852,0.82329084,0.8754115,1.9667782,0.1877111,-0.55106562,0.0069733975,0.14744448
"3924",0.6385168,0.66259634,0.73029742,0.73504001,0.85924442,2.2042179,0.22243836,-0.53257059,0.015009341,0.15261946
"3925",0.65436825,0.64714978,0.65879943,0.82947504,0.87168356,1.880868,0.13199053,-0.56368666,0.012814805,0.15779841
"3926",0.64684657,0.67153295,0.77629318,0.80674683,0.90726987,1.6489789,0.13488107,-0.50354583,0.01143524,0.15748474
"3927",0.70085425,0.66526157,0.6642692,0.76352325,0.87539107,1.6412237,0.094407408,-0.45954398,0.010346566,0.17603322
"3928",0.66834293,0.7104214,0.67286486,0.83163779,0.88790791,1.6495931,0.10800287,-0.52626295,0.012172496,0.16930988
"3929",0.64015181,0.62797202,0.76564088,0.89230803,0.84914509,1.5087623,0.24634726,-0.56035989,0.029211727,0.15905416
"3930",0.62900628,0.61794839,0.74550245,0.88476156,0.84006593,1.3543257,0.19670049,-0.54359439,0.035143996,0.1573512
"3931",0.6037678,0.73934732,0.7627598,0.82645804,0.94678129,1.623397,0.17067177,-0.48822258,0.034585508,0.15637945
"3932",0.74215466,0.64321358,0.72912272,0.86870975,0.89475802,1.6290272,0.21376909,-0.52136075,0.039100813,0.16275358
"3933",0.6719985,0.64988315,0.67742981,0.82392152,0.90460457,1.5070427,0.13034941,-0.50418451,0.036878206,0.15804335
"3934",0.75019234,0.62386146,0.71919498,0.76838318,0.88430713,1.2988267,0.11361849,-0.48348078,0.035014786,0.16023889
"3935",0.64500841,0.70145796,0.69636615,0.77875083,0.8762893,0.90070964,0.056278368,-0.50103939,0.033286057,0.17022467
"3936",0.61793772,0.68469279,0.70088603,0.84163123,0.87544813,1.2162995,0.079646066,-0.38226917,0.031267742,0.16309339
"3937",0.64997331,0.69481898,0.71456968,0.83649955,0.88314843,1.2884501,0.028583325,-0.3760985,0.026867228,0.16026739
"3938",0.67637178,0.58886795,0.74494044,0.83079751,0.86331252,1.232007,0.16250451,-0.39573887,0.027989688,0.16341007
"3939",0.64918765,0.63675622,0.66569788,0.75605752,0.87925074,1.4638222,0.19449295,-0.42587594,0.028795917,0.1686307
"3940",0.63281639,0.65774679,0.65955297,0.75824933,0.86988878,1.4231748,0.15260805,-0.43725327,0.02909014,0.17209306
"3941",0.64999859,0.75932723,0.71148773,0.83147713,0.94037717,1.509948,0.20036369,-0.35042011,0.01599283,0.16391161
"3942",0.65375262,0.70456807,0.69327092,0.92061715,0.90912466,1.5989951,0.17704666,-0.32233611,0.018293821,0.16552041
"3943",0.61929338,0.6833437,0.66434917,0.86279834,0.91689258,1.6930437,0.17151201,-0.3327542,0.022701392,0.16145295
"3944",0.69388186,0.69733993,0.76892704,0.74605009,0.8823711,1.2509255,0.22376886,-0.37657621,0.023752559,0.15963028
"3945",0.72317896,0.6151816,0.67749938,0.90902773,0.87871564,1.3924801,0.15384046,-0.42810426,0.038030487,0.17355356
"3946",0.62345612,0.73935068,0.73083867,0.76923335,0.85249101,1.5539692,0.19538365,-0.31617754,0.038595173,0.17098096
"3947",0.57478756,0.66921234,0.6731746,0.76550735,0.85479383,2.1660628,0.20474764,-0.31151368,0.028161143,0.17744195
"3948",0.68357952,0.69422904,0.76289171,0.87079965,0.87151399,1.8709171,0.20617078,-0.26677398,0.021287166,0.14915938
"3949",0.76109501,0.71732775,0.77152855,0.85200428,0.97859901,1.637718,0.1533594,-0.27297058,0.016747724,0.14605246
"3950",0.65853711,0.69464198,0.64614256,0.85997888,0.84758688,1.9272272,0.17696828,-0.32862583,0.0153166,0.15273386
"3951",0.70835705,0.72068126,0.73849367,0.80867729,0.92126094,1.5770855,0.16705133,-0.33546411,0.0038869434,0.15538076
"3952",0.6674482,0.66719133,0.68019982,0.80021085,0.78559657,2.2527685,0.3564133,-0.34808136,0.0057285228,0.13375843
"3953",0.60622508,0.63631072,0.76063081,0.79079399,0.89679245,2.3542476,0.31525045,-0.378079,0.02004522,0.14098434
"3954",0.69807625,0.69607363,0.63612089,0.77587615,0.87594881,2.1506809,0.30475044,-0.25002467,0.017574813,0.14794534
"3955",0.66024746,0.72891351,0.74386434,0.79973441,0.91458516,1.9196094,0.25653917,-0.26023241,0.024232319,0.14911111
"3956",0.67450369,0.69378735,0.70170017,0.75443543,0.85306046,1.7053991,0.28073722,-0.31552669,0.014735808,0.14411278
"3957",0.68665775,0.63090098,0.725611,0.87251483,0.88882158,1.4124681,0.32253932,-0.27406533,0.015700547,0.14436841
"3958",0.68790282,0.65746139,0.70532825,0.7926084,0.88997943,1.4764492,0.23176066,-0.30642523,0.0036418566,0.14689239
"3959",0.64217733,0.6066231,0.7271568,0.85129629,0.93271516,1.2595571,0.15907684,-0.45819813,-0.0024900899,0.16269201
"3960",0.69186121,0.64966353,0.75373286,0.88330065,0.92415886,1.3301473,0.16041223,-0.47725497,-0.0014929572,0.16175025
"3961",0.653832,0.61198802,0.69501078,0.83614185,0.87326454,1.7004146,0.18726217,-0.51072159,0.0072066231,0.16849063
"3962",0.61468583,0.72604686,0.71831052,0.77700467,0.91465839,1.6250075,0.20344839,-0.49230734,0.0066706649,0.16789581
"3963",0.60702361,0.7263174,0.69219268,0.77519114,0.87910382,1.8166104,0.20331736,-0.48833718,0.0044145593,0.17412297
"3964",0.63344099,0.71617493,0.74248107,0.80943724,0.87826296,1.8751927,0.2754603,-0.49420713,0.00058977685,0.17138285
"3965",0.64954905,0.8077227,0.65877981,0.90329995,0.92411248,1.6003553,0.17035853,-0.4393592,0.0035067321,0.16652729
"3966",0.62884086,0.71558067,0.72245302,0.86232858,0.86434038,1.8111572,0.26470728,-0.42939976,0.012693778,0.16761975
"3967",0.65118422,0.73060545,0.764821,0.86368774,0.83252905,1.5318113,0.26802283,-0.43709382,0.017441009,0.16916935
"3968",0.61126129,0.77051358,0.70506678,0.89162312,0.95713216,1.5247864,0.20537076,-0.46342204,0.0093682024,0.17775317
"3969",0.66163628,0.67599707,0.76790183,0.81289887,0.87140019,1.1354594,0.27123406,-0.43542948,0.014899097,0.17484057
"3970",0.72352652,0.7081993,0.70887206,0.83627641,0.9269656,1.2628754,0.2639966,-0.47849519,0.021860934,0.17445736
"3971",0.72216084,0.64791624,0.72525059,0.7882622,0.83758503,1.315988,0.26378566,-0.43712842,0.024325808,0.15868441
"3972",0.71185728,0.63249951,0.74203614,0.83160298,0.91072603,1.5111789,0.30186342,-0.42129241,0.028059402,0.16272824
"3973",0.70514883,0.61854813,0.70734379,0.79343163,0.91595196,1.5534618,0.3186784,-0.51050827,0.033694319,0.17382528
"3974",0.71281924,0.58213564,0.7446417,0.79903491,0.93373334,1.5578039,0.28196183,-0.46522215,0.033690856,0.17269005
"3975",0.66619612,0.59942562,0.67993982,0.7569647,0.93573323,1.4724152,0.27025385,-0.50033361,0.031854931,0.1670347
"3976",0.66554759,0.60032146,0.69541562,0.77491853,0.93821826,1.7274434,0.25943404,-0.42531851,0.031472753,0.16852868
"3977",0.63810608,0.67740496,0.70732004,0.78210522,0.81036282,1.5706197,0.19667761,-0.46240652,0.041440865,0.15846934
"3978",0.68218624,0.68298435,0.72096532,0.79269318,0.84688058,1.584666,0.21143663,-0.45824472,0.034937739,0.15687276
"3979",0.63379523,0.67659359,0.65428769,0.7309576,0.86768499,1.5454213,0.17467584,-0.52874562,0.031971947,0.15280774
"3980",0.74280376,0.71530098,0.75013805,0.97407796,0.97110843,1.4340881,0.27376139,-0.29384938,0.033082177,0.15848788
"3981",0.70145835,0.7448853,0.7657265,0.83998413,0.9135944,1.1740733,0.22756106,-0.33865009,0.023329139,0.16153229
"3982",0.67954869,0.67180481,0.69790699,0.83844592,0.89897793,1.5553425,0.29549656,-0.35173018,0.027522405,0.17855934
"3983",0.68512364,0.74088535,0.72116075,0.88704879,0.89626647,1.4899794,0.22298467,-0.44577416,0.033051629,0.16423134
"3984",0.6495182,0.71710942,0.74607677,0.93817991,0.92612715,1.5032801,0.19257804,-0.3362563,0.032913823,0.17299847
"3985",0.66197519,0.69369077,0.85463956,0.84081359,0.90651158,1.4068745,0.22701275,-0.39346565,0.037493701,0.17805545
"3986",0.70424977,0.69346685,0.70644383,0.81591895,0.90365536,1.4129173,0.22955171,-0.3055507,0.041694703,0.1929383
"3987",0.61005579,0.7560054,0.7080837,0.76801416,0.83598957,1.6775931,0.24188424,-0.32388047,0.031630222,0.1814863
"3988",0.63450182,0.69813487,0.68618181,0.82904887,0.96244048,1.5995575,0.16276923,-0.27410016,0.023659856,0.18057516
"3989",0.63303407,0.67977513,0.7622501,0.77731494,0.8287026,1.8700753,0.27235072,-0.33287266,0.03732103,0.1778987
"3990",0.59607051,0.74498361,0.69995148,0.87309076,0.94940184,2.0336859,0.23162582,-0.33868383,0.0346525,0.16278245
"3991",0.65011538,0.61896326,0.71821483,0.81569398,0.86222378,2.3805542,0.19260088,-0.38879305,0.048981997,0.16706688
"3992",0.61168266,0.75379801,0.6763636,0.80731629,0.90710585,2.2468839,0.19309302,-0.38559173,0.046263706,0.16394178
"3993",0.59985157,0.75296797,0.66322673,0.81602264,0.91135093,2.2907806,0.19477316,-0.36497822,0.044552256,0.16435948
"3994",0.63410522,0.62672062,0.66649564,0.84891147,0.83922347,1.8287275,0.23070009,-0.34556806,0.031136205,0.1704302
"3995",0.69623659,0.71982861,0.81912125,0.89788989,0.91571273,1.3387404,0.19453204,-0.46663478,0.039143792,0.15214004
"3996",0.6714242,0.71458135,0.71470873,0.81210154,0.92958312,1.4584351,0.23251647,-0.42894157,0.043117814,0.15217439
"3997",0.71056312,0.70559028,0.72602587,0.75349153,0.84752064,1.5507722,0.29553206,-0.34748661,0.039732958,0.15682418
"3998",0.73464993,0.63524039,0.69502213,0.85978724,0.87619723,1.6596882,0.30300606,-0.34985228,0.035203296,0.16812656
"3999",0.73006484,0.65792409,0.72974666,0.88843938,0.85841362,1.8671139,0.32931782,-0.2961903,0.037531128,0.16477821
"4000",0.6722864,0.70914769,0.73742173,0.83476369,0.90268311,1.321371,0.35829532,-0.40453661,0.027651419,0.15054327
